real1,0,0,100,0.95,s,EPP-SL,0,0,0,0,0,0,0,0,0,0,0,0,0,0,0,0,0,0,0,0,0,0,0,0,0,0,0,0,0,0,0,0,0,0,0,0,0,0,0,0,0,0,0,0,0,0,0,0,0,0,0,0,0,0,0,0,0,0,0,0,0,0,0,0,0,0,0,0,0,0,0,0,0,0,0,0,0,0,0,0,0,0,0,0,0,0,0,0
real1,0,0,100,0.99,s,EPP-SL,0,0,0,0,0,0,0,0,0,0,0,0,0,0,0,0,0,0,0,0,0,0,0,0,0,0,0,0,0,0,0,0,0,0,0,0,0,0,0,0,0,0,0,0,0,0,0,0,0,0,0,0,0,0,0,0,0,0,0,0,0,0,0,0,0,0,0,0,0,0,0,0,0,0,0,0,0,0,0,0,0,0,0,0,0,0,0,0
real1,0,0,100,1.03,s,EPP-SL,0,0,0,0,0,0,0,0,0,0,0,0,0,0,0,0,0,0,0,0,0,0,0,0,0,0,0,0,0,0,0,0,0,0,0,0,0,0,0,0,0,0,0,0,0,0,0,0,0,0,0,0,0,0,0,0,0,0,0,0,0,0,0,0,0,0,0,0,0,0,0,0,0,0,0,0,0,0,0,0,0,0,0,0,0,0,0,0
real1,0,0,70,0.95,s,EPP-SL,13,12,58,15,60,56,67,76,11,46,4,87,10,80,64,83,57,63,52,78,79,39,33,1,14,62,61,73,84,50,59,44,27,29,81,86,85,70,9,35,77,66,51,7,71,6,72,8,68,74,88,75,69,41,82,48,53,65,54,0,0,0,0,0,0,0,0,0,0,0,0,0,0,0,0,0,0,0,0,0,0,0,0,0,0,0,0,0
real1,0,0,70,0.99,s,EPP-SL,15,10,39,11,88,67,56,44,7,32,75,13,4,64,50,87,20,79,58,84,5,60,57,1,14,54,63,8,83,33,72,70,23,48,66,46,76,29,12,71,34,73,27,9,41,6,81,2,3,78,68,82,61,22,53,31,51,62,35,0,0,0,0,0,0,0,0,0,0,0,0,0,0,0,0,0,0,0,0,0,0,0,0,0,0,0,0,0
real1,0,0,70,1.03,s,EPP-SL,15,10,36,14,66,35,23,32,7,64,25,8,6,18,33,27,54,24,63,53,5,84,21,1,11,67,39,13,22,50,83,87,37,28,16,56,30,41,12,68,57,3,19,2,51,9,46,4,20,26,44,34,70,73,29,48,17,43,31,0,0,0,0,0,0,0,0,0,0,0,0,0,0,0,0,0,0,0,0,0,0,0,0,0,0,0,0,0
real1,0,0,75,0.95,s,EPP-SL,67,53,68,9,77,62,56,72,76,15,74,34,10,12,63,78,73,57,75,8,43,79,29,4,48,61,60,1,7,84,88,46,59,58,39,27,80,41,82,6,35,83,52,64,71,13,54,87,14,70,33,51,11,86,81,69,85,66,32,50,65,44,0,0,0,0,0,0,0,0,0,0,0,0,0,0,0,0,0,0,0,0,0,0,0,0,0,0
real1,0,0,75,0.99,s,EPP-SL,66,51,83,13,57,20,44,68,35,15,63,60,6,12,81,64,73,72,79,9,19,56,58,23,31,78,88,1,7,87,53,33,71,32,48,30,22,54,3,67,2,34,8,62,5,4,82,10,14,50,39,41,11,46,84,80,76,29,61,27,75,70,0,0,0,0,0,0,0,0,0,0,0,0,0,0,0,0,0,0,0,0,0,0,0,0,0,0
real1,0,0,75,1.03,s,EPP-SL,35,17,27,8,48,87,44,50,53,7,64,43,15,12,24,41,22,67,46,3,81,16,63,57,37,54,39,1,6,13,29,30,36,68,28,84,51,66,5,32,2,83,9,79,19,4,34,10,14,20,21,31,11,56,33,70,26,23,25,18,82,73,0,0,0,0,0,0,0,0,0,0,0,0,0,0,0,0,0,0,0,0,0,0,0,0,0,0
real1,0,0,80,0.95,s,EPP-SL,66,67,78,13,9,52,58,51,71,54,69,36,73,7,8,12,61,50,84,33,85,83,22,75,68,32,37,27,15,77,74,1,11,70,46,4,48,34,31,88,57,59,82,86,10,81,29,49,53,72,6,44,87,14,60,76,65,80,79,62,64,43,35,56,39,63,55,41,0,0,0,0,0,0,0,0,0,0,0,0,0,0,0,0,0,0,0,0
real1,0,0,80,0.99,s,EPP-SL,29,27,56,10,6,61,71,35,46,67,78,36,5,15,13,12,70,64,87,39,20,8,16,82,44,59,19,23,7,48,72,1,11,68,54,60,31,37,17,51,88,34,3,41,4,73,75,80,50,81,2,76,9,14,32,66,62,79,83,63,84,43,57,53,30,33,58,22,0,0,0,0,0,0,0,0,0,0,0,0,0,0,0,0,0,0,0,0
real1,0,0,80,1.03,s,EPP-SL,35,23,33,8,13,70,48,46,50,24,26,82,5,15,12,6,39,18,27,68,87,10,42,53,32,71,60,28,7,21,36,1,11,17,54,84,37,61,81,44,64,83,3,34,2,22,63,58,16,31,4,66,9,14,67,19,25,56,20,30,41,79,43,29,57,51,76,73,0,0,0,0,0,0,0,0,0,0,0,0,0,0,0,0,0,0,0,0
real1,0,0,85,0.95,s,EPP-SL,53,51,56,87,8,39,69,46,54,80,74,32,79,13,82,10,61,75,67,33,58,12,22,86,72,30,49,27,48,59,50,7,6,1,78,41,43,29,42,31,63,57,77,88,84,68,52,83,55,76,15,73,62,81,14,85,66,71,65,11,60,64,34,4,70,36,44,37,9,35,0,0,0,0,0,0,0,0,0,0,0,0,0,0,0,0,0,0
real1,0,0,85,0.99,s,EPP-SL,44,27,50,87,5,80,71,81,79,46,57,36,84,6,4,8,54,82,66,34,78,15,19,70,67,37,52,61,39,31,64,12,9,1,35,20,60,62,59,16,41,72,48,83,13,56,23,73,30,33,7,2,88,3,14,32,53,29,58,11,63,68,43,75,51,17,22,86,10,76,0,0,0,0,0,0,0,0,0,0,0,0,0,0,0,0,0,0
real1,0,0,85,1.03,s,EPP-SL,50,51,53,22,4,79,83,56,30,24,48,81,19,9,5,2,26,73,29,70,87,15,60,46,33,38,61,57,21,43,23,6,10,1,41,68,25,36,71,42,32,66,37,16,3,27,63,8,82,35,14,13,67,20,7,64,17,18,28,11,39,31,76,84,44,52,34,58,12,54,0,0,0,0,0,0,0,0,0,0,0,0,0,0,0,0,0,0
real1,0,0,90,0.95,s,EPP-SL,51,75,86,82,79,14,34,52,58,41,57,7,39,22,88,8,73,6,48,61,67,43,68,10,83,30,72,38,5,49,9,27,4,56,13,70,80,35,31,29,20,36,12,63,69,65,53,46,66,76,37,45,78,15,62,84,74,81,11,77,64,44,55,85,50,59,54,47,32,71,40,60,42,87,33,0,0,0,0,0,0,0,0,0,0,0,0,0
real1,0,0,90,0.99,s,EPP-SL,44,67,79,83,5,14,16,60,32,54,76,10,62,24,27,8,2,13,31,63,51,75,87,6,73,49,35,52,59,30,12,23,80,1,15,84,64,57,17,61,36,69,9,82,34,58,56,88,4,50,43,53,85,46,70,3,78,66,11,39,29,33,19,22,41,72,68,86,48,81,37,20,7,74,71,0,0,0,0,0,0,0,0,0,0,0,0,0
real1,0,0,90,1.03,s,EPP-SL,56,18,34,22,5,14,76,79,30,67,54,15,25,58,33,9,3,8,21,39,41,70,29,2,16,78,32,61,59,82,12,28,84,1,10,17,53,36,81,57,72,62,6,31,68,43,23,73,13,35,42,27,52,24,66,20,83,4,7,48,19,46,38,87,50,26,44,71,63,51,60,64,11,49,37,0,0,0,0,0,0,0,0,0,0,0,0,0
real1,0,0,95,0.95,s,EPP-SL,54,80,86,82,79,22,87,39,58,62,41,13,49,10,38,76,8,68,73,33,57,70,34,48,88,20,74,64,72,23,19,36,7,55,52,75,12,83,78,61,29,42,43,5,24,6,71,69,31,51,4,53,37,66,40,35,15,60,67,65,81,11,77,56,63,30,85,9,59,44,45,32,50,3,46,14,47,84,27,0,0,0,0,0,0,0,0,0
real1,0,0,95,0.99,s,EPP-SL,64,54,81,84,51,86,15,60,71,76,20,6,43,13,18,68,4,73,2,62,78,27,23,61,66,24,63,56,35,49,65,37,10,17,30,33,12,3,67,82,48,36,80,85,52,8,22,31,58,44,1,50,59,83,69,70,11,72,53,39,5,7,75,29,41,16,88,9,34,79,42,19,46,77,32,14,74,87,57,0,0,0,0,0,0,0,0,0
real1,0,0,95,1.03,s,EPP-SL,24,18,51,27,3,58,9,79,68,36,87,2,76,1,62,35,4,29,8,48,54,44,25,28,16,49,64,41,56,40,72,61,10,63,42,34,6,13,32,46,37,71,82,45,59,15,31,84,57,33,39,19,60,22,75,30,11,66,17,83,5,7,70,23,73,38,67,12,21,50,78,81,53,52,26,14,88,20,43,0,0,0,0,0,0,0,0,0
real2,0,0,100,0.95,s,EPP-SL,0,0,0,0,0,0,0,0,0,0,0,0,0,0,0,0,0,0,0,0,0,0,0,0,0,0,0,0,0,0,0,0,0,0,0,0,0,0,0,0,0,0,0,0,0,0,0,0,0,0,0,0,0,0,0,0,0,0,0,0,0,0,0,0,0,0,0,0,0,0,0,0,0,0,0,0,0,0,0,0,0,0,0,0,0,0,0,0
real2,0,0,100,0.99,s,EPP-SL,0,0,0,0,0,0,0,0,0,0,0,0,0,0,0,0,0,0,0,0,0,0,0,0,0,0,0,0,0,0,0,0,0,0,0,0,0,0,0,0,0,0,0,0,0,0,0,0,0,0,0,0,0,0,0,0,0,0,0,0,0,0,0,0,0,0,0,0,0,0,0,0,0,0,0,0,0,0,0,0,0,0,0,0,0,0,0,0
real2,0,0,100,1.03,s,EPP-SL,0,0,0,0,0,0,0,0,0,0,0,0,0,0,0,0,0,0,0,0,0,0,0,0,0,0,0,0,0,0,0,0,0,0,0,0,0,0,0,0,0,0,0,0,0,0,0,0,0,0,0,0,0,0,0,0,0,0,0,0,0,0,0,0,0,0,0,0,0,0,0,0,0,0,0,0,0,0,0,0,0,0,0,0,0,0,0,0
real2,0,0,70,0.95,s,EPP-SL,86,84,48,78,65,23,36,41,17,80,55,82,19,83,32,39,12,59,22,79,77,49,26,1,18,31,81,47,68,29,51,40,8,70,88,74,76,75,64,67,60,33,44,20,43,61,63,54,66,25,87,37,24,85,21,53,57,52,45,0,0,0,0,0,0,0,0,0,0,0,0,0,0,0,0,0,0,0,0,0,0,0,0,0,0,0,0,0
real2,0,0,70,0.99,s,EPP-SL,78,84,26,19,45,3,9,41,17,5,65,39,47,24,44,23,40,15,42,68,33,51,55,1,18,31,37,64,82,2,59,43,48,83,36,25,57,29,20,75,63,12,77,21,22,8,88,61,54,16,32,66,79,6,86,87,11,74,10,0,0,0,0,0,0,0,0,0,0,0,0,0,0,0,0,0,0,0,0,0,0,0,0,0,0,0,0,0
real2,0,0,70,1.03,s,EPP-SL,20,12,45,19,86,16,29,78,18,43,48,9,2,25,32,21,68,44,30,64,39,88,51,1,17,26,13,23,15,24,66,40,34,59,47,84,82,22,3,77,57,11,36,8,54,5,41,6,10,14,61,7,75,37,33,27,4,42,31,0,0,0,0,0,0,0,0,0,0,0,0,0,0,0,0,0,0,0,0,0,0,0,0,0,0,0,0,0
real2,0,0,75,0.95,s,EPP-SL,41,21,44,54,52,25,59,83,57,51,56,64,61,20,43,87,88,48,74,77,8,33,42,26,67,19,31,85,18,84,75,65,53,80,58,60,37,12,68,47,55,82,70,23,45,86,81,39,17,63,36,24,78,29,79,62,76,66,22,32,49,40,0,0,0,0,0,0,0,0,0,0,0,0,0,0,0,0,0,0,0,0,0,0,0,0,0,0
real2,0,0,75,0.99,s,EPP-SL,41,54,68,64,63,45,44,9,29,18,26,52,78,47,25,66,8,75,22,21,42,82,74,55,59,43,40,1,20,33,86,37,87,5,51,48,10,16,12,77,39,79,23,53,11,84,15,61,17,36,6,88,19,31,32,83,57,3,65,2,30,24,0,0,0,0,0,0,0,0,0,0,0,0,0,0,0,0,0,0,0,0,0,0,0,0,0,0
real2,0,0,75,1.03,s,EPP-SL,64,36,78,8,77,68,29,84,25,19,40,75,3,2,31,22,23,37,26,12,34,33,48,42,57,45,13,1,20,47,61,44,59,82,38,28,41,43,11,6,30,9,88,10,32,5,54,21,17,15,14,24,18,86,39,51,66,4,27,16,63,7,0,0,0,0,0,0,0,0,0,0,0,0,0,0,0,0,0,0,0,0,0,0,0,0,0,0
real2,0,0,80,0.95,s,EPP-SL,32,21,23,84,82,26,24,74,43,40,19,22,78,56,88,64,12,63,68,25,76,39,11,83,41,38,15,70,18,51,53,20,54,44,31,8,52,58,46,57,81,67,66,45,47,77,49,69,36,37,86,85,61,17,65,33,60,59,87,80,75,62,55,79,42,29,50,48,0,0,0,0,0,0,0,0,0,0,0,0,0,0,0,0,0,0,0,0
real2,0,0,80,0.99,s,EPP-SL,54,68,77,47,64,65,75,25,10,15,26,55,33,20,39,78,16,44,86,79,40,61,49,66,32,30,46,51,18,6,48,1,19,11,45,74,63,67,53,82,43,59,12,88,23,8,42,52,3,22,21,37,84,17,57,9,83,24,41,5,36,81,87,29,38,2,76,31,0,0,0,0,0,0,0,0,0,0,0,0,0,0,0,0,0,0,0,0
real2,0,0,80,1.03,s,EPP-SL,22,16,33,21,2,42,30,25,31,44,66,51,11,3,12,20,40,24,47,45,86,6,28,84,15,38,49,48,18,14,77,1,19,78,26,34,59,63,79,29,37,88,10,32,8,23,75,53,4,41,9,43,5,17,68,64,27,54,39,82,61,52,57,36,46,7,55,13,0,0,0,0,0,0,0,0,0,0,0,0,0,0,0,0,0,0,0,0
real2,0,0,85,0.95,s,EPP-SL,79,32,43,88,82,62,22,74,81,65,20,49,16,64,39,61,25,37,21,52,85,19,11,40,57,30,15,26,24,55,75,84,47,23,87,31,70,60,50,38,44,80,53,41,77,36,42,68,46,83,18,54,48,66,17,76,33,45,8,78,12,29,58,67,59,56,63,69,86,51,0,0,0,0,0,0,0,0,0,0,0,0,0,0,0,0,0,0
real2,0,0,85,0.99,s,EPP-SL,77,9,68,61,33,65,63,24,25,15,87,30,41,21,12,47,5,31,54,48,75,19,49,37,29,67,76,53,79,51,44,78,84,1,11,57,55,83,38,60,66,45,59,3,8,82,74,86,81,10,17,23,40,64,18,16,36,88,42,20,6,32,56,26,2,52,22,46,39,43,0,0,0,0,0,0,0,0,0,0,0,0,0,0,0,0,0,0
real2,0,0,85,1.03,s,EPP-SL,22,32,61,47,5,63,88,7,44,31,59,49,39,8,10,2,13,41,78,42,82,3,46,86,64,65,87,51,14,48,84,20,12,1,36,43,75,77,28,55,25,68,30,15,9,33,34,23,52,24,18,11,37,6,17,45,4,16,27,19,66,29,53,57,54,38,26,79,21,40,0,0,0,0,0,0,0,0,0,0,0,0,0,0,0,0,0,0
real2,0,0,90,0.95,s,EPP-SL,45,37,87,77,68,19,15,49,85,48,12,20,62,72,75,61,33,47,55,81,41,8,39,84,88,38,29,16,30,56,78,22,60,74,64,23,59,51,46,26,50,34,86,40,53,70,36,65,66,44,58,73,32,18,31,21,25,54,17,67,79,63,11,80,83,52,57,10,42,43,9,76,69,82,24,0,0,0,0,0,0,0,0,0,0,0,0,0
real2,0,0,90,0.99,s,EPP-SL,15,25,66,33,54,17,76,83,43,16,31,21,52,58,29,39,86,61,75,40,32,51,12,19,56,82,44,38,67,1,20,65,53,18,84,41,77,79,49,74,34,60,47,22,26,55,11,5,23,68,81,8,80,2,6,3,78,48,36,87,9,10,30,57,37,63,88,85,42,24,46,45,62,64,59,0,0,0,0,0,0,0,0,0,0,0,0,0
real2,0,0,90,1.03,s,EPP-SL,29,44,54,23,10,19,79,75,26,13,86,3,51,83,78,21,9,5,14,37,61,63,39,8,47,60,41,46,50,52,12,27,48,1,20,64,84,30,28,34,56,55,2,25,77,42,16,82,15,36,49,33,74,7,40,11,57,6,18,59,4,32,38,68,24,66,22,65,88,31,53,43,17,87,45,0,0,0,0,0,0,0,0,0,0,0,0,0
real2,0,0,95,0.95,s,EPP-SL,29,40,63,68,23,15,78,56,51,48,80,86,46,64,28,57,77,41,54,53,25,79,42,60,88,34,31,21,45,9,27,38,20,70,26,81,47,82,87,74,55,50,11,35,16,84,59,8,62,32,12,66,30,36,71,37,18,67,33,22,75,17,49,44,83,69,85,61,24,65,73,58,43,10,76,19,72,39,52,0,0,0,0,0,0,0,0,0
real2,0,0,95,0.99,s,EPP-SL,45,15,22,41,33,38,39,76,40,59,26,20,65,84,14,44,8,68,23,63,43,77,55,83,82,27,75,86,24,80,62,60,47,81,49,25,21,12,32,88,42,67,30,34,70,64,37,74,53,29,57,11,56,54,50,2,18,5,3,51,36,17,87,9,10,46,16,78,48,66,58,52,31,13,6,19,85,61,79,0,0,0,0,0,0,0,0,0
real2,0,0,95,1.03,s,EPP-SL,32,31,41,78,11,52,20,79,14,45,40,3,49,21,62,22,9,47,6,75,68,64,51,48,10,74,66,61,7,60,50,46,8,28,34,86,2,1,36,54,57,53,63,76,56,5,25,77,27,29,13,33,87,39,83,24,19,43,15,88,4,18,59,16,44,55,82,12,30,84,58,38,26,65,37,17,67,23,42,0,0,0,0,0,0,0,0,0
real3,0,0,100,0.95,s,EPP-SL,0,0,0,0,0,0,0,0,0,0,0,0,0,0,0,0,0,0,0,0,0,0,0,0,0,0,0,0,0,0,0,0,0,0,0,0,0,0,0,0,0,0,0,0,0,0,0,0,0,0,0,0,0,0,0,0,0,0,0,0,0,0,0,0,0,0,0,0,0,0,0,0,0,0,0,0,0,0,0,0,0,0,0,0,0,0,0,0
real3,0,0,100,0.99,s,EPP-SL,0,0,0,0,0,0,0,0,0,0,0,0,0,0,0,0,0,0,0,0,0,0,0,0,0,0,0,0,0,0,0,0,0,0,0,0,0,0,0,0,0,0,0,0,0,0,0,0,0,0,0,0,0,0,0,0,0,0,0,0,0,0,0,0,0,0,0,0,0,0,0,0,0,0,0,0,0,0,0,0,0,0,0,0,0,0,0,0
real3,0,0,100,1.03,s,EPP-SL,0,0,0,0,0,0,0,0,0,0,0,0,0,0,0,0,0,0,0,0,0,0,0,0,0,0,0,0,0,0,0,0,0,0,0,0,0,0,0,0,0,0,0,0,0,0,0,0,0,0,0,0,0,0,0,0,0,0,0,0,0,0,0,0,0,0,0,0,0,0,0,0,0,0,0,0,0,0,0,0,0,0,0,0,0,0,0,0
real3,0,0,70,0.95,s,EPP-SL,57,61,43,85,73,55,31,78,66,68,24,64,77,42,80,32,20,79,11,88,56,15,27,1,65,71,45,84,81,21,22,13,48,52,37,9,29,87,46,60,62,76,39,44,63,82,83,33,30,19,58,17,70,72,86,75,28,74,40,0,0,0,0,0,0,0,0,0,0,0,0,0,0,0,0,0,0,0,0,0,0,0,0,0,0,0,0,0
real3,0,0,70,0.99,s,EPP-SL,85,44,45,65,55,4,39,20,77,78,68,37,57,80,31,46,42,29,2,56,30,52,79,1,66,12,88,82,84,22,43,87,60,3,17,58,8,15,32,24,63,13,21,33,76,61,86,9,64,5,19,40,71,27,28,72,11,83,81,0,0,0,0,0,0,0,0,0,0,0,0,0,0,0,0,0,0,0,0,0,0,0,0,0,0,0,0,0
real3,0,0,70,1.03,s,EPP-SL,13,5,55,9,84,31,19,22,2,14,88,33,17,39,28,44,56,7,35,61,66,43,45,1,4,40,10,30,46,85,76,24,26,80,21,27,16,77,11,58,86,8,57,32,6,3,82,15,37,18,20,29,81,42,65,25,12,87,64,0,0,0,0,0,0,0,0,0,0,0,0,0,0,0,0,0,0,0,0,0,0,0,0,0,0,0,0,0
real3,0,0,75,0.95,s,EPP-SL,87,28,76,64,15,68,78,39,17,77,71,54,82,57,72,40,32,45,9,46,48,58,11,35,75,19,13,1,65,81,88,21,60,20,24,62,42,73,37,55,44,27,61,70,30,84,29,33,66,86,22,79,85,83,80,52,43,56,69,31,74,63,0,0,0,0,0,0,0,0,0,0,0,0,0,0,0,0,0,0,0,0,0,0,0,0,0,0
real3,0,0,75,0.99,s,EPP-SL,28,13,84,85,63,87,39,76,20,33,12,71,57,32,22,40,30,8,29,46,2,64,26,52,79,88,55,1,44,37,15,80,3,45,72,16,58,78,17,81,61,43,77,83,4,9,86,82,66,11,24,56,65,27,31,73,5,21,60,19,68,42,0,0,0,0,0,0,0,0,0,0,0,0,0,0,0,0,0,0,0,0,0,0,0,0,0,0
real3,0,0,75,1.03,s,EPP-SL,57,28,37,33,55,56,77,22,82,3,24,78,17,13,29,85,65,84,64,44,45,61,23,63,76,58,16,1,9,15,46,39,43,18,35,87,10,42,8,31,11,81,32,80,20,5,40,30,4,21,26,12,2,27,66,86,14,19,88,6,25,7,0,0,0,0,0,0,0,0,0,0,0,0,0,0,0,0,0,0,0,0,0,0,0,0,0,0
real3,0,0,80,0.95,s,EPP-SL,31,28,88,84,61,24,75,40,42,17,19,35,81,77,46,82,29,21,32,22,72,33,59,83,86,12,26,70,85,15,27,1,65,76,13,48,60,49,36,56,45,52,30,79,64,37,62,69,58,63,57,68,44,66,71,78,11,55,87,20,39,54,43,80,53,9,74,73,0,0,0,0,0,0,0,0,0,0,0,0,0,0,0,0,0,0,0,0
real3,0,0,80,0.99,s,EPP-SL,31,19,64,46,61,72,79,22,29,80,63,48,84,33,85,57,8,86,30,3,87,32,25,39,4,35,73,68,65,5,83,1,44,21,55,60,45,16,18,20,78,24,17,40,9,37,71,62,11,76,82,42,77,66,88,28,2,81,15,27,56,10,43,13,26,58,52,12,0,0,0,0,0,0,0,0,0,0,0,0,0,0,0,0,0,0,0,0
real3,0,0,80,1.03,s,EPP-SL,12,19,21,44,33,87,43,85,39,6,45,36,15,2,11,13,42,27,65,26,14,17,23,22,28,88,63,80,9,18,58,3,1,57,24,86,76,79,78,37,10,81,8,29,30,66,35,48,31,7,5,40,32,4,84,77,25,82,61,16,46,52,55,20,60,64,68,56,0,0,0,0,0,0,0,0,0,0,0,0,0,0,0,0,0,0,0,0
real3,0,0,85,0.95,s,EPP-SL,31,28,63,33,30,69,75,29,42,9,22,36,80,61,46,44,13,21,88,15,73,82,12,83,39,25,26,70,52,60,87,85,57,1,58,45,24,11,53,67,55,43,62,56,32,76,74,37,49,17,66,64,19,81,65,71,86,40,48,77,68,79,54,27,78,59,72,35,84,20,0,0,0,0,0,0,0,0,0,0,0,0,0,0,0,0,0,0
real3,0,0,85,0.99,s,EPP-SL,11,15,40,37,30,73,24,42,58,80,72,10,21,85,82,32,45,29,31,43,8,44,16,86,22,35,14,68,3,79,81,33,61,1,19,5,60,83,26,6,20,88,63,28,9,64,52,46,25,4,66,17,78,84,65,87,13,39,2,57,12,56,48,71,76,18,27,62,77,55,0,0,0,0,0,0,0,0,0,0,0,0,0,0,0,0,0,0
real3,0,0,85,1.03,s,EPP-SL,7,61,77,66,8,63,55,10,39,27,86,72,21,5,65,32,56,29,57,25,24,3,52,64,31,23,68,87,26,81,20,13,17,1,22,14,88,76,71,60,6,58,43,46,44,37,80,33,36,12,9,15,16,30,4,84,19,82,35,2,42,85,78,45,28,48,40,79,11,18,0,0,0,0,0,0,0,0,0,0,0,0,0,0,0,0,0,0
real3,0,0,90,0.95,s,EPP-SL,72,9,79,76,33,66,59,70,13,45,20,65,74,50,31,61,32,46,22,19,28,35,37,57,53,80,42,12,51,1,82,11,62,77,84,87,40,60,54,24,4,47,44,83,43,48,88,71,56,58,49,81,67,17,29,30,85,15,86,75,78,63,26,73,21,52,55,36,69,39,25,68,38,64,27,0,0,0,0,0,0,0,0,0,0,0,0,0
real3,0,0,90,0.99,s,EPP-SL,22,39,58,84,46,65,26,83,12,42,55,33,60,7,31,9,37,61,43,27,21,68,13,32,64,48,20,36,10,73,57,2,16,1,77,56,86,5,35,52,6,14,85,80,24,72,15,88,82,11,25,28,62,81,78,17,63,30,44,45,4,29,18,87,40,79,76,75,71,19,49,8,66,70,3,0,0,0,0,0,0,0,0,0,0,0,0,0
real3,0,0,90,1.03,s,EPP-SL,22,7,85,46,66,9,78,87,42,10,84,13,88,73,19,5,44,33,43,24,61,63,21,3,37,60,29,62,48,79,11,45,25,1,32,20,27,81,23,80,71,34,17,64,58,86,28,40,8,57,36,30,83,6,56,15,18,65,2,76,12,39,52,16,77,55,82,68,35,31,38,14,4,72,26,0,0,0,0,0,0,0,0,0,0,0,0,0
real3,0,0,95,0.95,s,EPP-SL,40,17,79,87,30,25,84,74,45,60,22,57,26,82,34,78,32,56,64,52,19,31,35,11,80,47,73,88,42,18,4,67,61,59,69,71,77,33,58,83,15,53,54,16,41,46,9,75,24,55,43,86,36,81,51,63,65,13,76,48,28,66,62,39,21,12,68,44,70,72,38,49,29,8,20,85,50,37,27,0,0,0,0,0,0,0,0,0
real3,0,0,95,0.99,s,EPP-SL,40,76,81,21,28,25,61,60,45,8,78,9,18,57,69,20,46,64,82,24,55,56,52,3,13,36,87,84,1,54,49,48,32,35,68,86,85,37,39,80,72,6,26,23,7,33,29,71,16,15,12,11,62,17,74,27,66,43,4,2,31,44,79,19,22,10,88,77,83,42,75,73,58,14,5,65,70,30,63,0,0,0,0,0,0,0,0,0
real3,0,0,95,1.03,s,EPP-SL,39,6,29,57,8,48,32,63,42,14,58,11,79,17,75,77,15,65,30,43,84,61,35,80,28,54,56,37,7,34,53,68,3,23,78,10,2,33,12,40,45,60,88,38,62,13,27,86,87,20,16,19,71,46,73,22,1,76,66,55,21,4,81,31,64,36,24,5,26,82,72,52,85,49,18,9,83,44,25,0,0,0,0,0,0,0,0,0
real4,0,0,100,0.95,s,EPP-SL,0,0,0,0,0,0,0,0,0,0,0,0,0,0,0,0,0,0,0,0,0,0,0,0,0,0,0,0,0,0,0,0,0,0,0,0,0,0,0,0,0,0,0,0,0,0,0,0,0,0,0,0,0,0,0,0,0,0,0,0,0,0,0,0,0,0,0,0,0,0,0,0,0,0,0,0,0,0,0,0,0,0,0,0,0,0,0,0
real4,0,0,100,0.99,s,EPP-SL,0,0,0,0,0,0,0,0,0,0,0,0,0,0,0,0,0,0,0,0,0,0,0,0,0,0,0,0,0,0,0,0,0,0,0,0,0,0,0,0,0,0,0,0,0,0,0,0,0,0,0,0,0,0,0,0,0,0,0,0,0,0,0,0,0,0,0,0,0,0,0,0,0,0,0,0,0,0,0,0,0,0,0,0,0,0,0,0
real4,0,0,100,1.03,s,EPP-SL,0,0,0,0,0,0,0,0,0,0,0,0,0,0,0,0,0,0,0,0,0,0,0,0,0,0,0,0,0,0,0,0,0,0,0,0,0,0,0,0,0,0,0,0,0,0,0,0,0,0,0,0,0,0,0,0,0,0,0,0,0,0,0,0,0,0,0,0,0,0,0,0,0,0,0,0,0,0,0,0,0,0,0,0,0,0,0,0
real4,0,0,70,0.95,s,EPP-SL,78,80,43,85,53,44,38,49,65,31,28,76,83,81,48,70,40,54,47,82,71,32,34,1,84,56,50,79,86,51,27,46,35,25,62,74,66,73,57,30,55,60,39,67,88,68,87,58,77,36,63,72,52,69,75,59,42,64,61,0,0,0,0,0,0,0,0,0,0,0,0,0,0,0,0,0,0,0,0,0,0,0,0,0,0,0,0,0
real4,0,0,70,0.99,s,EPP-SL,67,27,53,65,79,15,48,32,57,35,20,83,68,62,19,39,71,60,74,78,30,7,56,1,84,51,43,85,80,28,86,63,77,50,25,36,9,11,58,54,61,18,23,38,34,42,76,31,44,8,49,40,73,46,70,33,21,75,6,0,0,0,0,0,0,0,0,0,0,0,0,0,0,0,0,0,0,0,0,0,0,0,0,0,0,0,0,0
real4,0,0,70,1.03,s,EPP-SL,15,3,84,6,58,34,12,20,2,67,83,18,7,65,42,27,35,44,26,38,23,80,46,1,9,48,29,19,30,13,68,40,60,62,21,14,49,39,11,43,70,10,17,8,57,4,24,5,25,22,32,36,51,33,31,37,28,50,16,0,0,0,0,0,0,0,0,0,0,0,0,0,0,0,0,0,0,0,0,0,0,0,0,0,0,0,0,0
real4,0,0,75,0.95,s,EPP-SL,42,60,77,76,64,56,82,81,88,84,50,33,80,57,61,63,79,46,87,58,47,38,25,23,66,36,30,1,83,86,71,40,32,69,28,21,72,27,62,68,34,67,55,44,48,78,53,70,65,73,43,74,85,54,75,59,31,49,35,39,52,51,0,0,0,0,0,0,0,0,0,0,0,0,0,0,0,0,0,0,0,0,0,0,0,0,0,0
real4,0,0,75,0.99,s,EPP-SL,25,18,44,85,50,86,11,49,76,57,79,52,58,27,9,40,30,46,36,68,33,70,24,72,77,43,63,1,38,80,32,6,75,54,20,61,60,35,31,83,53,42,73,21,78,67,28,39,65,23,8,62,84,34,15,56,71,19,7,48,74,51,0,0,0,0,0,0,0,0,0,0,0,0,0,0,0,0,0,0,0,0,0,0,0,0,0,0
real4,0,0,75,1.03,s,EPP-SL,30,25,31,19,46,48,42,13,34,9,67,60,7,8,36,39,27,35,40,4,37,28,83,54,70,29,49,1,11,21,23,65,43,22,53,51,58,33,10,16,3,84,15,80,17,5,14,18,6,32,26,57,2,44,38,62,68,20,50,12,85,24,0,0,0,0,0,0,0,0,0,0,0,0,0,0,0,0,0,0,0,0,0,0,0,0,0,0
real4,0,0,80,0.95,s,EPP-SL,49,77,82,78,57,28,32,61,53,54,83,52,84,33,79,67,46,88,62,27,30,58,19,87,44,41,15,66,85,59,64,80,86,42,40,47,43,21,18,48,36,34,60,72,68,71,35,45,38,81,70,56,76,65,69,75,55,74,63,50,73,29,25,39,23,51,37,31,0,0,0,0,0,0,0,0,0,0,0,0,0,0,0,0,0,0,0,0
real4,0,0,80,0.99,s,EPP-SL,25,15,23,68,67,56,77,62,76,36,73,52,80,58,27,38,9,6,31,75,35,85,69,60,78,7,24,74,84,8,50,1,57,48,79,61,86,29,47,49,51,54,30,11,42,18,33,81,19,40,39,46,83,65,71,32,20,34,70,43,21,82,53,44,17,28,72,63,0,0,0,0,0,0,0,0,0,0,0,0,0,0,0,0,0,0,0,0
real4,0,0,80,1.03,s,EPP-SL,42,12,25,18,4,50,51,14,13,16,60,56,21,9,19,8,29,36,27,43,35,3,47,65,31,54,76,37,2,22,68,11,1,38,48,62,46,71,78,28,58,70,10,44,7,23,80,53,30,24,5,67,15,6,40,20,26,57,32,33,39,85,84,17,63,34,83,49,0,0,0,0,0,0,0,0,0,0,0,0,0,0,0,0,0,0,0,0
real4,0,0,85,0.95,s,EPP-SL,39,48,82,86,58,28,43,54,40,51,47,37,77,67,62,78,56,61,75,32,50,83,21,53,73,19,29,59,64,34,88,65,80,1,81,30,55,27,18,15,87,69,52,42,70,71,35,60,33,63,84,76,46,79,57,66,38,49,23,85,31,74,45,25,44,24,72,41,68,36,0,0,0,0,0,0,0,0,0,0,0,0,0,0,0,0,0,0
real4,0,0,85,0.99,s,EPP-SL,40,11,76,85,39,20,75,34,36,6,61,24,23,27,31,68,43,51,44,73,54,38,47,9,78,52,29,74,56,86,62,58,42,1,32,63,33,53,37,69,48,46,77,25,30,70,72,83,66,19,57,18,71,80,65,35,15,49,7,84,8,60,81,50,21,17,28,82,67,79,0,0,0,0,0,0,0,0,0,0,0,0,0,0,0,0,0,0
real4,0,0,85,1.03,s,EPP-SL,28,12,39,27,5,50,60,14,44,58,62,61,30,4,21,3,35,40,38,43,33,8,47,24,13,56,52,83,26,84,57,9,15,1,20,29,80,46,53,54,16,48,51,31,10,32,85,19,76,17,2,18,67,23,6,68,25,36,37,11,22,42,63,70,34,78,65,71,7,49,0,0,0,0,0,0,0,0,0,0,0,0,0,0,0,0,0,0
real4,0,0,90,0.95,s,EPP-SL,53,81,88,77,71,84,37,28,69,40,31,67,33,9,63,58,62,70,32,50,49,25,79,83,86,15,51,22,17,59,80,35,47,82,85,73,87,27,19,23,20,24,68,48,43,21,42,30,76,38,45,29,74,65,46,60,36,75,57,64,44,61,18,66,39,52,72,26,55,54,11,56,41,78,34,0,0,0,0,0,0,0,0,0,0,0,0,0
real4,0,0,90,0.99,s,EPP-SL,62,6,28,83,31,65,82,72,8,71,35,27,61,37,19,67,44,39,75,63,78,33,80,42,66,25,48,10,29,1,58,7,74,38,68,32,34,54,52,20,17,59,57,60,53,56,49,79,30,23,81,15,69,11,51,18,84,73,70,77,21,40,47,46,9,50,76,87,24,36,64,43,88,85,86,0,0,0,0,0,0,0,0,0,0,0,0,0
real4,0,0,90,1.03,s,EPP-SL,12,36,44,19,10,6,76,80,35,40,48,8,60,79,32,18,21,4,43,58,39,62,30,15,23,47,24,41,45,78,7,26,85,1,11,28,65,70,63,53,71,61,3,13,22,83,17,29,5,38,54,27,75,14,49,25,51,31,9,68,20,16,37,67,42,84,57,73,50,34,52,33,2,56,46,0,0,0,0,0,0,0,0,0,0,0,0,0
real4,0,0,95,0.95,s,EPP-SL,40,69,74,62,73,29,80,33,43,56,50,68,23,83,6,63,86,60,70,52,30,44,19,34,71,17,66,38,53,9,11,59,67,55,45,88,85,79,82,87,25,15,28,8,16,58,81,32,18,39,31,49,24,75,26,51,84,46,42,35,77,57,64,48,61,41,36,78,47,72,20,37,54,14,27,65,22,76,21,0,0,0,0,0,0,0,0,0
real4,0,0,95,0.99,s,EPP-SL,34,40,51,32,23,37,58,82,54,86,53,42,47,67,64,78,31,18,85,56,63,19,24,73,70,10,46,21,62,1,41,69,27,72,7,79,68,83,49,60,77,29,74,26,45,39,36,20,81,48,35,25,66,15,88,9,65,43,30,75,44,57,50,11,6,17,71,38,33,76,55,52,28,59,8,84,87,80,61,0,0,0,0,0,0,0,0,0
real4,0,0,95,1.03,s,EPP-SL,44,16,34,25,17,52,11,76,67,29,35,8,78,15,74,39,18,38,21,46,22,57,50,84,27,45,43,42,65,41,86,56,7,54,83,12,3,5,20,48,51,63,53,73,75,4,40,80,85,28,14,23,71,30,61,13,2,33,31,70,10,6,60,32,24,47,68,9,26,58,79,37,36,72,49,1,77,19,62,0,0,0,0,0,0,0,0,0
real5,0,0,100,0.95,s,EPP-SL,0,0,0,0,0,0,0,0,0,0,0,0,0,0,0,0,0,0,0,0,0,0,0,0,0,0,0,0,0,0,0,0,0,0,0,0,0,0,0,0,0,0,0,0,0,0,0,0,0,0,0,0,0,0,0,0,0,0,0,0,0,0,0,0,0,0,0,0,0,0,0,0,0,0,0,0,0,0,0,0,0,0,0,0,0,0,0,0
real5,0,0,100,0.99,s,EPP-SL,0,0,0,0,0,0,0,0,0,0,0,0,0,0,0,0,0,0,0,0,0,0,0,0,0,0,0,0,0,0,0,0,0,0,0,0,0,0,0,0,0,0,0,0,0,0,0,0,0,0,0,0,0,0,0,0,0,0,0,0,0,0,0,0,0,0,0,0,0,0,0,0,0,0,0,0,0,0,0,0,0,0,0,0,0,0,0,0
real5,0,0,100,1.03,s,EPP-SL,0,0,0,0,0,0,0,0,0,0,0,0,0,0,0,0,0,0,0,0,0,0,0,0,0,0,0,0,0,0,0,0,0,0,0,0,0,0,0,0,0,0,0,0,0,0,0,0,0,0,0,0,0,0,0,0,0,0,0,0,0,0,0,0,0,0,0,0,0,0,0,0,0,0,0,0,0,0,0,0,0,0,0,0,0,0,0,0
real5,0,0,70,0.95,s,EPP-SL,86,88,68,83,58,63,53,65,80,5,27,85,15,64,52,81,57,49,35,66,54,7,55,1,79,47,60,87,16,38,9,72,10,37,11,6,56,62,82,61,48,14,74,84,76,78,67,13,77,71,75,59,69,73,12,51,50,70,40,0,0,0,0,0,0,0,0,0,0,0,0,0,0,0,0,0,0,0,0,0,0,0,0,0,0,0,0,0
real5,0,0,70,0.99,s,EPP-SL,86,83,73,80,59,65,54,38,13,2,48,88,12,53,52,84,3,62,37,75,5,61,27,1,15,56,67,82,77,10,57,64,58,72,16,49,74,7,78,47,35,6,87,14,66,79,40,11,81,60,50,4,85,8,76,51,9,71,63,0,0,0,0,0,0,0,0,0,0,0,0,0,0,0,0,0,0,0,0,0,0,0,0,0,0,0,0,0
real5,0,0,70,1.03,s,EPP-SL,80,16,57,13,59,84,8,54,12,56,58,7,14,53,87,83,27,52,30,77,88,31,37,1,15,75,66,79,78,65,64,63,60,76,3,40,67,85,5,74,72,9,81,6,49,11,62,2,4,35,82,50,73,47,86,19,10,48,38,0,0,0,0,0,0,0,0,0,0,0,0,0,0,0,0,0,0,0,0,0,0,0,0,0,0,0,0,0
real5,0,0,75,0.95,s,EPP-SL,54,16,65,82,69,60,53,74,66,9,10,88,13,78,56,67,77,5,40,87,7,50,30,37,35,80,47,58,79,86,52,64,68,61,31,32,72,71,14,6,81,51,12,70,11,84,73,85,15,76,62,48,83,59,63,36,57,75,27,38,55,49,0,0,0,0,0,0,0,0,0,0,0,0,0,0,0,0,0,0,0,0,0,0,0,0,0,0
real5,0,0,75,0.99,s,EPP-SL,50,5,54,86,47,76,63,38,40,12,59,48,83,79,62,53,16,2,66,11,35,85,37,69,58,56,60,1,13,84,77,10,72,57,51,27,74,67,6,82,73,88,71,9,65,14,4,78,15,7,8,75,80,49,81,68,64,87,61,52,55,3,0,0,0,0,0,0,0,0,0,0,0,0,0,0,0,0,0,0,0,0,0,0,0,0,0,0
real5,0,0,75,1.03,s,EPP-SL,3,4,81,80,58,67,38,77,50,12,47,31,11,6,63,54,78,27,40,79,48,84,28,30,57,74,35,1,13,86,82,62,60,66,25,19,49,59,7,8,5,64,16,73,10,2,53,83,15,9,76,87,14,75,88,37,56,85,51,52,72,65,0,0,0,0,0,0,0,0,0,0,0,0,0,0,0,0,0,0,0,0,0,0,0,0,0,0
real5,0,0,80,0.95,s,EPP-SL,53,52,63,88,84,70,69,73,6,49,80,48,79,31,81,13,57,56,16,35,72,77,8,64,74,4,28,27,83,9,61,86,87,75,40,7,51,32,25,65,47,68,14,76,85,12,37,46,54,67,78,71,82,15,58,11,10,59,66,60,62,36,55,50,30,38,29,5,0,0,0,0,0,0,0,0,0,0,0,0,0,0,0,0,0,0,0,0
real5,0,0,80,0.99,s,EPP-SL,81,52,87,83,86,61,57,75,62,40,73,30,16,12,11,79,3,10,85,8,74,78,37,66,50,32,31,35,80,27,47,1,13,7,64,71,58,55,28,65,59,72,6,53,82,84,51,69,5,4,14,67,88,15,76,77,48,63,38,56,9,36,60,54,25,49,68,2,0,0,0,0,0,0,0,0,0,0,0,0,0,0,0,0,0,0,0,0
real5,0,0,80,1.03,s,EPP-SL,81,87,88,11,79,73,74,54,40,49,76,51,7,6,16,14,56,38,86,35,59,80,32,65,85,17,20,30,12,60,72,1,13,77,27,48,58,28,25,8,75,57,3,53,5,78,31,36,10,50,2,66,83,15,67,9,37,62,84,63,82,55,64,4,19,52,61,47,0,0,0,0,0,0,0,0,0,0,0,0,0,0,0,0,0,0,0,0
real5,0,0,85,0.95,s,EPP-SL,40,6,53,54,81,70,48,56,59,64,13,7,4,88,14,84,47,73,50,27,60,86,30,72,66,41,46,37,69,35,87,79,78,65,74,9,10,68,28,29,62,57,55,52,16,75,36,85,25,38,80,12,58,77,15,61,11,67,31,83,71,76,45,51,63,8,49,32,82,5,0,0,0,0,0,0,0,0,0,0,0,0,0,0,0,0,0,0
real5,0,0,85,0.99,s,EPP-SL,7,9,38,84,6,51,61,74,49,10,58,19,87,78,11,83,64,66,81,8,59,80,25,3,63,36,31,37,35,27,62,79,86,1,52,60,48,72,30,28,40,76,73,5,16,54,55,82,69,50,13,85,56,88,15,67,77,75,71,12,2,65,68,47,53,32,4,70,14,57,0,0,0,0,0,0,0,0,0,0,0,0,0,0,0,0,0,0
real5,0,0,85,1.03,s,EPP-SL,40,10,52,7,3,48,57,49,63,65,76,51,86,80,2,16,47,53,88,60,59,13,36,62,50,20,25,31,37,58,81,14,11,1,38,56,28,73,17,29,54,67,72,9,4,84,30,79,71,8,12,83,66,78,15,74,82,85,19,6,35,77,61,64,87,32,75,55,5,27,0,0,0,0,0,0,0,0,0,0,0,0,0,0,0,0,0,0
real5,0,0,90,0.95,s,EPP-SL,49,53,67,77,12,80,30,70,71,57,5,86,55,25,50,82,54,85,51,47,62,10,16,83,81,42,6,4,41,32,78,27,37,56,88,87,76,9,28,7,34,33,79,40,69,36,63,58,65,75,8,45,64,15,60,11,61,14,13,68,52,66,46,73,59,48,74,44,31,38,29,72,43,84,35,0,0,0,0,0,0,0,0,0,0,0,0,0
real5,0,0,90,0.99,s,EPP-SL,3,4,10,81,84,80,36,35,74,64,56,15,51,19,54,78,5,88,47,67,50,37,77,79,20,85,49,29,34,1,14,61,71,13,82,52,62,27,69,48,32,25,12,38,57,55,9,59,11,65,30,16,70,40,76,6,83,72,87,58,7,75,31,60,53,73,63,46,68,66,28,2,17,86,8,0,0,0,0,0,0,0,0,0,0,0,0,0
real5,0,0,90,1.03,s,EPP-SL,54,38,50,78,4,12,32,37,59,47,75,80,19,20,85,79,2,16,57,27,82,28,9,5,88,29,53,21,24,51,14,31,30,1,6,84,49,35,61,48,23,55,11,52,74,73,10,67,7,81,17,83,71,40,56,3,64,86,15,76,77,8,25,66,87,60,65,36,72,62,18,63,13,68,58,0,0,0,0,0,0,0,0,0,0,0,0,0
real5,0,0,95,0.95,s,EPP-SL,64,38,76,77,75,8,86,70,61,58,68,12,28,83,19,66,87,65,81,51,57,63,30,27,16,42,71,50,67,34,44,25,88,36,32,49,82,85,53,73,7,29,46,3,39,78,40,37,31,74,47,14,45,52,43,6,13,60,54,55,11,15,69,62,72,4,9,79,48,56,33,10,59,20,5,80,41,84,35,0,0,0,0,0,0,0,0,0
real5,0,0,95,0.99,s,EPP-SL,74,10,62,87,77,25,86,69,73,56,47,12,51,83,24,7,6,16,11,35,76,75,30,48,9,1,67,85,3,33,23,28,79,31,68,66,78,84,38,64,8,19,37,41,34,88,49,58,36,52,60,54,32,81,20,4,13,2,5,71,50,15,72,65,53,70,59,14,61,40,46,55,63,17,57,80,29,82,27,0,0,0,0,0,0,0,0,0
real5,0,0,95,1.03,s,EPP-SL,63,38,75,86,82,36,79,28,59,27,67,6,61,80,26,10,3,9,2,37,35,87,25,48,85,18,74,88,49,23,24,55,16,19,31,50,11,7,1,62,60,20,51,21,34,5,54,57,30,8,66,84,71,81,68,52,15,56,4,72,78,13,76,77,53,17,64,14,73,40,29,32,65,22,47,12,69,83,58,0,0,0,0,0,0,0,0,0
