real1,0,0,100,0.95,s,EPP-SL
real1,0,0,100,0.99,s,EPP-SL
real1,0,0,100,1.03,s,EPP-SL
real1,0,0,70,0.95,s,EPP-SL,(4_1_1_1_13),(5_1_1_1_12),(7_1_1_1_58),(8_1_1_1_15),(9_1_1_1_60),(10_1_1_1_56),(11_1_1_1_67),(12_2_1_1_76),(13_2_1_1_11),(14_2_1_1_46),(16_2_1_1_4),(17_2_1_1_87),(19_2_1_1_10),(21_2_1_1_80),(22_2_1_1_64),(23_3_2_1_83),(24_3_2_1_57),(25_3_2_1_63),(29_3_2_1_52),(30_3_2_1_78),(32_3_2_1_79),(33_3_2_1_39),(34_4_2_1_33),(35_4_2_1_1),(36_4_2_1_14),(38_4_2_1_62),(39_4_2_1_61),(43_4_2_1_73),(44_4_2_1_84),(45_5_3_2_50),(47_5_3_2_59),(48_5_3_2_44),(49_5_3_2_27),(50_5_3_2_29),(52_5_3_2_81),(53_5_3_2_86),(54_5_3_2_85),(56_6_3_2_70),(57_6_3_2_9),(59_6_3_2_35),(62_6_3_2_77),(63_6_3_2_66),(65_6_3_2_51),(66_6_3_2_7),(68_7_4_2_71),(69_7_4_2_6),(71_7_4_2_72),(72_7_4_2_8),(73_7_4_2_68),(74_7_4_2_74),(75_7_4_2_88),(78_8_4_2_75),(80_8_4_2_69),(81_8_4_2_41),(82_8_4_2_82),(83_8_4_2_48),(84_8_4_2_53),(86_8_4_2_65),(88_8_4_2_54)
real1,0,0,70,0.99,s,EPP-SL,(4_1_1_1_15),(5_1_1_1_10),(7_1_1_1_39),(8_1_1_1_11),(9_1_1_1_88),(10_1_1_1_67),(11_1_1_1_56),(12_2_1_1_44),(13_2_1_1_7),(14_2_1_1_32),(16_2_1_1_75),(17_2_1_1_13),(19_2_1_1_4),(21_2_1_1_64),(22_2_1_1_50),(23_3_2_1_87),(24_3_2_1_20),(25_3_2_1_79),(29_3_2_1_58),(30_3_2_1_84),(32_3_2_1_5),(33_3_2_1_60),(34_4_2_1_57),(35_4_2_1_1),(36_4_2_1_14),(38_4_2_1_54),(39_4_2_1_63),(43_4_2_1_8),(44_4_2_1_83),(45_5_3_2_33),(47_5_3_2_72),(48_5_3_2_70),(49_5_3_2_23),(50_5_3_2_48),(52_5_3_2_66),(53_5_3_2_46),(54_5_3_2_76),(56_6_3_2_29),(57_6_3_2_12),(59_6_3_2_71),(62_6_3_2_34),(63_6_3_2_73),(65_6_3_2_27),(66_6_3_2_9),(68_7_4_2_41),(69_7_4_2_6),(71_7_4_2_81),(72_7_4_2_2),(73_7_4_2_3),(74_7_4_2_78),(75_7_4_2_68),(78_8_4_2_82),(80_8_4_2_61),(81_8_4_2_22),(82_8_4_2_53),(83_8_4_2_31),(84_8_4_2_51),(86_8_4_2_62),(88_8_4_2_35)
real1,0,0,70,1.03,s,EPP-SL,(4_1_1_1_15),(5_1_1_1_10),(7_1_1_1_36),(8_1_1_1_14),(9_1_1_1_66),(10_1_1_1_35),(11_1_1_1_23),(12_2_1_1_32),(13_2_1_1_7),(14_2_1_1_64),(16_2_1_1_25),(17_2_1_1_8),(19_2_1_1_6),(21_2_1_1_18),(22_2_1_1_33),(23_3_2_1_27),(24_3_2_1_54),(25_3_2_1_24),(29_3_2_1_63),(30_3_2_1_53),(32_3_2_1_5),(33_3_2_1_84),(34_4_2_1_21),(35_4_2_1_1),(36_4_2_1_11),(38_4_2_1_67),(39_4_2_1_39),(43_4_2_1_13),(44_4_2_1_22),(45_5_3_2_50),(47_5_3_2_83),(48_5_3_2_87),(49_5_3_2_37),(50_5_3_2_28),(52_5_3_2_16),(53_5_3_2_56),(54_5_3_2_30),(56_6_3_2_41),(57_6_3_2_12),(59_6_3_2_68),(62_6_3_2_57),(63_6_3_2_3),(65_6_3_2_19),(66_6_3_2_2),(68_7_4_2_51),(69_7_4_2_9),(71_7_4_2_46),(72_7_4_2_4),(73_7_4_2_20),(74_7_4_2_26),(75_7_4_2_44),(78_8_4_2_34),(80_8_4_2_70),(81_8_4_2_73),(82_8_4_2_29),(83_8_4_2_48),(84_8_4_2_17),(86_8_4_2_43),(88_8_4_2_31)
real1,0,0,75,0.95,s,EPP-SL,(1_1_1_1_67),(2_1_1_1_53),(3_1_1_1_68),(4_1_1_1_9),(7_1_1_1_77),(9_1_1_1_62),(10_1_1_1_56),(11_1_1_1_72),(12_2_1_1_76),(13_2_1_1_15),(14_2_1_1_74),(16_2_1_1_34),(18_2_1_1_10),(20_2_1_1_12),(21_2_1_1_63),(22_2_1_1_78),(23_3_2_1_73),(24_3_2_1_57),(25_3_2_1_75),(26_3_2_1_8),(29_3_2_1_43),(32_3_2_1_79),(33_3_2_1_29),(34_4_2_1_4),(35_4_2_1_48),(38_4_2_1_61),(39_4_2_1_60),(40_4_2_1_1),(41_4_2_1_7),(43_4_2_1_84),(44_4_2_1_88),(45_5_3_2_46),(47_5_3_2_59),(48_5_3_2_58),(49_5_3_2_39),(50_5_3_2_27),(53_5_3_2_80),(54_5_3_2_41),(55_5_3_2_82),(57_6_3_2_6),(59_6_3_2_35),(60_6_3_2_83),(62_6_3_2_52),(63_6_3_2_64),(65_6_3_2_71),(66_6_3_2_13),(68_7_4_2_54),(69_7_4_2_87),(70_7_4_2_14),(73_7_4_2_70),(74_7_4_2_33),(75_7_4_2_51),(76_7_4_2_11),(78_8_4_2_86),(79_8_4_2_81),(80_8_4_2_69),(81_8_4_2_85),(82_8_4_2_66),(83_8_4_2_32),(84_8_4_2_50),(86_8_4_2_65),(88_8_4_2_44)
real1,0,0,75,0.99,s,EPP-SL,(1_1_1_1_66),(2_1_1_1_51),(3_1_1_1_83),(4_1_1_1_13),(7_1_1_1_57),(9_1_1_1_20),(10_1_1_1_44),(11_1_1_1_68),(12_2_1_1_35),(13_2_1_1_15),(14_2_1_1_63),(16_2_1_1_60),(18_2_1_1_6),(20_2_1_1_12),(21_2_1_1_81),(22_2_1_1_64),(23_3_2_1_73),(24_3_2_1_72),(25_3_2_1_79),(26_3_2_1_9),(29_3_2_1_19),(32_3_2_1_56),(33_3_2_1_58),(34_4_2_1_23),(35_4_2_1_31),(38_4_2_1_78),(39_4_2_1_88),(40_4_2_1_1),(41_4_2_1_7),(43_4_2_1_87),(44_4_2_1_53),(45_5_3_2_33),(47_5_3_2_71),(48_5_3_2_32),(49_5_3_2_48),(50_5_3_2_30),(53_5_3_2_22),(54_5_3_2_54),(55_5_3_2_3),(56_6_3_2_67),(57_6_3_2_2),(59_6_3_2_34),(60_6_3_2_8),(62_6_3_2_62),(63_6_3_2_5),(66_6_3_2_4),(68_7_4_2_82),(69_7_4_2_10),(70_7_4_2_14),(73_7_4_2_50),(74_7_4_2_39),(75_7_4_2_41),(76_7_4_2_11),(78_8_4_2_46),(79_8_4_2_84),(80_8_4_2_80),(81_8_4_2_76),(82_8_4_2_29),(83_8_4_2_61),(84_8_4_2_27),(86_8_4_2_75),(88_8_4_2_70)
real1,0,0,75,1.03,s,EPP-SL,(1_1_1_1_35),(2_1_1_1_17),(3_1_1_1_27),(4_1_1_1_8),(7_1_1_1_48),(9_1_1_1_87),(10_1_1_1_44),(11_1_1_1_50),(12_2_1_1_53),(13_2_1_1_7),(14_2_1_1_64),(16_2_1_1_43),(18_2_1_1_15),(20_2_1_1_12),(21_2_1_1_24),(22_2_1_1_41),(23_3_2_1_22),(24_3_2_1_67),(25_3_2_1_46),(26_3_2_1_3),(29_3_2_1_81),(32_3_2_1_16),(33_3_2_1_63),(34_4_2_1_57),(35_4_2_1_37),(38_4_2_1_54),(39_4_2_1_39),(40_4_2_1_1),(41_4_2_1_6),(43_4_2_1_13),(44_4_2_1_29),(45_5_3_2_30),(47_5_3_2_36),(48_5_3_2_68),(49_5_3_2_28),(50_5_3_2_84),(53_5_3_2_51),(54_5_3_2_66),(55_5_3_2_5),(56_6_3_2_32),(57_6_3_2_2),(59_6_3_2_83),(60_6_3_2_9),(62_6_3_2_79),(63_6_3_2_19),(66_6_3_2_4),(68_7_4_2_34),(69_7_4_2_10),(70_7_4_2_14),(73_7_4_2_20),(74_7_4_2_21),(75_7_4_2_31),(76_7_4_2_11),(78_8_4_2_56),(79_8_4_2_33),(80_8_4_2_70),(81_8_4_2_26),(82_8_4_2_23),(83_8_4_2_25),(84_8_4_2_18),(86_8_4_2_82),(88_8_4_2_73)
real1,0,0,80,0.95,s,EPP-SL,(1_1_1_1_66),(2_1_1_1_67),(3_1_1_1_78),(4_1_1_1_13),(5_1_1_1_9),(7_1_1_1_52),(9_1_1_1_58),(10_1_1_1_51),(11_1_1_1_71),(12_2_1_1_54),(14_2_1_1_69),(16_2_1_1_36),(17_2_1_1_73),(18_2_1_1_7),(19_2_1_1_8),(20_2_1_1_12),(21_2_1_1_61),(22_2_1_1_50),(23_3_2_1_84),(24_3_2_1_33),(25_3_2_1_85),(26_3_2_1_83),(29_3_2_1_22),(30_3_2_1_75),(32_3_2_1_68),(33_3_2_1_32),(34_4_2_1_37),(35_4_2_1_27),(36_4_2_1_15),(38_4_2_1_77),(39_4_2_1_74),(40_4_2_1_1),(41_4_2_1_11),(44_4_2_1_70),(45_5_3_2_46),(47_5_3_2_4),(48_5_3_2_48),(49_5_3_2_34),(50_5_3_2_31),(52_5_3_2_88),(53_5_3_2_57),(54_5_3_2_59),(55_5_3_2_82),(56_6_3_2_86),(57_6_3_2_10),(58_6_3_2_81),(59_6_3_2_29),(62_6_3_2_49),(63_6_3_2_53),(65_6_3_2_72),(66_6_3_2_6),(68_7_4_2_44),(69_7_4_2_87),(70_7_4_2_14),(71_7_4_2_60),(73_7_4_2_76),(74_7_4_2_65),(75_7_4_2_80),(77_7_4_2_79),(78_8_4_2_62),(79_8_4_2_64),(80_8_4_2_43),(81_8_4_2_35),(82_8_4_2_56),(83_8_4_2_39),(84_8_4_2_63),(86_8_4_2_55),(88_8_4_2_41)
real1,0,0,80,0.99,s,EPP-SL,(1_1_1_1_29),(2_1_1_1_27),(3_1_1_1_56),(4_1_1_1_10),(5_1_1_1_6),(7_1_1_1_61),(9_1_1_1_71),(10_1_1_1_35),(11_1_1_1_46),(12_2_1_1_67),(14_2_1_1_78),(16_2_1_1_36),(17_2_1_1_5),(18_2_1_1_15),(19_2_1_1_13),(20_2_1_1_12),(21_2_1_1_70),(22_2_1_1_64),(23_3_2_1_87),(24_3_2_1_39),(25_3_2_1_20),(26_3_2_1_8),(29_3_2_1_16),(30_3_2_1_82),(32_3_2_1_44),(33_3_2_1_59),(34_4_2_1_19),(35_4_2_1_23),(36_4_2_1_7),(38_4_2_1_48),(39_4_2_1_72),(40_4_2_1_1),(41_4_2_1_11),(44_4_2_1_68),(45_5_3_2_54),(47_5_3_2_60),(48_5_3_2_31),(49_5_3_2_37),(50_5_3_2_17),(52_5_3_2_51),(53_5_3_2_88),(54_5_3_2_34),(55_5_3_2_3),(56_6_3_2_41),(57_6_3_2_4),(58_6_3_2_73),(59_6_3_2_75),(62_6_3_2_80),(63_6_3_2_50),(65_6_3_2_81),(66_6_3_2_2),(68_7_4_2_76),(69_7_4_2_9),(70_7_4_2_14),(71_7_4_2_32),(73_7_4_2_66),(74_7_4_2_62),(75_7_4_2_79),(77_7_4_2_83),(78_8_4_2_63),(79_8_4_2_84),(80_8_4_2_43),(81_8_4_2_57),(82_8_4_2_53),(83_8_4_2_30),(84_8_4_2_33),(86_8_4_2_58),(88_8_4_2_22)
real1,0,0,80,1.03,s,EPP-SL,(1_1_1_1_35),(2_1_1_1_23),(3_1_1_1_33),(4_1_1_1_8),(5_1_1_1_13),(7_1_1_1_70),(9_1_1_1_48),(10_1_1_1_46),(11_1_1_1_50),(12_2_1_1_24),(14_2_1_1_26),(16_2_1_1_82),(17_2_1_1_5),(18_2_1_1_15),(19_2_1_1_12),(20_2_1_1_6),(21_2_1_1_39),(22_2_1_1_18),(23_3_2_1_27),(24_3_2_1_68),(25_3_2_1_87),(28_3_2_1_10),(29_3_2_1_42),(30_3_2_1_53),(32_3_2_1_32),(33_3_2_1_71),(34_4_2_1_60),(35_4_2_1_28),(36_4_2_1_7),(38_4_2_1_21),(39_4_2_1_36),(40_4_2_1_1),(41_4_2_1_11),(44_4_2_1_17),(45_5_3_2_54),(47_5_3_2_84),(48_5_3_2_37),(49_5_3_2_61),(50_5_3_2_81),(52_5_3_2_44),(53_5_3_2_64),(54_5_3_2_83),(55_5_3_2_3),(56_6_3_2_34),(57_6_3_2_2),(58_6_3_2_22),(59_6_3_2_63),(62_6_3_2_58),(63_6_3_2_16),(65_6_3_2_31),(66_6_3_2_4),(68_7_4_2_66),(69_7_4_2_9),(70_7_4_2_14),(71_7_4_2_67),(73_7_4_2_19),(74_7_4_2_25),(75_7_4_2_56),(77_7_4_2_20),(78_8_4_2_30),(79_8_4_2_41),(80_8_4_2_79),(81_8_4_2_43),(82_8_4_2_29),(83_8_4_2_57),(84_8_4_2_51),(86_8_4_2_76),(88_8_4_2_73)
real1,0,0,85,0.95,s,EPP-SL,(1_1_1_1_53),(2_1_1_1_51),(3_1_1_1_56),(4_1_1_1_87),(5_1_1_1_8),(7_1_1_1_39),(9_1_1_1_69),(10_1_1_1_46),(11_1_1_1_54),(12_2_1_1_80),(14_2_1_1_74),(16_2_1_1_32),(17_2_1_1_79),(18_2_1_1_13),(19_2_1_1_82),(20_2_1_1_10),(21_2_1_1_61),(22_2_1_1_75),(23_3_2_1_67),(24_3_2_1_33),(25_3_2_1_58),(27_3_2_1_12),(29_3_2_1_22),(30_3_2_1_86),(32_3_2_1_72),(33_3_2_1_30),(34_4_2_1_49),(35_4_2_1_27),(38_4_2_1_48),(39_4_2_1_59),(40_4_2_1_50),(41_4_2_1_7),(42_4_2_1_6),(43_4_2_1_1),(44_4_2_1_78),(45_5_3_2_41),(47_5_3_2_43),(48_5_3_2_29),(49_5_3_2_42),(50_5_3_2_31),(52_5_3_2_63),(53_5_3_2_57),(54_5_3_2_77),(55_5_3_2_88),(57_6_3_2_84),(58_6_3_2_68),(59_6_3_2_52),(60_6_3_2_83),(62_6_3_2_55),(63_6_3_2_76),(64_6_3_2_15),(66_6_3_2_73),(68_7_4_2_62),(69_7_4_2_81),(70_7_4_2_14),(71_7_4_2_85),(72_7_4_2_66),(73_7_4_2_71),(74_7_4_2_65),(76_7_4_2_11),(78_8_4_2_60),(79_8_4_2_64),(80_8_4_2_34),(81_8_4_2_4),(82_8_4_2_70),(83_8_4_2_36),(84_8_4_2_44),(86_8_4_2_37),(87_8_4_2_9),(88_8_4_2_35)
real1,0,0,85,0.99,s,EPP-SL,(1_1_1_1_44),(2_1_1_1_27),(3_1_1_1_50),(4_1_1_1_87),(5_1_1_1_5),(7_1_1_1_80),(9_1_1_1_71),(10_1_1_1_81),(11_1_1_1_79),(12_2_1_1_46),(14_2_1_1_57),(16_2_1_1_36),(17_2_1_1_84),(18_2_1_1_6),(19_2_1_1_4),(20_2_1_1_8),(21_2_1_1_54),(22_2_1_1_82),(23_3_2_1_66),(24_3_2_1_34),(25_3_2_1_78),(27_3_2_1_15),(29_3_2_1_19),(30_3_2_1_70),(32_3_2_1_67),(33_3_2_1_37),(34_4_2_1_52),(35_4_2_1_61),(38_4_2_1_39),(39_4_2_1_31),(40_4_2_1_64),(41_4_2_1_12),(42_4_2_1_9),(43_4_2_1_1),(44_4_2_1_35),(45_5_3_2_20),(47_5_3_2_60),(48_5_3_2_62),(49_5_3_2_59),(50_5_3_2_16),(52_5_3_2_41),(53_5_3_2_72),(54_5_3_2_48),(55_5_3_2_83),(57_6_3_2_13),(58_6_3_2_56),(59_6_3_2_23),(60_6_3_2_73),(62_6_3_2_30),(63_6_3_2_33),(64_6_3_2_7),(66_6_3_2_2),(68_7_4_2_88),(69_7_4_2_3),(70_7_4_2_14),(71_7_4_2_32),(72_7_4_2_53),(73_7_4_2_29),(74_7_4_2_58),(76_7_4_2_11),(78_8_4_2_63),(79_8_4_2_68),(80_8_4_2_43),(81_8_4_2_75),(82_8_4_2_51),(83_8_4_2_17),(84_8_4_2_22),(86_8_4_2_86),(87_8_4_2_10),(88_8_4_2_76)
real1,0,0,85,1.03,s,EPP-SL,(1_1_1_1_50),(2_1_1_1_51),(3_1_1_1_53),(4_1_1_1_22),(5_1_1_1_4),(7_1_1_1_79),(9_1_1_1_83),(10_1_1_1_56),(11_1_1_1_30),(12_2_1_1_24),(14_2_1_1_48),(16_2_1_1_81),(17_2_1_1_19),(18_2_1_1_9),(19_2_1_1_5),(20_2_1_1_2),(21_2_1_1_26),(22_2_1_1_73),(23_3_2_1_29),(24_3_2_1_70),(25_3_2_1_87),(27_3_2_1_15),(29_3_2_1_60),(30_3_2_1_46),(32_3_2_1_33),(33_3_2_1_38),(34_4_2_1_61),(35_4_2_1_57),(38_4_2_1_21),(39_4_2_1_43),(40_4_2_1_23),(41_4_2_1_6),(42_4_2_1_10),(43_4_2_1_1),(44_4_2_1_41),(45_5_3_2_68),(47_5_3_2_25),(48_5_3_2_36),(49_5_3_2_71),(50_5_3_2_42),(52_5_3_2_32),(53_5_3_2_66),(54_5_3_2_37),(55_5_3_2_16),(57_6_3_2_3),(58_6_3_2_27),(59_6_3_2_63),(60_6_3_2_8),(62_6_3_2_82),(63_6_3_2_35),(64_6_3_2_14),(66_6_3_2_13),(68_7_4_2_67),(69_7_4_2_20),(70_7_4_2_7),(71_7_4_2_64),(72_7_4_2_17),(73_7_4_2_18),(74_7_4_2_28),(76_7_4_2_11),(78_8_4_2_39),(79_8_4_2_31),(80_8_4_2_76),(81_8_4_2_84),(82_8_4_2_44),(83_8_4_2_52),(84_8_4_2_34),(86_8_4_2_58),(87_8_4_2_12),(88_8_4_2_54)
real1,0,0,90,0.95,s,EPP-SL,(1_1_1_1_51),(2_1_1_1_75),(3_1_1_1_86),(4_1_1_1_82),(5_1_1_1_79),(6_1_1_1_14),(7_1_1_1_34),(9_1_1_1_52),(10_1_1_1_58),(11_1_1_1_41),(12_2_1_1_57),(13_2_1_1_7),(14_2_1_1_39),(16_2_1_1_22),(17_2_1_1_88),(18_2_1_1_8),(19_2_1_1_73),(20_2_1_1_6),(21_2_1_1_48),(22_2_1_1_61),(23_3_2_1_67),(24_3_2_1_43),(26_3_2_1_68),(27_3_2_1_10),(28_3_2_1_83),(29_3_2_1_30),(32_3_2_1_72),(33_3_2_1_38),(34_4_2_1_5),(35_4_2_1_49),(36_4_2_1_9),(38_4_2_1_27),(39_4_2_1_4),(40_4_2_1_56),(41_4_2_1_13),(43_4_2_1_70),(44_4_2_1_80),(45_5_3_2_35),(47_5_3_2_31),(48_5_3_2_29),(49_5_3_2_20),(50_5_3_2_36),(51_5_3_2_12),(52_5_3_2_63),(53_5_3_2_69),(54_5_3_2_65),(55_5_3_2_53),(56_6_3_2_46),(57_6_3_2_66),(58_6_3_2_76),(59_6_3_2_37),(62_6_3_2_45),(63_6_3_2_78),(64_6_3_2_15),(65_6_3_2_62),(66_6_3_2_84),(68_7_4_2_74),(69_7_4_2_81),(70_7_4_2_11),(71_7_4_2_77),(72_7_4_2_64),(73_7_4_2_44),(74_7_4_2_55),(75_7_4_2_85),(77_7_4_2_50),(78_8_4_2_59),(79_8_4_2_54),(80_8_4_2_47),(81_8_4_2_32),(82_8_4_2_71),(83_8_4_2_40),(84_8_4_2_60),(86_8_4_2_42),(87_8_4_2_87),(88_8_4_2_33)
real1,0,0,90,0.99,s,EPP-SL,(1_1_1_1_44),(2_1_1_1_67),(3_1_1_1_79),(4_1_1_1_83),(5_1_1_1_5),(6_1_1_1_14),(7_1_1_1_16),(9_1_1_1_60),(10_1_1_1_32),(11_1_1_1_54),(12_2_1_1_76),(13_2_1_1_10),(14_2_1_1_62),(16_2_1_1_24),(17_2_1_1_27),(18_2_1_1_8),(19_2_1_1_2),(20_2_1_1_13),(21_2_1_1_31),(22_2_1_1_63),(23_3_2_1_51),(24_3_2_1_75),(26_3_2_1_87),(27_3_2_1_6),(28_3_2_1_73),(29_3_2_1_49),(32_3_2_1_35),(33_3_2_1_52),(34_4_2_1_59),(35_4_2_1_30),(36_4_2_1_12),(38_4_2_1_23),(39_4_2_1_80),(40_4_2_1_1),(41_4_2_1_15),(43_4_2_1_84),(44_4_2_1_64),(45_5_3_2_57),(47_5_3_2_17),(48_5_3_2_61),(49_5_3_2_36),(50_5_3_2_69),(51_5_3_2_9),(52_5_3_2_82),(53_5_3_2_34),(54_5_3_2_58),(55_5_3_2_56),(56_6_3_2_88),(57_6_3_2_4),(58_6_3_2_50),(59_6_3_2_43),(60_6_3_2_53),(62_6_3_2_85),(63_6_3_2_46),(65_6_3_2_70),(66_6_3_2_3),(68_7_4_2_78),(69_7_4_2_66),(70_7_4_2_11),(71_7_4_2_39),(72_7_4_2_29),(73_7_4_2_33),(74_7_4_2_19),(75_7_4_2_22),(77_7_4_2_41),(78_8_4_2_72),(79_8_4_2_68),(80_8_4_2_86),(81_8_4_2_48),(82_8_4_2_81),(83_8_4_2_37),(84_8_4_2_20),(85_8_4_2_7),(86_8_4_2_74),(88_8_4_2_71)
real1,0,0,90,1.03,s,EPP-SL,(1_1_1_1_56),(2_1_1_1_18),(3_1_1_1_34),(4_1_1_1_22),(5_1_1_1_5),(6_1_1_1_14),(7_1_1_1_76),(9_1_1_1_79),(10_1_1_1_30),(11_1_1_1_67),(12_2_1_1_54),(13_2_1_1_15),(14_2_1_1_25),(16_2_1_1_58),(17_2_1_1_33),(18_2_1_1_9),(19_2_1_1_3),(20_2_1_1_8),(21_2_1_1_21),(22_2_1_1_39),(23_3_2_1_41),(24_3_2_1_70),(26_3_2_1_29),(27_3_2_1_2),(28_3_2_1_16),(29_3_2_1_78),(32_3_2_1_32),(33_3_2_1_61),(34_4_2_1_59),(35_4_2_1_82),(36_4_2_1_12),(38_4_2_1_28),(39_4_2_1_84),(40_4_2_1_1),(41_4_2_1_10),(43_4_2_1_17),(44_4_2_1_53),(45_5_3_2_36),(47_5_3_2_81),(48_5_3_2_57),(49_5_3_2_72),(50_5_3_2_62),(51_5_3_2_6),(52_5_3_2_31),(53_5_3_2_68),(54_5_3_2_43),(55_5_3_2_23),(56_6_3_2_73),(57_6_3_2_13),(58_6_3_2_35),(59_6_3_2_42),(60_6_3_2_27),(62_6_3_2_52),(63_6_3_2_24),(65_6_3_2_66),(66_6_3_2_20),(68_7_4_2_83),(69_7_4_2_4),(70_7_4_2_7),(71_7_4_2_48),(72_7_4_2_19),(73_7_4_2_46),(74_7_4_2_38),(75_7_4_2_87),(77_7_4_2_50),(78_8_4_2_26),(79_8_4_2_44),(80_8_4_2_71),(81_8_4_2_63),(82_8_4_2_51),(83_8_4_2_60),(84_8_4_2_64),(85_8_4_2_11),(86_8_4_2_49),(88_8_4_2_37)
real1,0,0,95,0.95,s,EPP-SL,(1_1_1_1_54),(2_1_1_1_80),(3_1_1_1_86),(4_1_1_1_82),(5_1_1_1_79),(7_1_1_1_22),(8_1_1_1_87),(9_1_1_1_39),(10_1_1_1_58),(11_1_1_1_62),(12_2_1_1_41),(13_2_1_1_13),(14_2_1_1_49),(15_2_1_1_10),(16_2_1_1_38),(17_2_1_1_76),(18_2_1_1_8),(19_2_1_1_68),(20_2_1_1_73),(21_2_1_1_33),(22_2_1_1_57),(23_3_2_1_70),(24_3_2_1_34),(25_3_2_1_48),(26_3_2_1_88),(29_3_2_1_20),(30_3_2_1_74),(31_3_2_1_64),(32_3_2_1_72),(33_3_2_1_23),(34_4_2_1_19),(35_4_2_1_36),(36_4_2_1_7),(38_4_2_1_55),(39_4_2_1_52),(40_4_2_1_75),(41_4_2_1_12),(42_4_2_1_83),(43_4_2_1_78),(44_4_2_1_61),(45_5_3_2_29),(47_5_3_2_42),(48_5_3_2_43),(49_5_3_2_5),(50_5_3_2_24),(51_5_3_2_6),(52_5_3_2_71),(53_5_3_2_69),(54_5_3_2_31),(55_5_3_2_51),(56_6_3_2_4),(57_6_3_2_53),(59_6_3_2_37),(60_6_3_2_66),(62_6_3_2_40),(63_6_3_2_35),(64_6_3_2_15),(65_6_3_2_60),(66_6_3_2_67),(68_7_4_2_65),(69_7_4_2_81),(70_7_4_2_11),(71_7_4_2_77),(72_7_4_2_56),(73_7_4_2_63),(74_7_4_2_30),(75_7_4_2_85),(76_7_4_2_9),(78_8_4_2_59),(79_8_4_2_44),(80_8_4_2_45),(81_8_4_2_32),(82_8_4_2_50),(83_8_4_2_3),(84_8_4_2_46),(85_8_4_2_14),(86_8_4_2_47),(87_8_4_2_84),(88_8_4_2_27)
real1,0,0,95,0.99,s,EPP-SL,(1_1_1_1_64),(2_1_1_1_54),(3_1_1_1_81),(4_1_1_1_84),(5_1_1_1_51),(7_1_1_1_86),(8_1_1_1_15),(9_1_1_1_60),(10_1_1_1_71),(11_1_1_1_76),(12_2_1_1_20),(13_2_1_1_6),(14_2_1_1_43),(15_2_1_1_13),(16_2_1_1_18),(17_2_1_1_68),(18_2_1_1_4),(19_2_1_1_73),(20_2_1_1_2),(21_2_1_1_62),(22_2_1_1_78),(23_3_2_1_27),(24_3_2_1_23),(25_3_2_1_61),(26_3_2_1_66),(29_3_2_1_24),(30_3_2_1_63),(31_3_2_1_56),(32_3_2_1_35),(33_3_2_1_49),(34_4_2_1_65),(35_4_2_1_37),(36_4_2_1_10),(38_4_2_1_17),(39_4_2_1_30),(40_4_2_1_33),(41_4_2_1_12),(42_4_2_1_3),(43_4_2_1_67),(44_4_2_1_82),(45_5_3_2_48),(47_5_3_2_36),(48_5_3_2_80),(49_5_3_2_85),(50_5_3_2_52),(51_5_3_2_8),(52_5_3_2_22),(53_5_3_2_31),(54_5_3_2_58),(55_5_3_2_44),(56_6_3_2_1),(57_6_3_2_50),(59_6_3_2_59),(60_6_3_2_83),(62_6_3_2_69),(63_6_3_2_70),(64_6_3_2_11),(65_6_3_2_72),(66_6_3_2_53),(68_7_4_2_39),(69_7_4_2_5),(70_7_4_2_7),(71_7_4_2_75),(72_7_4_2_29),(73_7_4_2_41),(74_7_4_2_16),(75_7_4_2_88),(76_7_4_2_9),(78_8_4_2_34),(79_8_4_2_79),(80_8_4_2_42),(81_8_4_2_19),(82_8_4_2_46),(83_8_4_2_77),(84_8_4_2_32),(85_8_4_2_14),(86_8_4_2_74),(87_8_4_2_87),(88_8_4_2_57)
real1,0,0,95,1.03,s,EPP-SL,(1_1_1_1_24),(2_1_1_1_18),(3_1_1_1_51),(4_1_1_1_27),(5_1_1_1_3),(7_1_1_1_58),(8_1_1_1_9),(9_1_1_1_79),(10_1_1_1_68),(11_1_1_1_36),(12_2_1_1_87),(13_2_1_1_2),(14_2_1_1_76),(15_2_1_1_1),(16_2_1_1_62),(17_2_1_1_35),(18_2_1_1_4),(19_2_1_1_29),(20_2_1_1_8),(21_2_1_1_48),(22_2_1_1_54),(23_3_2_1_44),(24_3_2_1_25),(25_3_2_1_28),(26_3_2_1_16),(29_3_2_1_49),(30_3_2_1_64),(31_3_2_1_41),(32_3_2_1_56),(33_3_2_1_40),(34_4_2_1_72),(35_4_2_1_61),(36_4_2_1_10),(38_4_2_1_63),(39_4_2_1_42),(40_4_2_1_34),(41_4_2_1_6),(42_4_2_1_13),(43_4_2_1_32),(44_4_2_1_46),(45_5_3_2_37),(47_5_3_2_71),(48_5_3_2_82),(49_5_3_2_45),(50_5_3_2_59),(51_5_3_2_15),(52_5_3_2_31),(53_5_3_2_84),(54_5_3_2_57),(55_5_3_2_33),(56_6_3_2_39),(57_6_3_2_19),(59_6_3_2_60),(60_6_3_2_22),(62_6_3_2_75),(63_6_3_2_30),(64_6_3_2_11),(65_6_3_2_66),(66_6_3_2_17),(68_7_4_2_83),(69_7_4_2_5),(70_7_4_2_7),(71_7_4_2_70),(72_7_4_2_23),(73_7_4_2_73),(74_7_4_2_38),(75_7_4_2_67),(76_7_4_2_12),(78_8_4_2_21),(79_8_4_2_50),(80_8_4_2_78),(81_8_4_2_81),(82_8_4_2_53),(83_8_4_2_52),(84_8_4_2_26),(85_8_4_2_14),(86_8_4_2_88),(87_8_4_2_20),(88_8_4_2_43)
real2,0,0,100,0.95,s,EPP-SL
real2,0,0,100,0.99,s,EPP-SL
real2,0,0,100,1.03,s,EPP-SL
real2,0,0,70,0.95,s,EPP-SL,(4_1_1_1_86),(5_1_1_1_84),(7_1_1_1_48),(8_1_1_1_78),(9_1_1_1_65),(10_1_1_1_23),(11_1_1_1_36),(12_2_1_1_41),(13_2_1_1_17),(14_2_1_1_80),(16_2_1_1_55),(17_2_1_1_82),(19_2_1_1_19),(21_2_1_1_83),(22_2_1_1_32),(23_3_2_1_39),(24_3_2_1_12),(25_3_2_1_59),(29_3_2_1_22),(30_3_2_1_79),(32_3_2_1_77),(33_3_2_1_49),(34_4_2_1_26),(35_4_2_1_1),(36_4_2_1_18),(38_4_2_1_31),(39_4_2_1_81),(43_4_2_1_47),(44_4_2_1_68),(45_5_3_2_29),(47_5_3_2_51),(48_5_3_2_40),(49_5_3_2_8),(50_5_3_2_70),(52_5_3_2_88),(53_5_3_2_74),(54_5_3_2_76),(56_6_3_2_75),(57_6_3_2_64),(59_6_3_2_67),(62_6_3_2_60),(63_6_3_2_33),(65_6_3_2_44),(66_6_3_2_20),(68_7_4_2_43),(69_7_4_2_61),(71_7_4_2_63),(72_7_4_2_54),(73_7_4_2_66),(74_7_4_2_25),(75_7_4_2_87),(78_8_4_2_37),(80_8_4_2_24),(81_8_4_2_85),(82_8_4_2_21),(83_8_4_2_53),(84_8_4_2_57),(86_8_4_2_52),(88_8_4_2_45)
real2,0,0,70,0.99,s,EPP-SL,(4_1_1_1_78),(5_1_1_1_84),(7_1_1_1_26),(8_1_1_1_19),(9_1_1_1_45),(10_1_1_1_3),(11_1_1_1_9),(12_2_1_1_41),(13_2_1_1_17),(14_2_1_1_5),(16_2_1_1_65),(17_2_1_1_39),(19_2_1_1_47),(21_2_1_1_24),(22_2_1_1_44),(23_3_2_1_23),(24_3_2_1_40),(25_3_2_1_15),(29_3_2_1_42),(30_3_2_1_68),(32_3_2_1_33),(33_3_2_1_51),(34_4_2_1_55),(35_4_2_1_1),(36_4_2_1_18),(38_4_2_1_31),(39_4_2_1_37),(43_4_2_1_64),(44_4_2_1_82),(45_5_3_2_2),(47_5_3_2_59),(48_5_3_2_43),(49_5_3_2_48),(50_5_3_2_83),(52_5_3_2_36),(53_5_3_2_25),(54_5_3_2_57),(56_6_3_2_29),(57_6_3_2_20),(59_6_3_2_75),(62_6_3_2_63),(63_6_3_2_12),(65_6_3_2_77),(66_6_3_2_21),(68_7_4_2_22),(69_7_4_2_8),(71_7_4_2_88),(72_7_4_2_61),(73_7_4_2_54),(74_7_4_2_16),(75_7_4_2_32),(78_8_4_2_66),(80_8_4_2_79),(81_8_4_2_6),(82_8_4_2_86),(83_8_4_2_87),(84_8_4_2_11),(86_8_4_2_74),(88_8_4_2_10)
real2,0,0,70,1.03,s,EPP-SL,(4_1_1_1_20),(5_1_1_1_12),(7_1_1_1_45),(8_1_1_1_19),(9_1_1_1_86),(10_1_1_1_16),(11_1_1_1_29),(12_2_1_1_78),(13_2_1_1_18),(14_2_1_1_43),(16_2_1_1_48),(17_2_1_1_9),(19_2_1_1_2),(21_2_1_1_25),(22_2_1_1_32),(23_3_2_1_21),(24_3_2_1_68),(25_3_2_1_44),(29_3_2_1_30),(30_3_2_1_64),(32_3_2_1_39),(33_3_2_1_88),(34_4_2_1_51),(35_4_2_1_1),(36_4_2_1_17),(38_4_2_1_26),(39_4_2_1_13),(43_4_2_1_23),(44_4_2_1_15),(45_5_3_2_24),(47_5_3_2_66),(48_5_3_2_40),(49_5_3_2_34),(50_5_3_2_59),(52_5_3_2_47),(53_5_3_2_84),(54_5_3_2_82),(56_6_3_2_22),(57_6_3_2_3),(59_6_3_2_77),(62_6_3_2_57),(63_6_3_2_11),(65_6_3_2_36),(66_6_3_2_8),(68_7_4_2_54),(69_7_4_2_5),(71_7_4_2_41),(72_7_4_2_6),(73_7_4_2_10),(74_7_4_2_14),(75_7_4_2_61),(78_8_4_2_7),(80_8_4_2_75),(81_8_4_2_37),(82_8_4_2_33),(83_8_4_2_27),(84_8_4_2_4),(86_8_4_2_42),(88_8_4_2_31)
real2,0,0,75,0.95,s,EPP-SL,(1_1_1_1_41),(2_1_1_1_21),(3_1_1_1_44),(4_1_1_1_54),(7_1_1_1_52),(9_1_1_1_25),(10_1_1_1_59),(11_1_1_1_83),(12_2_1_1_57),(14_2_1_1_51),(16_2_1_1_56),(18_2_1_1_64),(19_2_1_1_61),(20_2_1_1_20),(21_2_1_1_43),(22_2_1_1_87),(23_3_2_1_88),(24_3_2_1_48),(25_3_2_1_74),(26_3_2_1_77),(29_3_2_1_8),(32_3_2_1_33),(33_3_2_1_42),(34_4_2_1_26),(35_4_2_1_67),(36_4_2_1_19),(38_4_2_1_31),(39_4_2_1_85),(41_4_2_1_18),(42_4_2_1_84),(44_4_2_1_75),(45_5_3_2_65),(47_5_3_2_53),(48_5_3_2_80),(49_5_3_2_58),(50_5_3_2_60),(53_5_3_2_37),(54_5_3_2_12),(55_5_3_2_68),(57_6_3_2_47),(59_6_3_2_55),(60_6_3_2_82),(62_6_3_2_70),(63_6_3_2_23),(65_6_3_2_45),(66_6_3_2_86),(68_7_4_2_81),(69_7_4_2_39),(70_7_4_2_17),(71_7_4_2_63),(73_7_4_2_36),(74_7_4_2_24),(76_7_4_2_78),(78_8_4_2_29),(79_8_4_2_79),(80_8_4_2_62),(81_8_4_2_76),(82_8_4_2_66),(83_8_4_2_22),(84_8_4_2_32),(86_8_4_2_49),(88_8_4_2_40)
real2,0,0,75,0.99,s,EPP-SL,(1_1_1_1_41),(2_1_1_1_54),(3_1_1_1_68),(4_1_1_1_64),(7_1_1_1_63),(9_1_1_1_45),(10_1_1_1_44),(11_1_1_1_9),(12_2_1_1_29),(13_2_1_1_18),(14_2_1_1_26),(16_2_1_1_52),(18_2_1_1_78),(20_2_1_1_47),(21_2_1_1_25),(22_2_1_1_66),(23_3_2_1_8),(24_3_2_1_75),(25_3_2_1_22),(26_3_2_1_21),(29_3_2_1_42),(32_3_2_1_82),(33_3_2_1_74),(34_4_2_1_55),(35_4_2_1_59),(38_4_2_1_43),(39_4_2_1_40),(40_4_2_1_1),(41_4_2_1_20),(43_4_2_1_33),(44_4_2_1_86),(45_5_3_2_37),(47_5_3_2_87),(48_5_3_2_5),(49_5_3_2_51),(50_5_3_2_48),(53_5_3_2_10),(54_5_3_2_16),(55_5_3_2_12),(56_6_3_2_77),(57_6_3_2_39),(59_6_3_2_79),(60_6_3_2_23),(62_6_3_2_53),(63_6_3_2_11),(66_6_3_2_84),(68_7_4_2_15),(69_7_4_2_61),(70_7_4_2_17),(73_7_4_2_36),(74_7_4_2_6),(75_7_4_2_88),(76_7_4_2_19),(78_8_4_2_31),(79_8_4_2_32),(80_8_4_2_83),(81_8_4_2_57),(82_8_4_2_3),(83_8_4_2_65),(84_8_4_2_2),(86_8_4_2_30),(88_8_4_2_24)
real2,0,0,75,1.03,s,EPP-SL,(1_1_1_1_64),(2_1_1_1_36),(3_1_1_1_78),(4_1_1_1_8),(7_1_1_1_77),(9_1_1_1_68),(10_1_1_1_29),(11_1_1_1_84),(12_2_1_1_25),(13_2_1_1_19),(14_2_1_1_40),(16_2_1_1_75),(18_2_1_1_3),(20_2_1_1_2),(21_2_1_1_31),(22_2_1_1_22),(23_3_2_1_23),(24_3_2_1_37),(25_3_2_1_26),(26_3_2_1_12),(29_3_2_1_34),(32_3_2_1_33),(33_3_2_1_48),(34_4_2_1_42),(35_4_2_1_57),(38_4_2_1_45),(39_4_2_1_13),(40_4_2_1_1),(41_4_2_1_20),(43_4_2_1_47),(44_4_2_1_61),(45_5_3_2_44),(47_5_3_2_59),(48_5_3_2_82),(49_5_3_2_38),(50_5_3_2_28),(53_5_3_2_41),(54_5_3_2_43),(55_5_3_2_11),(57_6_3_2_6),(59_6_3_2_30),(60_6_3_2_9),(62_6_3_2_88),(63_6_3_2_10),(65_6_3_2_32),(66_6_3_2_5),(68_7_4_2_54),(69_7_4_2_21),(70_7_4_2_17),(73_7_4_2_15),(74_7_4_2_14),(75_7_4_2_24),(76_7_4_2_18),(78_8_4_2_86),(79_8_4_2_39),(80_8_4_2_51),(81_8_4_2_66),(82_8_4_2_4),(83_8_4_2_27),(84_8_4_2_16),(86_8_4_2_63),(88_8_4_2_7)
real2,0,0,80,0.95,s,EPP-SL,(1_1_1_1_32),(2_1_1_1_21),(3_1_1_1_23),(4_1_1_1_84),(5_1_1_1_82),(7_1_1_1_26),(9_1_1_1_24),(10_1_1_1_74),(11_1_1_1_43),(12_2_1_1_40),(13_2_1_1_19),(14_2_1_1_22),(15_2_1_1_78),(16_2_1_1_56),(17_2_1_1_88),(19_2_1_1_64),(21_2_1_1_12),(22_2_1_1_63),(23_3_2_1_68),(24_3_2_1_25),(25_3_2_1_76),(26_3_2_1_39),(29_3_2_1_11),(30_3_2_1_83),(32_3_2_1_41),(33_3_2_1_38),(34_4_2_1_15),(35_4_2_1_70),(36_4_2_1_18),(38_4_2_1_51),(39_4_2_1_53),(42_4_2_1_20),(43_4_2_1_54),(44_4_2_1_44),(45_5_3_2_31),(47_5_3_2_8),(48_5_3_2_52),(49_5_3_2_58),(50_5_3_2_46),(52_5_3_2_57),(53_5_3_2_81),(54_5_3_2_67),(55_5_3_2_66),(56_6_3_2_45),(57_6_3_2_47),(58_6_3_2_77),(59_6_3_2_49),(62_6_3_2_69),(63_6_3_2_36),(65_6_3_2_37),(66_6_3_2_86),(68_7_4_2_85),(69_7_4_2_61),(70_7_4_2_17),(71_7_4_2_65),(73_7_4_2_33),(74_7_4_2_60),(75_7_4_2_59),(77_7_4_2_87),(78_8_4_2_80),(79_8_4_2_75),(80_8_4_2_62),(81_8_4_2_55),(82_8_4_2_79),(83_8_4_2_42),(84_8_4_2_29),(86_8_4_2_50),(88_8_4_2_48)
real2,0,0,80,0.99,s,EPP-SL,(1_1_1_1_54),(2_1_1_1_68),(3_1_1_1_77),(4_1_1_1_47),(5_1_1_1_64),(7_1_1_1_65),(9_1_1_1_75),(10_1_1_1_25),(11_1_1_1_10),(12_2_1_1_15),(14_2_1_1_26),(16_2_1_1_55),(17_2_1_1_33),(18_2_1_1_20),(19_2_1_1_39),(20_2_1_1_78),(21_2_1_1_16),(22_2_1_1_44),(23_3_2_1_86),(24_3_2_1_79),(25_3_2_1_40),(28_3_2_1_61),(29_3_2_1_49),(30_3_2_1_66),(32_3_2_1_32),(33_3_2_1_30),(34_4_2_1_46),(35_4_2_1_51),(36_4_2_1_18),(38_4_2_1_6),(39_4_2_1_48),(40_4_2_1_1),(41_4_2_1_19),(44_4_2_1_11),(45_5_3_2_45),(47_5_3_2_74),(48_5_3_2_63),(49_5_3_2_67),(50_5_3_2_53),(52_5_3_2_82),(53_5_3_2_43),(54_5_3_2_59),(55_5_3_2_12),(56_6_3_2_88),(57_6_3_2_23),(58_6_3_2_8),(59_6_3_2_42),(62_6_3_2_52),(63_6_3_2_3),(65_6_3_2_22),(66_6_3_2_21),(68_7_4_2_37),(69_7_4_2_84),(70_7_4_2_17),(71_7_4_2_57),(73_7_4_2_9),(74_7_4_2_83),(75_7_4_2_24),(77_7_4_2_41),(78_8_4_2_5),(79_8_4_2_36),(80_8_4_2_81),(81_8_4_2_87),(82_8_4_2_29),(83_8_4_2_38),(84_8_4_2_2),(86_8_4_2_76),(88_8_4_2_31)
real2,0,0,80,1.03,s,EPP-SL,(1_1_1_1_22),(2_1_1_1_16),(3_1_1_1_33),(4_1_1_1_21),(5_1_1_1_2),(7_1_1_1_42),(9_1_1_1_30),(10_1_1_1_25),(11_1_1_1_31),(12_2_1_1_44),(14_2_1_1_66),(16_2_1_1_51),(17_2_1_1_11),(18_2_1_1_3),(19_2_1_1_12),(20_2_1_1_20),(21_2_1_1_40),(22_2_1_1_24),(23_3_2_1_47),(24_3_2_1_45),(25_3_2_1_86),(26_3_2_1_6),(29_3_2_1_28),(30_3_2_1_84),(32_3_2_1_15),(33_3_2_1_38),(34_4_2_1_49),(35_4_2_1_48),(36_4_2_1_18),(38_4_2_1_14),(39_4_2_1_77),(40_4_2_1_1),(41_4_2_1_19),(44_4_2_1_78),(45_5_3_2_26),(47_5_3_2_34),(48_5_3_2_59),(49_5_3_2_63),(50_5_3_2_79),(52_5_3_2_29),(53_5_3_2_37),(54_5_3_2_88),(55_5_3_2_10),(56_6_3_2_32),(57_6_3_2_8),(58_6_3_2_23),(59_6_3_2_75),(62_6_3_2_53),(63_6_3_2_4),(65_6_3_2_41),(66_6_3_2_9),(68_7_4_2_43),(69_7_4_2_5),(70_7_4_2_17),(71_7_4_2_68),(73_7_4_2_64),(74_7_4_2_27),(75_7_4_2_54),(77_7_4_2_39),(78_8_4_2_82),(79_8_4_2_61),(80_8_4_2_52),(81_8_4_2_57),(82_8_4_2_36),(83_8_4_2_46),(84_8_4_2_7),(86_8_4_2_55),(88_8_4_2_13)
real2,0,0,85,0.95,s,EPP-SL,(1_1_1_1_79),(2_1_1_1_32),(3_1_1_1_43),(4_1_1_1_88),(5_1_1_1_82),(7_1_1_1_62),(9_1_1_1_22),(10_1_1_1_74),(11_1_1_1_81),(12_2_1_1_65),(13_2_1_1_20),(14_2_1_1_49),(16_2_1_1_16),(18_2_1_1_64),(19_2_1_1_39),(20_2_1_1_61),(21_2_1_1_25),(22_2_1_1_37),(23_3_2_1_21),(24_3_2_1_52),(25_3_2_1_85),(27_3_2_1_19),(29_3_2_1_11),(30_3_2_1_40),(32_3_2_1_57),(33_3_2_1_30),(34_4_2_1_15),(35_4_2_1_26),(38_4_2_1_24),(39_4_2_1_55),(40_4_2_1_75),(41_4_2_1_84),(42_4_2_1_47),(43_4_2_1_23),(44_4_2_1_87),(45_5_3_2_31),(47_5_3_2_70),(48_5_3_2_60),(49_5_3_2_50),(50_5_3_2_38),(52_5_3_2_44),(53_5_3_2_80),(54_5_3_2_53),(55_5_3_2_41),(57_6_3_2_77),(58_6_3_2_36),(59_6_3_2_42),(60_6_3_2_68),(62_6_3_2_46),(63_6_3_2_83),(64_6_3_2_18),(66_6_3_2_54),(68_7_4_2_48),(69_7_4_2_66),(70_7_4_2_17),(71_7_4_2_76),(72_7_4_2_33),(73_7_4_2_45),(74_7_4_2_8),(76_7_4_2_78),(78_8_4_2_12),(79_8_4_2_29),(80_8_4_2_58),(81_8_4_2_67),(82_8_4_2_59),(83_8_4_2_56),(84_8_4_2_63),(86_8_4_2_69),(87_8_4_2_86),(88_8_4_2_51)
real2,0,0,85,0.99,s,EPP-SL,(1_1_1_1_77),(2_1_1_1_9),(3_1_1_1_68),(4_1_1_1_61),(5_1_1_1_33),(7_1_1_1_65),(9_1_1_1_63),(10_1_1_1_24),(11_1_1_1_25),(12_2_1_1_15),(14_2_1_1_87),(16_2_1_1_30),(17_2_1_1_41),(18_2_1_1_21),(19_2_1_1_12),(20_2_1_1_47),(21_2_1_1_5),(22_2_1_1_31),(23_3_2_1_54),(24_3_2_1_48),(25_3_2_1_75),(27_3_2_1_19),(29_3_2_1_49),(30_3_2_1_37),(32_3_2_1_29),(33_3_2_1_67),(34_4_2_1_76),(35_4_2_1_53),(38_4_2_1_79),(39_4_2_1_51),(40_4_2_1_44),(41_4_2_1_78),(42_4_2_1_84),(43_4_2_1_1),(44_4_2_1_11),(45_5_3_2_57),(47_5_3_2_55),(48_5_3_2_83),(49_5_3_2_38),(50_5_3_2_60),(52_5_3_2_66),(53_5_3_2_45),(54_5_3_2_59),(55_5_3_2_3),(57_6_3_2_8),(58_6_3_2_82),(59_6_3_2_74),(60_6_3_2_86),(62_6_3_2_81),(63_6_3_2_10),(64_6_3_2_17),(66_6_3_2_23),(68_7_4_2_40),(69_7_4_2_64),(70_7_4_2_18),(71_7_4_2_16),(72_7_4_2_36),(73_7_4_2_88),(74_7_4_2_42),(76_7_4_2_20),(78_8_4_2_6),(79_8_4_2_32),(80_8_4_2_56),(81_8_4_2_26),(82_8_4_2_2),(83_8_4_2_52),(84_8_4_2_22),(86_8_4_2_46),(87_8_4_2_39),(88_8_4_2_43)
real2,0,0,85,1.03,s,EPP-SL,(1_1_1_1_22),(2_1_1_1_32),(3_1_1_1_61),(4_1_1_1_47),(5_1_1_1_5),(7_1_1_1_63),(9_1_1_1_88),(10_1_1_1_7),(11_1_1_1_44),(12_2_1_1_31),(14_2_1_1_59),(16_2_1_1_49),(17_2_1_1_39),(18_2_1_1_8),(19_2_1_1_10),(20_2_1_1_2),(21_2_1_1_13),(22_2_1_1_41),(23_3_2_1_78),(24_3_2_1_42),(25_3_2_1_82),(27_3_2_1_3),(29_3_2_1_46),(30_3_2_1_86),(32_3_2_1_64),(33_3_2_1_65),(34_4_2_1_87),(35_4_2_1_51),(38_4_2_1_14),(39_4_2_1_48),(40_4_2_1_84),(41_4_2_1_20),(42_4_2_1_12),(43_4_2_1_1),(44_4_2_1_36),(45_5_3_2_43),(47_5_3_2_75),(48_5_3_2_77),(49_5_3_2_28),(50_5_3_2_55),(52_5_3_2_25),(53_5_3_2_68),(54_5_3_2_30),(55_5_3_2_15),(57_6_3_2_9),(58_6_3_2_33),(59_6_3_2_34),(60_6_3_2_23),(62_6_3_2_52),(63_6_3_2_24),(64_6_3_2_18),(66_6_3_2_11),(68_7_4_2_37),(69_7_4_2_6),(70_7_4_2_17),(71_7_4_2_45),(72_7_4_2_4),(73_7_4_2_16),(74_7_4_2_27),(76_7_4_2_19),(78_8_4_2_66),(79_8_4_2_29),(80_8_4_2_53),(81_8_4_2_57),(82_8_4_2_54),(83_8_4_2_38),(84_8_4_2_26),(86_8_4_2_79),(87_8_4_2_21),(88_8_4_2_40)
real2,0,0,90,0.95,s,EPP-SL,(1_1_1_1_45),(2_1_1_1_37),(3_1_1_1_87),(4_1_1_1_77),(5_1_1_1_68),(6_1_1_1_19),(7_1_1_1_15),(9_1_1_1_49),(10_1_1_1_85),(11_1_1_1_48),(12_2_1_1_12),(13_2_1_1_20),(14_2_1_1_62),(16_2_1_1_72),(17_2_1_1_75),(18_2_1_1_61),(19_2_1_1_33),(20_2_1_1_47),(21_2_1_1_55),(22_2_1_1_81),(23_3_2_1_41),(24_3_2_1_8),(26_3_2_1_39),(27_3_2_1_84),(28_3_2_1_88),(29_3_2_1_38),(32_3_2_1_29),(33_3_2_1_16),(34_4_2_1_30),(35_4_2_1_56),(36_4_2_1_78),(38_4_2_1_22),(39_4_2_1_60),(40_4_2_1_74),(41_4_2_1_64),(43_4_2_1_23),(44_4_2_1_59),(45_5_3_2_51),(47_5_3_2_46),(48_5_3_2_26),(49_5_3_2_50),(50_5_3_2_34),(51_5_3_2_86),(52_5_3_2_40),(53_5_3_2_53),(54_5_3_2_70),(55_5_3_2_36),(56_6_3_2_65),(57_6_3_2_66),(58_6_3_2_44),(59_6_3_2_58),(62_6_3_2_73),(63_6_3_2_32),(64_6_3_2_18),(65_6_3_2_31),(66_6_3_2_21),(68_7_4_2_25),(69_7_4_2_54),(70_7_4_2_17),(71_7_4_2_67),(72_7_4_2_79),(73_7_4_2_63),(74_7_4_2_11),(75_7_4_2_80),(77_7_4_2_83),(78_8_4_2_52),(79_8_4_2_57),(80_8_4_2_10),(81_8_4_2_42),(82_8_4_2_43),(83_8_4_2_9),(84_8_4_2_76),(86_8_4_2_69),(87_8_4_2_82),(88_8_4_2_24)
real2,0,0,90,0.99,s,EPP-SL,(1_1_1_1_15),(2_1_1_1_25),(3_1_1_1_66),(4_1_1_1_33),(5_1_1_1_54),(6_1_1_1_17),(7_1_1_1_76),(9_1_1_1_83),(10_1_1_1_43),(11_1_1_1_16),(12_2_1_1_31),(13_2_1_1_21),(14_2_1_1_52),(16_2_1_1_58),(17_2_1_1_29),(18_2_1_1_39),(19_2_1_1_86),(20_2_1_1_61),(21_2_1_1_75),(22_2_1_1_40),(23_3_2_1_32),(24_3_2_1_51),(26_3_2_1_12),(27_3_2_1_19),(29_3_2_1_56),(31_3_2_1_82),(32_3_2_1_44),(33_3_2_1_38),(34_4_2_1_67),(35_4_2_1_1),(36_4_2_1_20),(38_4_2_1_65),(39_4_2_1_53),(41_4_2_1_18),(42_4_2_1_84),(43_4_2_1_41),(44_4_2_1_77),(45_5_3_2_79),(47_5_3_2_49),(48_5_3_2_74),(49_5_3_2_34),(50_5_3_2_60),(51_5_3_2_47),(52_5_3_2_22),(53_5_3_2_26),(54_5_3_2_55),(55_5_3_2_11),(56_6_3_2_5),(57_6_3_2_23),(58_6_3_2_68),(59_6_3_2_81),(60_6_3_2_8),(62_6_3_2_80),(63_6_3_2_2),(65_6_3_2_6),(66_6_3_2_3),(67_7_4_2_78),(68_7_4_2_48),(69_7_4_2_36),(71_7_4_2_87),(72_7_4_2_9),(73_7_4_2_10),(74_7_4_2_30),(75_7_4_2_57),(77_7_4_2_37),(78_8_4_2_63),(79_8_4_2_88),(80_8_4_2_85),(81_8_4_2_42),(82_8_4_2_24),(83_8_4_2_46),(84_8_4_2_45),(86_8_4_2_62),(87_8_4_2_64),(88_8_4_2_59)
real2,0,0,90,1.03,s,EPP-SL,(1_1_1_1_29),(2_1_1_1_44),(3_1_1_1_54),(4_1_1_1_23),(5_1_1_1_10),(6_1_1_1_19),(7_1_1_1_79),(9_1_1_1_75),(10_1_1_1_26),(11_1_1_1_13),(12_2_1_1_86),(13_2_1_1_3),(14_2_1_1_51),(16_2_1_1_83),(17_2_1_1_78),(18_2_1_1_21),(19_2_1_1_9),(20_2_1_1_5),(21_2_1_1_14),(22_2_1_1_37),(23_3_2_1_61),(24_3_2_1_63),(26_3_2_1_39),(27_3_2_1_8),(28_3_2_1_47),(29_3_2_1_60),(32_3_2_1_41),(33_3_2_1_46),(34_4_2_1_50),(35_4_2_1_52),(36_4_2_1_12),(38_4_2_1_27),(39_4_2_1_48),(40_4_2_1_1),(41_4_2_1_20),(43_4_2_1_64),(44_4_2_1_84),(45_5_3_2_30),(47_5_3_2_28),(48_5_3_2_34),(49_5_3_2_56),(50_5_3_2_55),(51_5_3_2_2),(52_5_3_2_25),(53_5_3_2_77),(54_5_3_2_42),(55_5_3_2_16),(56_6_3_2_82),(57_6_3_2_15),(58_6_3_2_36),(59_6_3_2_49),(60_6_3_2_33),(62_6_3_2_74),(63_6_3_2_7),(65_6_3_2_40),(66_6_3_2_11),(68_7_4_2_57),(69_7_4_2_6),(70_7_4_2_18),(71_7_4_2_59),(72_7_4_2_4),(73_7_4_2_32),(74_7_4_2_38),(75_7_4_2_68),(77_7_4_2_24),(78_8_4_2_66),(79_8_4_2_22),(80_8_4_2_65),(81_8_4_2_88),(82_8_4_2_31),(83_8_4_2_53),(84_8_4_2_43),(85_8_4_2_17),(86_8_4_2_87),(88_8_4_2_45)
real2,0,0,95,0.95,s,EPP-SL,(1_1_1_1_29),(2_1_1_1_40),(3_1_1_1_63),(4_1_1_1_68),(5_1_1_1_23),(7_1_1_1_15),(8_1_1_1_78),(9_1_1_1_56),(10_1_1_1_51),(11_1_1_1_48),(12_2_1_1_80),(13_2_1_1_86),(14_2_1_1_46),(15_2_1_1_64),(16_2_1_1_28),(17_2_1_1_57),(18_2_1_1_77),(19_2_1_1_41),(20_2_1_1_54),(21_2_1_1_53),(22_2_1_1_25),(23_3_2_1_79),(24_3_2_1_42),(25_3_2_1_60),(26_3_2_1_88),(29_3_2_1_34),(30_3_2_1_31),(31_3_2_1_21),(32_3_2_1_45),(33_3_2_1_9),(34_4_2_1_27),(35_4_2_1_38),(36_4_2_1_20),(38_4_2_1_70),(39_4_2_1_26),(40_4_2_1_81),(41_4_2_1_47),(42_4_2_1_82),(43_4_2_1_87),(44_4_2_1_74),(45_5_3_2_55),(47_5_3_2_50),(48_5_3_2_11),(49_5_3_2_35),(50_5_3_2_16),(51_5_3_2_84),(52_5_3_2_59),(53_5_3_2_8),(54_5_3_2_62),(55_5_3_2_32),(56_6_3_2_12),(57_6_3_2_66),(59_6_3_2_30),(60_6_3_2_36),(62_6_3_2_71),(63_6_3_2_37),(64_6_3_2_18),(65_6_3_2_67),(66_6_3_2_33),(68_7_4_2_22),(69_7_4_2_75),(70_7_4_2_17),(71_7_4_2_49),(72_7_4_2_44),(73_7_4_2_83),(74_7_4_2_69),(75_7_4_2_85),(76_7_4_2_61),(78_8_4_2_24),(79_8_4_2_65),(80_8_4_2_73),(81_8_4_2_58),(82_8_4_2_43),(83_8_4_2_10),(84_8_4_2_76),(85_8_4_2_19),(86_8_4_2_72),(87_8_4_2_39),(88_8_4_2_52)
real2,0,0,95,0.99,s,EPP-SL,(1_1_1_1_45),(2_1_1_1_15),(3_1_1_1_22),(4_1_1_1_41),(5_1_1_1_33),(7_1_1_1_38),(8_1_1_1_39),(9_1_1_1_76),(10_1_1_1_40),(11_1_1_1_59),(12_2_1_1_26),(13_2_1_1_20),(14_2_1_1_65),(15_2_1_1_84),(16_2_1_1_14),(17_2_1_1_44),(18_2_1_1_8),(19_2_1_1_68),(20_2_1_1_23),(21_2_1_1_63),(22_2_1_1_43),(23_3_2_1_77),(24_3_2_1_55),(25_3_2_1_83),(28_3_2_1_82),(29_3_2_1_27),(30_3_2_1_75),(31_3_2_1_86),(32_3_2_1_24),(33_3_2_1_80),(34_4_2_1_62),(35_4_2_1_60),(36_4_2_1_47),(38_4_2_1_81),(39_4_2_1_49),(40_4_2_1_25),(41_4_2_1_21),(42_4_2_1_12),(43_4_2_1_32),(44_4_2_1_88),(45_5_3_2_42),(47_5_3_2_67),(48_5_3_2_30),(49_5_3_2_34),(50_5_3_2_70),(51_5_3_2_64),(52_5_3_2_37),(53_5_3_2_74),(54_5_3_2_53),(55_5_3_2_29),(56_6_3_2_57),(57_6_3_2_11),(59_6_3_2_56),(60_6_3_2_54),(62_6_3_2_50),(63_6_3_2_2),(64_6_3_2_18),(65_6_3_2_5),(66_6_3_2_3),(68_7_4_2_51),(69_7_4_2_36),(70_7_4_2_17),(71_7_4_2_87),(72_7_4_2_9),(73_7_4_2_10),(74_7_4_2_46),(75_7_4_2_16),(76_7_4_2_78),(78_8_4_2_48),(79_8_4_2_66),(80_8_4_2_58),(81_8_4_2_52),(82_8_4_2_31),(83_8_4_2_13),(84_8_4_2_6),(85_8_4_2_19),(86_8_4_2_85),(87_8_4_2_61),(88_8_4_2_79)
real2,0,0,95,1.03,s,EPP-SL,(1_1_1_1_32),(2_1_1_1_31),(3_1_1_1_41),(4_1_1_1_78),(5_1_1_1_11),(7_1_1_1_52),(8_1_1_1_20),(9_1_1_1_79),(10_1_1_1_14),(11_1_1_1_45),(12_2_1_1_40),(13_2_1_1_3),(14_2_1_1_49),(15_2_1_1_21),(16_2_1_1_62),(17_2_1_1_22),(18_2_1_1_9),(19_2_1_1_47),(20_2_1_1_6),(21_2_1_1_75),(22_2_1_1_68),(23_3_2_1_64),(24_3_2_1_51),(25_3_2_1_48),(28_3_2_1_10),(29_3_2_1_74),(30_3_2_1_66),(31_3_2_1_61),(32_3_2_1_7),(33_3_2_1_60),(34_4_2_1_50),(35_4_2_1_46),(36_4_2_1_8),(38_4_2_1_28),(39_4_2_1_34),(40_4_2_1_86),(41_4_2_1_2),(42_4_2_1_1),(43_4_2_1_36),(44_4_2_1_54),(45_5_3_2_57),(47_5_3_2_53),(48_5_3_2_63),(49_5_3_2_76),(50_5_3_2_56),(51_5_3_2_5),(52_5_3_2_25),(53_5_3_2_77),(54_5_3_2_27),(55_5_3_2_29),(56_6_3_2_13),(57_6_3_2_33),(59_6_3_2_87),(60_6_3_2_39),(62_6_3_2_83),(63_6_3_2_24),(64_6_3_2_19),(65_6_3_2_43),(66_6_3_2_15),(68_7_4_2_88),(69_7_4_2_4),(70_7_4_2_18),(71_7_4_2_59),(72_7_4_2_16),(73_7_4_2_44),(74_7_4_2_55),(75_7_4_2_82),(76_7_4_2_12),(78_8_4_2_30),(79_8_4_2_84),(80_8_4_2_58),(81_8_4_2_38),(82_8_4_2_26),(83_8_4_2_65),(84_8_4_2_37),(85_8_4_2_17),(86_8_4_2_67),(87_8_4_2_23),(88_8_4_2_42)
real3,0,0,100,0.95,s,EPP-SL
real3,0,0,100,0.99,s,EPP-SL
real3,0,0,100,1.03,s,EPP-SL
real3,0,0,70,0.95,s,EPP-SL,(4_1_1_1_57),(5_1_1_1_61),(7_1_1_1_43),(8_1_1_1_85),(9_1_1_1_73),(10_1_1_1_55),(11_1_1_1_31),(12_2_1_1_78),(13_2_1_1_66),(14_2_1_1_68),(16_2_1_1_24),(17_2_1_1_64),(19_2_1_1_77),(21_2_1_1_42),(22_2_1_1_80),(23_3_2_1_32),(24_3_2_1_20),(25_3_2_1_79),(29_3_2_1_11),(30_3_2_1_88),(32_3_2_1_56),(33_3_2_1_15),(34_4_2_1_27),(35_4_2_1_1),(36_4_2_1_65),(38_4_2_1_71),(39_4_2_1_45),(43_4_2_1_84),(44_4_2_1_81),(45_5_3_2_21),(47_5_3_2_22),(48_5_3_2_13),(49_5_3_2_48),(50_5_3_2_52),(52_5_3_2_37),(53_5_3_2_9),(54_5_3_2_29),(56_6_3_2_87),(57_6_3_2_46),(59_6_3_2_60),(62_6_3_2_62),(63_6_3_2_76),(65_6_3_2_39),(66_6_3_2_44),(68_7_4_2_63),(69_7_4_2_82),(71_7_4_2_83),(72_7_4_2_33),(73_7_4_2_30),(74_7_4_2_19),(75_7_4_2_58),(78_8_4_2_17),(80_8_4_2_70),(81_8_4_2_72),(82_8_4_2_86),(83_8_4_2_75),(84_8_4_2_28),(86_8_4_2_74),(88_8_4_2_40)
real3,0,0,70,0.99,s,EPP-SL,(4_1_1_1_85),(5_1_1_1_44),(7_1_1_1_45),(8_1_1_1_65),(9_1_1_1_55),(10_1_1_1_4),(11_1_1_1_39),(12_2_1_1_20),(13_2_1_1_77),(14_2_1_1_78),(16_2_1_1_68),(17_2_1_1_37),(19_2_1_1_57),(21_2_1_1_80),(22_2_1_1_31),(23_3_2_1_46),(24_3_2_1_42),(25_3_2_1_29),(29_3_2_1_2),(30_3_2_1_56),(32_3_2_1_30),(33_3_2_1_52),(34_4_2_1_79),(35_4_2_1_1),(36_4_2_1_66),(38_4_2_1_12),(39_4_2_1_88),(43_4_2_1_82),(44_4_2_1_84),(45_5_3_2_22),(47_5_3_2_43),(48_5_3_2_87),(49_5_3_2_60),(50_5_3_2_3),(52_5_3_2_17),(53_5_3_2_58),(54_5_3_2_8),(56_6_3_2_15),(57_6_3_2_32),(59_6_3_2_24),(62_6_3_2_63),(63_6_3_2_13),(65_6_3_2_21),(66_6_3_2_33),(68_7_4_2_76),(69_7_4_2_61),(71_7_4_2_86),(72_7_4_2_9),(73_7_4_2_64),(74_7_4_2_5),(75_7_4_2_19),(78_8_4_2_40),(80_8_4_2_71),(81_8_4_2_27),(82_8_4_2_28),(83_8_4_2_72),(84_8_4_2_11),(86_8_4_2_83),(88_8_4_2_81)
real3,0,0,70,1.03,s,EPP-SL,(4_1_1_1_13),(5_1_1_1_5),(7_1_1_1_55),(8_1_1_1_9),(9_1_1_1_84),(10_1_1_1_31),(11_1_1_1_19),(12_2_1_1_22),(13_2_1_1_2),(14_2_1_1_14),(16_2_1_1_88),(17_2_1_1_33),(19_2_1_1_17),(21_2_1_1_39),(22_2_1_1_28),(23_3_2_1_44),(24_3_2_1_56),(25_3_2_1_7),(29_3_2_1_35),(30_3_2_1_61),(32_3_2_1_66),(33_3_2_1_43),(34_4_2_1_45),(35_4_2_1_1),(36_4_2_1_4),(38_4_2_1_40),(39_4_2_1_10),(43_4_2_1_30),(44_4_2_1_46),(45_5_3_2_85),(47_5_3_2_76),(48_5_3_2_24),(49_5_3_2_26),(50_5_3_2_80),(52_5_3_2_21),(53_5_3_2_27),(54_5_3_2_16),(56_6_3_2_77),(57_6_3_2_11),(59_6_3_2_58),(62_6_3_2_86),(63_6_3_2_8),(65_6_3_2_57),(66_6_3_2_32),(68_7_4_2_6),(69_7_4_2_3),(71_7_4_2_82),(72_7_4_2_15),(73_7_4_2_37),(74_7_4_2_18),(75_7_4_2_20),(78_8_4_2_29),(80_8_4_2_81),(81_8_4_2_42),(82_8_4_2_65),(83_8_4_2_25),(84_8_4_2_12),(86_8_4_2_87),(88_8_4_2_64)
real3,0,0,75,0.95,s,EPP-SL,(1_1_1_1_87),(2_1_1_1_28),(3_1_1_1_76),(4_1_1_1_64),(7_1_1_1_15),(9_1_1_1_68),(10_1_1_1_78),(11_1_1_1_39),(12_2_1_1_17),(13_2_1_1_77),(14_2_1_1_71),(16_2_1_1_54),(18_2_1_1_82),(20_2_1_1_57),(21_2_1_1_72),(22_2_1_1_40),(23_3_2_1_32),(24_3_2_1_45),(25_3_2_1_9),(26_3_2_1_46),(29_3_2_1_48),(32_3_2_1_58),(33_3_2_1_11),(34_4_2_1_35),(35_4_2_1_75),(38_4_2_1_19),(39_4_2_1_13),(40_4_2_1_1),(41_4_2_1_65),(43_4_2_1_81),(44_4_2_1_88),(45_5_3_2_21),(47_5_3_2_60),(48_5_3_2_20),(49_5_3_2_24),(50_5_3_2_62),(53_5_3_2_42),(54_5_3_2_73),(55_5_3_2_37),(56_6_3_2_55),(57_6_3_2_44),(59_6_3_2_27),(60_6_3_2_61),(62_6_3_2_70),(63_6_3_2_30),(66_6_3_2_84),(68_7_4_2_29),(69_7_4_2_33),(70_7_4_2_66),(73_7_4_2_86),(74_7_4_2_22),(75_7_4_2_79),(76_7_4_2_85),(78_8_4_2_83),(79_8_4_2_80),(80_8_4_2_52),(81_8_4_2_43),(82_8_4_2_56),(83_8_4_2_69),(84_8_4_2_31),(86_8_4_2_74),(88_8_4_2_63)
real3,0,0,75,0.99,s,EPP-SL,(1_1_1_1_28),(2_1_1_1_13),(3_1_1_1_84),(4_1_1_1_85),(7_1_1_1_63),(9_1_1_1_87),(10_1_1_1_39),(11_1_1_1_76),(12_2_1_1_20),(13_2_1_1_33),(14_2_1_1_12),(16_2_1_1_71),(18_2_1_1_57),(20_2_1_1_32),(21_2_1_1_22),(22_2_1_1_40),(23_3_2_1_30),(24_3_2_1_8),(25_3_2_1_29),(26_3_2_1_46),(29_3_2_1_2),(32_3_2_1_64),(33_3_2_1_26),(34_4_2_1_52),(35_4_2_1_79),(38_4_2_1_88),(39_4_2_1_55),(40_4_2_1_1),(41_4_2_1_44),(43_4_2_1_37),(44_4_2_1_15),(45_5_3_2_80),(47_5_3_2_3),(48_5_3_2_45),(49_5_3_2_72),(50_5_3_2_16),(53_5_3_2_58),(54_5_3_2_78),(55_5_3_2_17),(56_6_3_2_81),(57_6_3_2_61),(59_6_3_2_43),(60_6_3_2_77),(62_6_3_2_83),(63_6_3_2_4),(66_6_3_2_9),(68_7_4_2_86),(69_7_4_2_82),(70_7_4_2_66),(73_7_4_2_11),(74_7_4_2_24),(75_7_4_2_56),(76_7_4_2_65),(78_8_4_2_27),(79_8_4_2_31),(80_8_4_2_73),(81_8_4_2_5),(82_8_4_2_21),(83_8_4_2_60),(84_8_4_2_19),(86_8_4_2_68),(88_8_4_2_42)
real3,0,0,75,1.03,s,EPP-SL,(1_1_1_1_57),(2_1_1_1_28),(3_1_1_1_37),(4_1_1_1_33),(7_1_1_1_55),(9_1_1_1_56),(10_1_1_1_77),(11_1_1_1_22),(12_2_1_1_82),(13_2_1_1_3),(14_2_1_1_24),(16_2_1_1_78),(18_2_1_1_17),(20_2_1_1_13),(21_2_1_1_29),(22_2_1_1_85),(23_3_2_1_65),(24_3_2_1_84),(25_3_2_1_64),(26_3_2_1_44),(29_3_2_1_45),(32_3_2_1_61),(33_3_2_1_23),(34_4_2_1_63),(35_4_2_1_76),(38_4_2_1_58),(39_4_2_1_16),(40_4_2_1_1),(41_4_2_1_9),(43_4_2_1_15),(44_4_2_1_46),(45_5_3_2_39),(47_5_3_2_43),(48_5_3_2_18),(49_5_3_2_35),(50_5_3_2_87),(53_5_3_2_10),(54_5_3_2_42),(55_5_3_2_8),(56_6_3_2_31),(57_6_3_2_11),(59_6_3_2_81),(60_6_3_2_32),(62_6_3_2_80),(63_6_3_2_20),(66_6_3_2_5),(68_7_4_2_40),(69_7_4_2_30),(70_7_4_2_4),(73_7_4_2_21),(74_7_4_2_26),(75_7_4_2_12),(76_7_4_2_2),(78_8_4_2_27),(79_8_4_2_66),(80_8_4_2_86),(81_8_4_2_14),(82_8_4_2_19),(83_8_4_2_88),(84_8_4_2_6),(86_8_4_2_25),(88_8_4_2_7)
real3,0,0,80,0.95,s,EPP-SL,(1_1_1_1_31),(2_1_1_1_28),(3_1_1_1_88),(4_1_1_1_84),(5_1_1_1_61),(7_1_1_1_24),(9_1_1_1_75),(10_1_1_1_40),(11_1_1_1_42),(12_2_1_1_17),(14_2_1_1_19),(16_2_1_1_35),(17_2_1_1_81),(18_2_1_1_77),(19_2_1_1_46),(20_2_1_1_82),(21_2_1_1_29),(22_2_1_1_21),(23_3_2_1_32),(24_3_2_1_22),(25_3_2_1_72),(26_3_2_1_33),(29_3_2_1_59),(30_3_2_1_83),(32_3_2_1_86),(33_3_2_1_12),(34_4_2_1_26),(35_4_2_1_70),(36_4_2_1_85),(38_4_2_1_15),(39_4_2_1_27),(40_4_2_1_1),(41_4_2_1_65),(44_4_2_1_76),(45_5_3_2_13),(47_5_3_2_48),(48_5_3_2_60),(49_5_3_2_49),(50_5_3_2_36),(52_5_3_2_56),(53_5_3_2_45),(54_5_3_2_52),(55_5_3_2_30),(56_6_3_2_79),(57_6_3_2_64),(58_6_3_2_37),(59_6_3_2_62),(62_6_3_2_69),(63_6_3_2_58),(65_6_3_2_63),(66_6_3_2_57),(68_7_4_2_68),(69_7_4_2_44),(70_7_4_2_66),(71_7_4_2_71),(73_7_4_2_78),(74_7_4_2_11),(75_7_4_2_55),(77_7_4_2_87),(78_8_4_2_20),(79_8_4_2_39),(80_8_4_2_54),(81_8_4_2_43),(82_8_4_2_80),(83_8_4_2_53),(84_8_4_2_9),(86_8_4_2_74),(88_8_4_2_73)
real3,0,0,80,0.99,s,EPP-SL,(1_1_1_1_31),(2_1_1_1_19),(3_1_1_1_64),(4_1_1_1_46),(5_1_1_1_61),(7_1_1_1_72),(9_1_1_1_79),(10_1_1_1_22),(11_1_1_1_29),(12_2_1_1_80),(14_2_1_1_63),(16_2_1_1_48),(17_2_1_1_84),(18_2_1_1_33),(19_2_1_1_85),(20_2_1_1_57),(21_2_1_1_8),(22_2_1_1_86),(23_3_2_1_30),(24_3_2_1_3),(25_3_2_1_87),(26_3_2_1_32),(29_3_2_1_25),(30_3_2_1_39),(32_3_2_1_4),(33_3_2_1_35),(34_4_2_1_73),(35_4_2_1_68),(36_4_2_1_65),(38_4_2_1_5),(39_4_2_1_83),(40_4_2_1_1),(41_4_2_1_44),(44_4_2_1_21),(45_5_3_2_55),(47_5_3_2_60),(48_5_3_2_45),(49_5_3_2_16),(50_5_3_2_18),(52_5_3_2_20),(53_5_3_2_78),(54_5_3_2_24),(55_5_3_2_17),(56_6_3_2_40),(57_6_3_2_9),(58_6_3_2_37),(59_6_3_2_71),(62_6_3_2_62),(63_6_3_2_11),(65_6_3_2_76),(66_6_3_2_82),(68_7_4_2_42),(69_7_4_2_77),(70_7_4_2_66),(71_7_4_2_88),(73_7_4_2_28),(74_7_4_2_2),(75_7_4_2_81),(77_7_4_2_15),(78_8_4_2_27),(79_8_4_2_56),(80_8_4_2_10),(81_8_4_2_43),(82_8_4_2_13),(83_8_4_2_26),(84_8_4_2_58),(86_8_4_2_52),(88_8_4_2_12)
real3,0,0,80,1.03,s,EPP-SL,(1_1_1_1_12),(2_1_1_1_19),(3_1_1_1_21),(4_1_1_1_44),(5_1_1_1_33),(7_1_1_1_87),(9_1_1_1_43),(10_1_1_1_85),(11_1_1_1_39),(12_2_1_1_6),(14_2_1_1_45),(16_2_1_1_36),(17_2_1_1_15),(18_2_1_1_2),(19_2_1_1_11),(20_2_1_1_13),(21_2_1_1_42),(22_2_1_1_27),(23_3_2_1_65),(24_3_2_1_26),(25_3_2_1_14),(26_3_2_1_17),(29_3_2_1_23),(30_3_2_1_22),(32_3_2_1_28),(33_3_2_1_88),(34_4_2_1_63),(35_4_2_1_80),(36_4_2_1_9),(38_4_2_1_18),(39_4_2_1_58),(42_4_2_1_3),(43_4_2_1_1),(44_4_2_1_57),(45_5_3_2_24),(47_5_3_2_86),(48_5_3_2_76),(49_5_3_2_79),(50_5_3_2_78),(52_5_3_2_37),(53_5_3_2_10),(54_5_3_2_81),(55_5_3_2_8),(56_6_3_2_29),(57_6_3_2_30),(58_6_3_2_66),(59_6_3_2_35),(62_6_3_2_48),(63_6_3_2_31),(65_6_3_2_7),(66_6_3_2_5),(68_7_4_2_40),(69_7_4_2_32),(70_7_4_2_4),(71_7_4_2_84),(73_7_4_2_77),(74_7_4_2_25),(75_7_4_2_82),(77_7_4_2_61),(78_8_4_2_16),(79_8_4_2_46),(80_8_4_2_52),(81_8_4_2_55),(82_8_4_2_20),(83_8_4_2_60),(84_8_4_2_64),(86_8_4_2_68),(88_8_4_2_56)
real3,0,0,85,0.95,s,EPP-SL,(1_1_1_1_31),(2_1_1_1_28),(3_1_1_1_63),(4_1_1_1_33),(5_1_1_1_30),(7_1_1_1_69),(9_1_1_1_75),(10_1_1_1_29),(11_1_1_1_42),(12_2_1_1_9),(14_2_1_1_22),(16_2_1_1_36),(17_2_1_1_80),(18_2_1_1_61),(19_2_1_1_46),(20_2_1_1_44),(21_2_1_1_13),(22_2_1_1_21),(23_3_2_1_88),(24_3_2_1_15),(25_3_2_1_73),(27_3_2_1_82),(29_3_2_1_12),(30_3_2_1_83),(32_3_2_1_39),(33_3_2_1_25),(34_4_2_1_26),(35_4_2_1_70),(38_4_2_1_52),(39_4_2_1_60),(40_4_2_1_87),(41_4_2_1_85),(42_4_2_1_57),(43_4_2_1_1),(44_4_2_1_58),(45_5_3_2_45),(47_5_3_2_24),(48_5_3_2_11),(49_5_3_2_53),(50_5_3_2_67),(52_5_3_2_55),(53_5_3_2_43),(54_5_3_2_62),(55_5_3_2_56),(57_6_3_2_32),(58_6_3_2_76),(59_6_3_2_74),(60_6_3_2_37),(62_6_3_2_49),(63_6_3_2_17),(64_6_3_2_66),(66_6_3_2_64),(68_7_4_2_19),(69_7_4_2_81),(70_7_4_2_65),(71_7_4_2_71),(72_7_4_2_86),(73_7_4_2_40),(74_7_4_2_48),(76_7_4_2_77),(78_8_4_2_68),(79_8_4_2_79),(80_8_4_2_54),(81_8_4_2_27),(82_8_4_2_78),(83_8_4_2_59),(84_8_4_2_72),(86_8_4_2_35),(87_8_4_2_84),(88_8_4_2_20)
real3,0,0,85,0.99,s,EPP-SL,(1_1_1_1_11),(2_1_1_1_15),(3_1_1_1_40),(4_1_1_1_37),(5_1_1_1_30),(7_1_1_1_73),(9_1_1_1_24),(10_1_1_1_42),(11_1_1_1_58),(12_2_1_1_80),(14_2_1_1_72),(16_2_1_1_10),(17_2_1_1_21),(18_2_1_1_85),(19_2_1_1_82),(20_2_1_1_32),(21_2_1_1_45),(22_2_1_1_29),(23_3_2_1_31),(24_3_2_1_43),(25_3_2_1_8),(27_3_2_1_44),(29_3_2_1_16),(30_3_2_1_86),(32_3_2_1_22),(33_3_2_1_35),(34_4_2_1_14),(35_4_2_1_68),(38_4_2_1_3),(39_4_2_1_79),(40_4_2_1_81),(41_4_2_1_33),(42_4_2_1_61),(43_4_2_1_1),(44_4_2_1_19),(45_5_3_2_5),(47_5_3_2_60),(48_5_3_2_83),(49_5_3_2_26),(50_5_3_2_6),(52_5_3_2_20),(53_5_3_2_88),(54_5_3_2_63),(55_5_3_2_28),(57_6_3_2_9),(58_6_3_2_64),(59_6_3_2_52),(60_6_3_2_46),(62_6_3_2_25),(63_6_3_2_4),(64_6_3_2_66),(66_6_3_2_17),(68_7_4_2_78),(69_7_4_2_84),(70_7_4_2_65),(71_7_4_2_87),(72_7_4_2_13),(73_7_4_2_39),(74_7_4_2_2),(76_7_4_2_57),(78_8_4_2_12),(79_8_4_2_56),(80_8_4_2_48),(81_8_4_2_71),(82_8_4_2_76),(83_8_4_2_18),(84_8_4_2_27),(86_8_4_2_62),(87_8_4_2_77),(88_8_4_2_55)
real3,0,0,85,1.03,s,EPP-SL,(1_1_1_1_7),(2_1_1_1_61),(3_1_1_1_77),(4_1_1_1_66),(5_1_1_1_8),(7_1_1_1_63),(9_1_1_1_55),(10_1_1_1_10),(11_1_1_1_39),(12_2_1_1_27),(14_2_1_1_86),(16_2_1_1_72),(17_2_1_1_21),(18_2_1_1_5),(19_2_1_1_65),(20_2_1_1_32),(21_2_1_1_56),(22_2_1_1_29),(23_3_2_1_57),(24_3_2_1_25),(25_3_2_1_24),(27_3_2_1_3),(29_3_2_1_52),(30_3_2_1_64),(32_3_2_1_31),(33_3_2_1_23),(34_4_2_1_68),(35_4_2_1_87),(38_4_2_1_26),(39_4_2_1_81),(40_4_2_1_20),(41_4_2_1_13),(42_4_2_1_17),(43_4_2_1_1),(44_4_2_1_22),(45_5_3_2_14),(47_5_3_2_88),(48_5_3_2_76),(49_5_3_2_71),(50_5_3_2_60),(52_5_3_2_6),(53_5_3_2_58),(54_5_3_2_43),(55_5_3_2_46),(57_6_3_2_44),(58_6_3_2_37),(59_6_3_2_80),(60_6_3_2_33),(62_6_3_2_36),(63_6_3_2_12),(64_6_3_2_9),(66_6_3_2_15),(68_7_4_2_16),(69_7_4_2_30),(70_7_4_2_4),(71_7_4_2_84),(72_7_4_2_19),(73_7_4_2_82),(74_7_4_2_35),(76_7_4_2_2),(78_8_4_2_42),(79_8_4_2_85),(80_8_4_2_78),(81_8_4_2_45),(82_8_4_2_28),(83_8_4_2_48),(84_8_4_2_40),(86_8_4_2_79),(87_8_4_2_11),(88_8_4_2_18)
real3,0,0,90,0.95,s,EPP-SL,(1_1_1_1_72),(2_1_1_1_9),(3_1_1_1_79),(4_1_1_1_76),(5_1_1_1_33),(6_1_1_1_66),(7_1_1_1_59),(9_1_1_1_70),(10_1_1_1_13),(11_1_1_1_45),(12_2_1_1_20),(13_2_1_1_65),(14_2_1_1_74),(16_2_1_1_50),(17_2_1_1_31),(18_2_1_1_61),(19_2_1_1_32),(20_2_1_1_46),(21_2_1_1_22),(22_2_1_1_19),(23_3_2_1_28),(24_3_2_1_35),(26_3_2_1_37),(27_3_2_1_57),(29_3_2_1_53),(31_3_2_1_80),(32_3_2_1_42),(33_3_2_1_12),(34_4_2_1_51),(35_4_2_1_1),(36_4_2_1_82),(38_4_2_1_11),(39_4_2_1_62),(41_4_2_1_77),(42_4_2_1_84),(43_4_2_1_87),(44_4_2_1_40),(45_5_3_2_60),(47_5_3_2_54),(48_5_3_2_24),(49_5_3_2_4),(50_5_3_2_47),(51_5_3_2_44),(52_5_3_2_83),(53_5_3_2_43),(54_5_3_2_48),(55_5_3_2_88),(56_6_3_2_71),(57_6_3_2_56),(58_6_3_2_58),(59_6_3_2_49),(60_6_3_2_81),(62_6_3_2_67),(63_6_3_2_17),(65_6_3_2_29),(66_6_3_2_30),(67_7_4_2_85),(68_7_4_2_15),(69_7_4_2_86),(71_7_4_2_75),(72_7_4_2_78),(73_7_4_2_63),(74_7_4_2_26),(75_7_4_2_73),(77_7_4_2_21),(78_8_4_2_52),(79_8_4_2_55),(80_8_4_2_36),(81_8_4_2_69),(82_8_4_2_39),(83_8_4_2_25),(84_8_4_2_68),(86_8_4_2_38),(87_8_4_2_64),(88_8_4_2_27)
real3,0,0,90,0.99,s,EPP-SL,(1_1_1_1_22),(2_1_1_1_39),(3_1_1_1_58),(4_1_1_1_84),(5_1_1_1_46),(6_1_1_1_65),(7_1_1_1_26),(9_1_1_1_83),(10_1_1_1_12),(11_1_1_1_42),(12_2_1_1_55),(13_2_1_1_33),(14_2_1_1_60),(16_2_1_1_7),(17_2_1_1_31),(18_2_1_1_9),(19_2_1_1_37),(20_2_1_1_61),(21_2_1_1_43),(22_2_1_1_27),(23_3_2_1_21),(24_3_2_1_68),(26_3_2_1_13),(27_3_2_1_32),(28_3_2_1_64),(29_3_2_1_48),(32_3_2_1_20),(33_3_2_1_36),(34_4_2_1_10),(35_4_2_1_73),(36_4_2_1_57),(38_4_2_1_2),(39_4_2_1_16),(40_4_2_1_1),(41_4_2_1_77),(43_4_2_1_56),(44_4_2_1_86),(45_5_3_2_5),(47_5_3_2_35),(48_5_3_2_52),(49_5_3_2_6),(50_5_3_2_14),(51_5_3_2_85),(52_5_3_2_80),(53_5_3_2_24),(54_5_3_2_72),(55_5_3_2_15),(56_6_3_2_88),(57_6_3_2_82),(58_6_3_2_11),(59_6_3_2_25),(60_6_3_2_28),(62_6_3_2_62),(63_6_3_2_81),(65_6_3_2_78),(66_6_3_2_17),(68_7_4_2_63),(69_7_4_2_30),(70_7_4_2_44),(71_7_4_2_45),(72_7_4_2_4),(73_7_4_2_29),(74_7_4_2_18),(75_7_4_2_87),(77_7_4_2_40),(78_8_4_2_79),(79_8_4_2_76),(80_8_4_2_75),(81_8_4_2_71),(82_8_4_2_19),(83_8_4_2_49),(84_8_4_2_8),(85_8_4_2_66),(86_8_4_2_70),(88_8_4_2_3)
real3,0,0,90,1.03,s,EPP-SL,(1_1_1_1_22),(2_1_1_1_7),(3_1_1_1_85),(4_1_1_1_46),(5_1_1_1_66),(6_1_1_1_9),(7_1_1_1_78),(9_1_1_1_87),(10_1_1_1_42),(11_1_1_1_10),(12_2_1_1_84),(13_2_1_1_13),(14_2_1_1_88),(16_2_1_1_73),(17_2_1_1_19),(18_2_1_1_5),(19_2_1_1_44),(20_2_1_1_33),(21_2_1_1_43),(22_2_1_1_24),(23_3_2_1_61),(24_3_2_1_63),(26_3_2_1_21),(27_3_2_1_3),(28_3_2_1_37),(29_3_2_1_60),(32_3_2_1_29),(33_3_2_1_62),(34_4_2_1_48),(35_4_2_1_79),(36_4_2_1_11),(38_4_2_1_45),(39_4_2_1_25),(40_4_2_1_1),(41_4_2_1_32),(43_4_2_1_20),(44_4_2_1_27),(45_5_3_2_81),(47_5_3_2_23),(48_5_3_2_80),(49_5_3_2_71),(50_5_3_2_34),(51_5_3_2_17),(52_5_3_2_64),(53_5_3_2_58),(54_5_3_2_86),(55_5_3_2_28),(56_6_3_2_40),(57_6_3_2_8),(58_6_3_2_57),(59_6_3_2_36),(60_6_3_2_30),(62_6_3_2_83),(63_6_3_2_6),(65_6_3_2_56),(66_6_3_2_15),(68_7_4_2_18),(69_7_4_2_65),(70_7_4_2_2),(71_7_4_2_76),(72_7_4_2_12),(73_7_4_2_39),(74_7_4_2_52),(75_7_4_2_16),(77_7_4_2_77),(78_8_4_2_55),(79_8_4_2_82),(80_8_4_2_68),(81_8_4_2_35),(82_8_4_2_31),(83_8_4_2_38),(84_8_4_2_14),(85_8_4_2_4),(86_8_4_2_72),(88_8_4_2_26)
real3,0,0,95,0.95,s,EPP-SL,(1_1_1_1_40),(2_1_1_1_17),(3_1_1_1_79),(4_1_1_1_87),(5_1_1_1_30),(7_1_1_1_25),(8_1_1_1_84),(9_1_1_1_74),(10_1_1_1_45),(11_1_1_1_60),(12_2_1_1_22),(13_2_1_1_57),(14_2_1_1_26),(15_2_1_1_82),(16_2_1_1_34),(17_2_1_1_78),(18_2_1_1_32),(19_2_1_1_56),(20_2_1_1_64),(21_2_1_1_52),(22_2_1_1_19),(23_3_2_1_31),(24_3_2_1_35),(25_3_2_1_11),(26_3_2_1_80),(29_3_2_1_47),(30_3_2_1_73),(31_3_2_1_88),(32_3_2_1_42),(33_3_2_1_18),(34_4_2_1_4),(35_4_2_1_67),(36_4_2_1_61),(38_4_2_1_59),(39_4_2_1_69),(40_4_2_1_71),(41_4_2_1_77),(42_4_2_1_33),(43_4_2_1_58),(44_4_2_1_83),(45_5_3_2_15),(47_5_3_2_53),(48_5_3_2_54),(49_5_3_2_16),(50_5_3_2_41),(51_5_3_2_46),(52_5_3_2_9),(53_5_3_2_75),(54_5_3_2_24),(55_5_3_2_55),(56_6_3_2_43),(57_6_3_2_86),(59_6_3_2_36),(60_6_3_2_81),(62_6_3_2_51),(63_6_3_2_63),(64_6_3_2_65),(65_6_3_2_13),(66_6_3_2_76),(68_7_4_2_48),(69_7_4_2_28),(70_7_4_2_66),(71_7_4_2_62),(72_7_4_2_39),(73_7_4_2_21),(74_7_4_2_12),(75_7_4_2_68),(76_7_4_2_44),(78_8_4_2_70),(79_8_4_2_72),(80_8_4_2_38),(81_8_4_2_49),(82_8_4_2_29),(83_8_4_2_8),(84_8_4_2_20),(85_8_4_2_85),(86_8_4_2_50),(87_8_4_2_37),(88_8_4_2_27)
real3,0,0,95,0.99,s,EPP-SL,(1_1_1_1_40),(2_1_1_1_76),(3_1_1_1_81),(4_1_1_1_21),(5_1_1_1_28),(7_1_1_1_25),(8_1_1_1_61),(9_1_1_1_60),(10_1_1_1_45),(11_1_1_1_8),(12_2_1_1_78),(13_2_1_1_9),(14_2_1_1_18),(15_2_1_1_57),(16_2_1_1_69),(17_2_1_1_20),(18_2_1_1_46),(19_2_1_1_64),(20_2_1_1_82),(21_2_1_1_24),(22_2_1_1_55),(23_3_2_1_56),(24_3_2_1_52),(25_3_2_1_3),(26_3_2_1_13),(29_3_2_1_36),(30_3_2_1_87),(31_3_2_1_84),(32_3_2_1_1),(33_3_2_1_54),(34_4_2_1_49),(35_4_2_1_48),(36_4_2_1_32),(38_4_2_1_35),(39_4_2_1_68),(40_4_2_1_86),(41_4_2_1_85),(42_4_2_1_37),(43_4_2_1_39),(44_4_2_1_80),(45_5_3_2_72),(47_5_3_2_6),(48_5_3_2_26),(49_5_3_2_23),(50_5_3_2_7),(51_5_3_2_33),(52_5_3_2_29),(53_5_3_2_71),(54_5_3_2_16),(55_5_3_2_15),(56_6_3_2_12),(57_6_3_2_11),(59_6_3_2_62),(60_6_3_2_17),(62_6_3_2_74),(63_6_3_2_27),(64_6_3_2_66),(65_6_3_2_43),(66_6_3_2_4),(68_7_4_2_2),(69_7_4_2_31),(70_7_4_2_44),(71_7_4_2_79),(72_7_4_2_19),(73_7_4_2_22),(74_7_4_2_10),(75_7_4_2_88),(76_7_4_2_77),(78_8_4_2_83),(79_8_4_2_42),(80_8_4_2_75),(81_8_4_2_73),(82_8_4_2_58),(83_8_4_2_14),(84_8_4_2_5),(85_8_4_2_65),(86_8_4_2_70),(87_8_4_2_30),(88_8_4_2_63)
real3,0,0,95,1.03,s,EPP-SL,(1_1_1_1_39),(2_1_1_1_6),(3_1_1_1_29),(4_1_1_1_57),(5_1_1_1_8),(7_1_1_1_48),(8_1_1_1_32),(9_1_1_1_63),(10_1_1_1_42),(11_1_1_1_14),(12_2_1_1_58),(13_2_1_1_11),(14_2_1_1_79),(15_2_1_1_17),(16_2_1_1_75),(17_2_1_1_77),(18_2_1_1_15),(19_2_1_1_65),(20_2_1_1_30),(21_2_1_1_43),(22_2_1_1_84),(23_3_2_1_61),(24_3_2_1_35),(25_3_2_1_80),(28_3_2_1_28),(29_3_2_1_54),(30_3_2_1_56),(31_3_2_1_37),(32_3_2_1_7),(33_3_2_1_34),(34_4_2_1_53),(35_4_2_1_68),(36_4_2_1_3),(38_4_2_1_23),(39_4_2_1_78),(40_4_2_1_10),(41_4_2_1_2),(42_4_2_1_33),(43_4_2_1_12),(44_4_2_1_40),(45_5_3_2_45),(47_5_3_2_60),(48_5_3_2_88),(49_5_3_2_38),(50_5_3_2_62),(51_5_3_2_13),(52_5_3_2_27),(53_5_3_2_86),(54_5_3_2_87),(55_5_3_2_20),(56_6_3_2_16),(57_6_3_2_19),(59_6_3_2_71),(60_6_3_2_46),(62_6_3_2_73),(63_6_3_2_22),(64_6_3_2_1),(65_6_3_2_76),(66_6_3_2_66),(68_7_4_2_55),(69_7_4_2_21),(70_7_4_2_4),(71_7_4_2_81),(72_7_4_2_31),(73_7_4_2_64),(74_7_4_2_36),(75_7_4_2_24),(76_7_4_2_5),(78_8_4_2_26),(79_8_4_2_82),(80_8_4_2_72),(81_8_4_2_52),(82_8_4_2_85),(83_8_4_2_49),(84_8_4_2_18),(85_8_4_2_9),(86_8_4_2_83),(87_8_4_2_44),(88_8_4_2_25)
real4,0,0,100,0.95,s,EPP-SL
real4,0,0,100,0.99,s,EPP-SL
real4,0,0,100,1.03,s,EPP-SL
real4,0,0,70,0.95,s,EPP-SL,(4_1_1_1_78),(5_1_1_1_80),(7_1_1_1_43),(8_1_1_1_85),(9_1_1_1_53),(10_1_1_1_44),(11_1_1_1_38),(12_2_1_1_49),(13_2_1_1_65),(14_2_1_1_31),(16_2_1_1_28),(17_2_1_1_76),(19_2_1_1_83),(21_2_1_1_81),(22_2_1_1_48),(23_3_2_1_70),(24_3_2_1_40),(25_3_2_1_54),(29_3_2_1_47),(30_3_2_1_82),(32_3_2_1_71),(33_3_2_1_32),(34_4_2_1_34),(35_4_2_1_1),(36_4_2_1_84),(38_4_2_1_56),(39_4_2_1_50),(43_4_2_1_79),(44_4_2_1_86),(45_5_3_2_51),(47_5_3_2_27),(48_5_3_2_46),(49_5_3_2_35),(50_5_3_2_25),(52_5_3_2_62),(53_5_3_2_74),(54_5_3_2_66),(56_6_3_2_73),(57_6_3_2_57),(59_6_3_2_30),(62_6_3_2_55),(63_6_3_2_60),(65_6_3_2_39),(66_6_3_2_67),(68_7_4_2_88),(69_7_4_2_68),(71_7_4_2_87),(72_7_4_2_58),(73_7_4_2_77),(74_7_4_2_36),(75_7_4_2_63),(78_8_4_2_72),(80_8_4_2_52),(81_8_4_2_69),(82_8_4_2_75),(83_8_4_2_59),(84_8_4_2_42),(86_8_4_2_64),(88_8_4_2_61)
real4,0,0,70,0.99,s,EPP-SL,(4_1_1_1_67),(5_1_1_1_27),(7_1_1_1_53),(8_1_1_1_65),(9_1_1_1_79),(10_1_1_1_15),(11_1_1_1_48),(12_2_1_1_32),(13_2_1_1_57),(14_2_1_1_35),(16_2_1_1_20),(17_2_1_1_83),(19_2_1_1_68),(21_2_1_1_62),(22_2_1_1_19),(23_3_2_1_39),(24_3_2_1_71),(25_3_2_1_60),(29_3_2_1_74),(30_3_2_1_78),(32_3_2_1_30),(33_3_2_1_7),(34_4_2_1_56),(35_4_2_1_1),(36_4_2_1_84),(38_4_2_1_51),(39_4_2_1_43),(43_4_2_1_85),(44_4_2_1_80),(45_5_3_2_28),(47_5_3_2_86),(48_5_3_2_63),(49_5_3_2_77),(50_5_3_2_50),(52_5_3_2_25),(53_5_3_2_36),(54_5_3_2_9),(56_6_3_2_11),(57_6_3_2_58),(59_6_3_2_54),(62_6_3_2_61),(63_6_3_2_18),(65_6_3_2_23),(66_6_3_2_38),(68_7_4_2_34),(69_7_4_2_42),(71_7_4_2_76),(72_7_4_2_31),(73_7_4_2_44),(74_7_4_2_8),(75_7_4_2_49),(78_8_4_2_40),(80_8_4_2_73),(81_8_4_2_46),(82_8_4_2_70),(83_8_4_2_33),(84_8_4_2_21),(86_8_4_2_75),(88_8_4_2_6)
real4,0,0,70,1.03,s,EPP-SL,(4_1_1_1_15),(5_1_1_1_3),(7_1_1_1_84),(8_1_1_1_6),(9_1_1_1_58),(10_1_1_1_34),(11_1_1_1_12),(12_2_1_1_20),(13_2_1_1_2),(14_2_1_1_67),(16_2_1_1_83),(17_2_1_1_18),(19_2_1_1_7),(21_2_1_1_65),(22_2_1_1_42),(23_3_2_1_27),(24_3_2_1_35),(25_3_2_1_44),(29_3_2_1_26),(30_3_2_1_38),(32_3_2_1_23),(33_3_2_1_80),(34_4_2_1_46),(35_4_2_1_1),(36_4_2_1_9),(38_4_2_1_48),(39_4_2_1_29),(43_4_2_1_19),(44_4_2_1_30),(45_5_3_2_13),(47_5_3_2_68),(48_5_3_2_40),(49_5_3_2_60),(50_5_3_2_62),(52_5_3_2_21),(53_5_3_2_14),(54_5_3_2_49),(56_6_3_2_39),(57_6_3_2_11),(59_6_3_2_43),(62_6_3_2_70),(63_6_3_2_10),(65_6_3_2_17),(66_6_3_2_8),(68_7_4_2_57),(69_7_4_2_4),(71_7_4_2_24),(72_7_4_2_5),(73_7_4_2_25),(74_7_4_2_22),(75_7_4_2_32),(78_8_4_2_36),(80_8_4_2_51),(81_8_4_2_33),(82_8_4_2_31),(83_8_4_2_37),(84_8_4_2_28),(86_8_4_2_50),(88_8_4_2_16)
real4,0,0,75,0.95,s,EPP-SL,(1_1_1_1_42),(2_1_1_1_60),(3_1_1_1_77),(4_1_1_1_76),(7_1_1_1_64),(9_1_1_1_56),(10_1_1_1_82),(11_1_1_1_81),(12_2_1_1_88),(13_2_1_1_84),(14_2_1_1_50),(16_2_1_1_33),(18_2_1_1_80),(20_2_1_1_57),(21_2_1_1_61),(22_2_1_1_63),(23_3_2_1_79),(24_3_2_1_46),(25_3_2_1_87),(26_3_2_1_58),(29_3_2_1_47),(32_3_2_1_38),(33_3_2_1_25),(34_4_2_1_23),(35_4_2_1_66),(38_4_2_1_36),(39_4_2_1_30),(40_4_2_1_1),(41_4_2_1_83),(43_4_2_1_86),(44_4_2_1_71),(45_5_3_2_40),(47_5_3_2_32),(48_5_3_2_69),(49_5_3_2_28),(50_5_3_2_21),(53_5_3_2_72),(54_5_3_2_27),(55_5_3_2_62),(57_6_3_2_68),(59_6_3_2_34),(60_6_3_2_67),(62_6_3_2_55),(63_6_3_2_44),(65_6_3_2_48),(66_6_3_2_78),(68_7_4_2_53),(69_7_4_2_70),(70_7_4_2_65),(73_7_4_2_73),(74_7_4_2_43),(75_7_4_2_74),(76_7_4_2_85),(78_8_4_2_54),(79_8_4_2_75),(80_8_4_2_59),(81_8_4_2_31),(82_8_4_2_49),(83_8_4_2_35),(84_8_4_2_39),(86_8_4_2_52),(88_8_4_2_51)
real4,0,0,75,0.99,s,EPP-SL,(1_1_1_1_25),(2_1_1_1_18),(3_1_1_1_44),(4_1_1_1_85),(7_1_1_1_50),(9_1_1_1_86),(10_1_1_1_11),(11_1_1_1_49),(12_2_1_1_76),(13_2_1_1_57),(14_2_1_1_79),(16_2_1_1_52),(18_2_1_1_58),(20_2_1_1_27),(21_2_1_1_9),(22_2_1_1_40),(23_3_2_1_30),(24_3_2_1_46),(25_3_2_1_36),(26_3_2_1_68),(29_3_2_1_33),(32_3_2_1_70),(33_3_2_1_24),(34_4_2_1_72),(35_4_2_1_77),(38_4_2_1_43),(39_4_2_1_63),(40_4_2_1_1),(41_4_2_1_38),(43_4_2_1_80),(44_4_2_1_32),(45_5_3_2_6),(47_5_3_2_75),(48_5_3_2_54),(49_5_3_2_20),(50_5_3_2_61),(53_5_3_2_60),(54_5_3_2_35),(55_5_3_2_31),(57_6_3_2_83),(59_6_3_2_53),(60_6_3_2_42),(62_6_3_2_73),(63_6_3_2_21),(65_6_3_2_78),(66_6_3_2_67),(68_7_4_2_28),(69_7_4_2_39),(70_7_4_2_65),(73_7_4_2_23),(74_7_4_2_8),(75_7_4_2_62),(76_7_4_2_84),(78_8_4_2_34),(79_8_4_2_15),(80_8_4_2_56),(81_8_4_2_71),(82_8_4_2_19),(83_8_4_2_7),(84_8_4_2_48),(86_8_4_2_74),(88_8_4_2_51)
real4,0,0,75,1.03,s,EPP-SL,(1_1_1_1_30),(2_1_1_1_25),(3_1_1_1_31),(4_1_1_1_19),(7_1_1_1_46),(9_1_1_1_48),(10_1_1_1_42),(11_1_1_1_13),(12_2_1_1_34),(13_2_1_1_9),(14_2_1_1_67),(16_2_1_1_60),(18_2_1_1_7),(20_2_1_1_8),(21_2_1_1_36),(22_2_1_1_39),(23_3_2_1_27),(24_3_2_1_35),(25_3_2_1_40),(26_3_2_1_4),(29_3_2_1_37),(32_3_2_1_28),(33_3_2_1_83),(34_4_2_1_54),(35_4_2_1_70),(38_4_2_1_29),(39_4_2_1_49),(40_4_2_1_1),(41_4_2_1_11),(43_4_2_1_21),(44_4_2_1_23),(45_5_3_2_65),(47_5_3_2_43),(48_5_3_2_22),(49_5_3_2_53),(50_5_3_2_51),(53_5_3_2_58),(54_5_3_2_33),(55_5_3_2_10),(56_6_3_2_16),(57_6_3_2_3),(59_6_3_2_84),(60_6_3_2_15),(62_6_3_2_80),(63_6_3_2_17),(66_6_3_2_5),(68_7_4_2_14),(69_7_4_2_18),(70_7_4_2_6),(73_7_4_2_32),(74_7_4_2_26),(75_7_4_2_57),(76_7_4_2_2),(78_8_4_2_44),(79_8_4_2_38),(80_8_4_2_62),(81_8_4_2_68),(82_8_4_2_20),(83_8_4_2_50),(84_8_4_2_12),(86_8_4_2_85),(88_8_4_2_24)
real4,0,0,80,0.95,s,EPP-SL,(1_1_1_1_49),(2_1_1_1_77),(3_1_1_1_82),(4_1_1_1_78),(5_1_1_1_57),(7_1_1_1_28),(9_1_1_1_32),(10_1_1_1_61),(11_1_1_1_53),(12_2_1_1_54),(13_2_1_1_83),(14_2_1_1_52),(15_2_1_1_84),(16_2_1_1_33),(17_2_1_1_79),(19_2_1_1_67),(21_2_1_1_46),(22_2_1_1_88),(23_3_2_1_62),(24_3_2_1_27),(25_3_2_1_30),(26_3_2_1_58),(29_3_2_1_19),(30_3_2_1_87),(32_3_2_1_44),(33_3_2_1_41),(34_4_2_1_15),(35_4_2_1_66),(36_4_2_1_85),(38_4_2_1_59),(39_4_2_1_64),(42_4_2_1_80),(43_4_2_1_86),(44_4_2_1_42),(45_5_3_2_40),(47_5_3_2_47),(48_5_3_2_43),(49_5_3_2_21),(50_5_3_2_18),(52_5_3_2_48),(53_5_3_2_36),(54_5_3_2_34),(55_5_3_2_60),(56_6_3_2_72),(57_6_3_2_68),(58_6_3_2_71),(59_6_3_2_35),(62_6_3_2_45),(63_6_3_2_38),(65_6_3_2_81),(66_6_3_2_70),(68_7_4_2_56),(69_7_4_2_76),(70_7_4_2_65),(71_7_4_2_69),(73_7_4_2_75),(74_7_4_2_55),(75_7_4_2_74),(77_7_4_2_63),(78_8_4_2_50),(79_8_4_2_73),(80_8_4_2_29),(81_8_4_2_25),(82_8_4_2_39),(83_8_4_2_23),(84_8_4_2_51),(86_8_4_2_37),(88_8_4_2_31)
real4,0,0,80,0.99,s,EPP-SL,(1_1_1_1_25),(2_1_1_1_15),(3_1_1_1_23),(4_1_1_1_68),(5_1_1_1_67),(7_1_1_1_56),(9_1_1_1_77),(10_1_1_1_62),(11_1_1_1_76),(12_2_1_1_36),(14_2_1_1_73),(16_2_1_1_52),(17_2_1_1_80),(18_2_1_1_58),(19_2_1_1_27),(20_2_1_1_38),(21_2_1_1_9),(22_2_1_1_6),(23_3_2_1_31),(24_3_2_1_75),(25_3_2_1_35),(28_3_2_1_85),(29_3_2_1_69),(30_3_2_1_60),(32_3_2_1_78),(33_3_2_1_7),(34_4_2_1_24),(35_4_2_1_74),(36_4_2_1_84),(38_4_2_1_8),(39_4_2_1_50),(40_4_2_1_1),(41_4_2_1_57),(44_4_2_1_48),(45_5_3_2_79),(47_5_3_2_61),(48_5_3_2_86),(49_5_3_2_29),(50_5_3_2_47),(52_5_3_2_49),(53_5_3_2_51),(54_5_3_2_54),(55_5_3_2_30),(56_6_3_2_11),(57_6_3_2_42),(58_6_3_2_18),(59_6_3_2_33),(62_6_3_2_81),(63_6_3_2_19),(65_6_3_2_40),(66_6_3_2_39),(68_7_4_2_46),(69_7_4_2_83),(70_7_4_2_65),(71_7_4_2_71),(73_7_4_2_32),(74_7_4_2_20),(75_7_4_2_34),(77_7_4_2_70),(78_8_4_2_43),(79_8_4_2_21),(80_8_4_2_82),(81_8_4_2_53),(82_8_4_2_44),(83_8_4_2_17),(84_8_4_2_28),(86_8_4_2_72),(88_8_4_2_63)
real4,0,0,80,1.03,s,EPP-SL,(1_1_1_1_42),(2_1_1_1_12),(3_1_1_1_25),(4_1_1_1_18),(5_1_1_1_4),(7_1_1_1_50),(9_1_1_1_51),(10_1_1_1_14),(11_1_1_1_13),(12_2_1_1_16),(14_2_1_1_60),(16_2_1_1_56),(17_2_1_1_21),(18_2_1_1_9),(19_2_1_1_19),(20_2_1_1_8),(21_2_1_1_29),(22_2_1_1_36),(23_3_2_1_27),(24_3_2_1_43),(25_3_2_1_35),(26_3_2_1_3),(29_3_2_1_47),(30_3_2_1_65),(32_3_2_1_31),(33_3_2_1_54),(34_4_2_1_76),(35_4_2_1_37),(36_4_2_1_2),(38_4_2_1_22),(39_4_2_1_68),(42_4_2_1_11),(43_4_2_1_1),(44_4_2_1_38),(45_5_3_2_48),(47_5_3_2_62),(48_5_3_2_46),(49_5_3_2_71),(50_5_3_2_78),(52_5_3_2_28),(53_5_3_2_58),(54_5_3_2_70),(55_5_3_2_10),(56_6_3_2_44),(57_6_3_2_7),(58_6_3_2_23),(59_6_3_2_80),(62_6_3_2_53),(63_6_3_2_30),(65_6_3_2_24),(66_6_3_2_5),(68_7_4_2_67),(69_7_4_2_15),(70_7_4_2_6),(71_7_4_2_40),(73_7_4_2_20),(74_7_4_2_26),(75_7_4_2_57),(77_7_4_2_32),(78_8_4_2_33),(79_8_4_2_39),(80_8_4_2_85),(81_8_4_2_84),(82_8_4_2_17),(83_8_4_2_63),(84_8_4_2_34),(86_8_4_2_83),(88_8_4_2_49)
real4,0,0,85,0.95,s,EPP-SL,(1_1_1_1_39),(2_1_1_1_48),(3_1_1_1_82),(4_1_1_1_86),(5_1_1_1_58),(7_1_1_1_28),(9_1_1_1_43),(10_1_1_1_54),(11_1_1_1_40),(12_2_1_1_51),(14_2_1_1_47),(16_2_1_1_37),(17_2_1_1_77),(18_2_1_1_67),(19_2_1_1_62),(20_2_1_1_78),(21_2_1_1_56),(22_2_1_1_61),(23_3_2_1_75),(24_3_2_1_32),(25_3_2_1_50),(27_3_2_1_83),(29_3_2_1_21),(30_3_2_1_53),(32_3_2_1_73),(33_3_2_1_19),(34_4_2_1_29),(35_4_2_1_59),(38_4_2_1_64),(39_4_2_1_34),(40_4_2_1_88),(41_4_2_1_65),(42_4_2_1_80),(43_4_2_1_1),(44_4_2_1_81),(45_5_3_2_30),(47_5_3_2_55),(48_5_3_2_27),(49_5_3_2_18),(50_5_3_2_15),(52_5_3_2_87),(53_5_3_2_69),(54_5_3_2_52),(55_5_3_2_42),(57_6_3_2_70),(58_6_3_2_71),(59_6_3_2_35),(60_6_3_2_60),(62_6_3_2_33),(63_6_3_2_63),(64_6_3_2_84),(66_6_3_2_76),(68_7_4_2_46),(69_7_4_2_79),(70_7_4_2_57),(71_7_4_2_66),(72_7_4_2_38),(73_7_4_2_49),(74_7_4_2_23),(76_7_4_2_85),(78_8_4_2_31),(79_8_4_2_74),(80_8_4_2_45),(81_8_4_2_25),(82_8_4_2_44),(83_8_4_2_24),(84_8_4_2_72),(86_8_4_2_41),(87_8_4_2_68),(88_8_4_2_36)
real4,0,0,85,0.99,s,EPP-SL,(1_1_1_1_40),(2_1_1_1_11),(3_1_1_1_76),(4_1_1_1_85),(5_1_1_1_39),(7_1_1_1_20),(9_1_1_1_75),(10_1_1_1_34),(11_1_1_1_36),(12_2_1_1_6),(14_2_1_1_61),(16_2_1_1_24),(17_2_1_1_23),(18_2_1_1_27),(19_2_1_1_31),(20_2_1_1_68),(21_2_1_1_43),(22_2_1_1_51),(23_3_2_1_44),(24_3_2_1_73),(25_3_2_1_54),(27_3_2_1_38),(29_3_2_1_47),(30_3_2_1_9),(32_3_2_1_78),(33_3_2_1_52),(34_4_2_1_29),(35_4_2_1_74),(38_4_2_1_56),(39_4_2_1_86),(40_4_2_1_62),(41_4_2_1_58),(42_4_2_1_42),(43_4_2_1_1),(44_4_2_1_32),(45_5_3_2_63),(47_5_3_2_33),(48_5_3_2_53),(49_5_3_2_37),(50_5_3_2_69),(52_5_3_2_48),(53_5_3_2_46),(54_5_3_2_77),(55_5_3_2_25),(57_6_3_2_30),(58_6_3_2_70),(59_6_3_2_72),(60_6_3_2_83),(62_6_3_2_66),(63_6_3_2_19),(64_6_3_2_57),(66_6_3_2_18),(68_7_4_2_71),(69_7_4_2_80),(70_7_4_2_65),(71_7_4_2_35),(72_7_4_2_15),(73_7_4_2_49),(74_7_4_2_7),(76_7_4_2_84),(78_8_4_2_8),(79_8_4_2_60),(80_8_4_2_81),(81_8_4_2_50),(82_8_4_2_21),(83_8_4_2_17),(84_8_4_2_28),(86_8_4_2_82),(87_8_4_2_67),(88_8_4_2_79)
real4,0,0,85,1.03,s,EPP-SL,(1_1_1_1_28),(2_1_1_1_12),(3_1_1_1_39),(4_1_1_1_27),(5_1_1_1_5),(7_1_1_1_50),(9_1_1_1_60),(10_1_1_1_14),(11_1_1_1_44),(12_2_1_1_58),(14_2_1_1_62),(16_2_1_1_61),(17_2_1_1_30),(18_2_1_1_4),(19_2_1_1_21),(20_2_1_1_3),(21_2_1_1_35),(22_2_1_1_40),(23_3_2_1_38),(24_3_2_1_43),(25_3_2_1_33),(27_3_2_1_8),(29_3_2_1_47),(30_3_2_1_24),(32_3_2_1_13),(33_3_2_1_56),(34_4_2_1_52),(35_4_2_1_83),(38_4_2_1_26),(39_4_2_1_84),(40_4_2_1_57),(41_4_2_1_9),(42_4_2_1_15),(43_4_2_1_1),(44_4_2_1_20),(45_5_3_2_29),(47_5_3_2_80),(48_5_3_2_46),(49_5_3_2_53),(50_5_3_2_54),(52_5_3_2_16),(53_5_3_2_48),(54_5_3_2_51),(55_5_3_2_31),(57_6_3_2_10),(58_6_3_2_32),(59_6_3_2_85),(60_6_3_2_19),(62_6_3_2_76),(63_6_3_2_17),(64_6_3_2_2),(66_6_3_2_18),(68_7_4_2_67),(69_7_4_2_23),(70_7_4_2_6),(71_7_4_2_68),(72_7_4_2_25),(73_7_4_2_36),(74_7_4_2_37),(76_7_4_2_11),(78_8_4_2_22),(79_8_4_2_42),(80_8_4_2_63),(81_8_4_2_70),(82_8_4_2_34),(83_8_4_2_78),(84_8_4_2_65),(86_8_4_2_71),(87_8_4_2_7),(88_8_4_2_49)
real4,0,0,90,0.95,s,EPP-SL,(1_1_1_1_53),(2_1_1_1_81),(3_1_1_1_88),(4_1_1_1_77),(5_1_1_1_71),(6_1_1_1_84),(7_1_1_1_37),(9_1_1_1_28),(10_1_1_1_69),(11_1_1_1_40),(12_2_1_1_31),(13_2_1_1_67),(14_2_1_1_33),(16_2_1_1_9),(17_2_1_1_63),(18_2_1_1_58),(19_2_1_1_62),(20_2_1_1_70),(21_2_1_1_32),(22_2_1_1_50),(23_3_2_1_49),(24_3_2_1_25),(26_3_2_1_79),(27_3_2_1_83),(28_3_2_1_86),(29_3_2_1_15),(32_3_2_1_51),(33_3_2_1_22),(34_4_2_1_17),(35_4_2_1_59),(36_4_2_1_80),(38_4_2_1_35),(39_4_2_1_47),(40_4_2_1_82),(41_4_2_1_85),(43_4_2_1_73),(44_4_2_1_87),(45_5_3_2_27),(47_5_3_2_19),(48_5_3_2_23),(49_5_3_2_20),(50_5_3_2_24),(51_5_3_2_68),(52_5_3_2_48),(53_5_3_2_43),(54_5_3_2_21),(55_5_3_2_42),(56_6_3_2_30),(57_6_3_2_76),(58_6_3_2_38),(59_6_3_2_45),(62_6_3_2_29),(63_6_3_2_74),(64_6_3_2_65),(65_6_3_2_46),(66_6_3_2_60),(68_7_4_2_36),(69_7_4_2_75),(70_7_4_2_57),(71_7_4_2_64),(72_7_4_2_44),(73_7_4_2_61),(74_7_4_2_18),(75_7_4_2_66),(77_7_4_2_39),(78_8_4_2_52),(79_8_4_2_72),(80_8_4_2_26),(81_8_4_2_55),(82_8_4_2_54),(83_8_4_2_11),(84_8_4_2_56),(86_8_4_2_41),(87_8_4_2_78),(88_8_4_2_34)
real4,0,0,90,0.99,s,EPP-SL,(1_1_1_1_62),(2_1_1_1_6),(3_1_1_1_28),(4_1_1_1_83),(5_1_1_1_31),(6_1_1_1_65),(7_1_1_1_82),(9_1_1_1_72),(10_1_1_1_8),(11_1_1_1_71),(12_2_1_1_35),(13_2_1_1_27),(14_2_1_1_61),(16_2_1_1_37),(17_2_1_1_19),(18_2_1_1_67),(19_2_1_1_44),(20_2_1_1_39),(21_2_1_1_75),(22_2_1_1_63),(23_3_2_1_78),(24_3_2_1_33),(26_3_2_1_80),(27_3_2_1_42),(29_3_2_1_66),(31_3_2_1_25),(32_3_2_1_48),(33_3_2_1_10),(34_4_2_1_29),(35_4_2_1_1),(36_4_2_1_58),(38_4_2_1_7),(39_4_2_1_74),(41_4_2_1_38),(42_4_2_1_68),(43_4_2_1_32),(44_4_2_1_34),(45_5_3_2_54),(47_5_3_2_52),(48_5_3_2_20),(49_5_3_2_17),(50_5_3_2_59),(51_5_3_2_57),(52_5_3_2_60),(53_5_3_2_53),(54_5_3_2_56),(55_5_3_2_49),(56_6_3_2_79),(57_6_3_2_30),(58_6_3_2_23),(59_6_3_2_81),(60_6_3_2_15),(62_6_3_2_69),(63_6_3_2_11),(65_6_3_2_51),(66_6_3_2_18),(67_7_4_2_84),(68_7_4_2_73),(69_7_4_2_70),(71_7_4_2_77),(72_7_4_2_21),(73_7_4_2_40),(74_7_4_2_47),(75_7_4_2_46),(77_7_4_2_9),(78_8_4_2_50),(79_8_4_2_76),(80_8_4_2_87),(81_8_4_2_24),(82_8_4_2_36),(83_8_4_2_64),(84_8_4_2_43),(86_8_4_2_88),(87_8_4_2_85),(88_8_4_2_86)
real4,0,0,90,1.03,s,EPP-SL,(1_1_1_1_12),(2_1_1_1_36),(3_1_1_1_44),(4_1_1_1_19),(5_1_1_1_10),(6_1_1_1_6),(7_1_1_1_76),(9_1_1_1_80),(10_1_1_1_35),(11_1_1_1_40),(12_2_1_1_48),(13_2_1_1_8),(14_2_1_1_60),(16_2_1_1_79),(17_2_1_1_32),(18_2_1_1_18),(19_2_1_1_21),(20_2_1_1_4),(21_2_1_1_43),(22_2_1_1_58),(23_3_2_1_39),(24_3_2_1_62),(26_3_2_1_30),(27_3_2_1_15),(28_3_2_1_23),(29_3_2_1_47),(32_3_2_1_24),(33_3_2_1_41),(34_4_2_1_45),(35_4_2_1_78),(36_4_2_1_7),(38_4_2_1_26),(39_4_2_1_85),(40_4_2_1_1),(41_4_2_1_11),(43_4_2_1_28),(44_4_2_1_65),(45_5_3_2_70),(47_5_3_2_63),(48_5_3_2_53),(49_5_3_2_71),(50_5_3_2_61),(51_5_3_2_3),(52_5_3_2_13),(53_5_3_2_22),(54_5_3_2_83),(55_5_3_2_17),(56_6_3_2_29),(57_6_3_2_5),(58_6_3_2_38),(59_6_3_2_54),(60_6_3_2_27),(62_6_3_2_75),(63_6_3_2_14),(65_6_3_2_49),(66_6_3_2_25),(68_7_4_2_51),(69_7_4_2_31),(70_7_4_2_9),(71_7_4_2_68),(72_7_4_2_20),(73_7_4_2_16),(74_7_4_2_37),(75_7_4_2_67),(77_7_4_2_42),(78_8_4_2_84),(79_8_4_2_57),(80_8_4_2_73),(81_8_4_2_50),(82_8_4_2_34),(83_8_4_2_52),(84_8_4_2_33),(85_8_4_2_2),(86_8_4_2_56),(88_8_4_2_46)
real4,0,0,95,0.95,s,EPP-SL,(1_1_1_1_40),(2_1_1_1_69),(3_1_1_1_74),(4_1_1_1_62),(5_1_1_1_73),(7_1_1_1_29),(8_1_1_1_80),(9_1_1_1_33),(10_1_1_1_43),(11_1_1_1_56),(12_2_1_1_50),(13_2_1_1_68),(14_2_1_1_23),(15_2_1_1_83),(16_2_1_1_6),(17_2_1_1_63),(18_2_1_1_86),(19_2_1_1_60),(20_2_1_1_70),(21_2_1_1_52),(22_2_1_1_30),(23_3_2_1_44),(24_3_2_1_19),(25_3_2_1_34),(28_3_2_1_71),(29_3_2_1_17),(30_3_2_1_66),(31_3_2_1_38),(32_3_2_1_53),(33_3_2_1_9),(34_4_2_1_11),(35_4_2_1_59),(36_4_2_1_67),(38_4_2_1_55),(39_4_2_1_45),(40_4_2_1_88),(41_4_2_1_85),(42_4_2_1_79),(43_4_2_1_82),(44_4_2_1_87),(45_5_3_2_25),(47_5_3_2_15),(48_5_3_2_28),(49_5_3_2_8),(50_5_3_2_16),(51_5_3_2_58),(52_5_3_2_81),(53_5_3_2_32),(54_5_3_2_18),(55_5_3_2_39),(56_6_3_2_31),(57_6_3_2_49),(59_6_3_2_24),(60_6_3_2_75),(62_6_3_2_26),(63_6_3_2_51),(64_6_3_2_84),(65_6_3_2_46),(66_6_3_2_42),(68_7_4_2_35),(69_7_4_2_77),(70_7_4_2_57),(71_7_4_2_64),(72_7_4_2_48),(73_7_4_2_61),(74_7_4_2_41),(75_7_4_2_36),(76_7_4_2_78),(78_8_4_2_47),(79_8_4_2_72),(80_8_4_2_20),(81_8_4_2_37),(82_8_4_2_54),(83_8_4_2_14),(84_8_4_2_27),(85_8_4_2_65),(86_8_4_2_22),(87_8_4_2_76),(88_8_4_2_21)
real4,0,0,95,0.99,s,EPP-SL,(1_1_1_1_34),(2_1_1_1_40),(3_1_1_1_51),(4_1_1_1_32),(5_1_1_1_23),(7_1_1_1_37),(8_1_1_1_58),(9_1_1_1_82),(10_1_1_1_54),(11_1_1_1_86),(12_2_1_1_53),(13_2_1_1_42),(14_2_1_1_47),(15_2_1_1_67),(16_2_1_1_64),(17_2_1_1_78),(18_2_1_1_31),(19_2_1_1_18),(20_2_1_1_85),(21_2_1_1_56),(22_2_1_1_63),(23_3_2_1_19),(24_3_2_1_24),(25_3_2_1_73),(28_3_2_1_70),(29_3_2_1_10),(30_3_2_1_46),(31_3_2_1_21),(32_3_2_1_62),(33_3_2_1_1),(34_4_2_1_41),(35_4_2_1_69),(36_4_2_1_27),(38_4_2_1_72),(39_4_2_1_7),(40_4_2_1_79),(41_4_2_1_68),(42_4_2_1_83),(43_4_2_1_49),(44_4_2_1_60),(45_5_3_2_77),(47_5_3_2_29),(48_5_3_2_74),(49_5_3_2_26),(50_5_3_2_45),(51_5_3_2_39),(52_5_3_2_36),(53_5_3_2_20),(54_5_3_2_81),(55_5_3_2_48),(56_6_3_2_35),(57_6_3_2_25),(59_6_3_2_66),(60_6_3_2_15),(62_6_3_2_88),(63_6_3_2_9),(64_6_3_2_65),(65_6_3_2_43),(66_6_3_2_30),(68_7_4_2_75),(69_7_4_2_44),(70_7_4_2_57),(71_7_4_2_50),(72_7_4_2_11),(73_7_4_2_6),(74_7_4_2_17),(75_7_4_2_71),(76_7_4_2_38),(78_8_4_2_33),(79_8_4_2_76),(80_8_4_2_55),(81_8_4_2_52),(82_8_4_2_28),(83_8_4_2_59),(84_8_4_2_8),(85_8_4_2_84),(86_8_4_2_87),(87_8_4_2_80),(88_8_4_2_61)
real4,0,0,95,1.03,s,EPP-SL,(1_1_1_1_44),(2_1_1_1_16),(3_1_1_1_34),(4_1_1_1_25),(5_1_1_1_17),(7_1_1_1_52),(8_1_1_1_11),(9_1_1_1_76),(10_1_1_1_67),(11_1_1_1_29),(12_2_1_1_35),(13_2_1_1_8),(14_2_1_1_78),(15_2_1_1_15),(16_2_1_1_74),(17_2_1_1_39),(18_2_1_1_18),(19_2_1_1_38),(20_2_1_1_21),(21_2_1_1_46),(22_2_1_1_22),(23_3_2_1_57),(24_3_2_1_50),(25_3_2_1_84),(28_3_2_1_27),(29_3_2_1_45),(30_3_2_1_43),(31_3_2_1_42),(32_3_2_1_65),(33_3_2_1_41),(34_4_2_1_86),(35_4_2_1_56),(36_4_2_1_7),(38_4_2_1_54),(39_4_2_1_83),(40_4_2_1_12),(41_4_2_1_3),(42_4_2_1_5),(43_4_2_1_20),(44_4_2_1_48),(45_5_3_2_51),(47_5_3_2_63),(48_5_3_2_53),(49_5_3_2_73),(50_5_3_2_75),(51_5_3_2_4),(52_5_3_2_40),(53_5_3_2_80),(54_5_3_2_85),(55_5_3_2_28),(56_6_3_2_14),(57_6_3_2_23),(59_6_3_2_71),(60_6_3_2_30),(62_6_3_2_61),(63_6_3_2_13),(64_6_3_2_2),(65_6_3_2_33),(66_6_3_2_31),(68_7_4_2_70),(69_7_4_2_10),(70_7_4_2_6),(71_7_4_2_60),(72_7_4_2_32),(73_7_4_2_24),(74_7_4_2_47),(75_7_4_2_68),(76_7_4_2_9),(78_8_4_2_26),(79_8_4_2_58),(80_8_4_2_79),(81_8_4_2_37),(82_8_4_2_36),(83_8_4_2_72),(84_8_4_2_49),(85_8_4_2_1),(86_8_4_2_77),(87_8_4_2_19),(88_8_4_2_62)
real5,0,0,100,0.95,s,EPP-SL
real5,0,0,100,0.99,s,EPP-SL
real5,0,0,100,1.03,s,EPP-SL
real5,0,0,70,0.95,s,EPP-SL,(4_1_1_1_86),(5_1_1_1_88),(7_1_1_1_68),(8_1_1_1_83),(9_1_1_1_58),(10_1_1_1_63),(11_1_1_1_53),(12_2_1_1_65),(13_2_1_1_80),(14_2_1_1_5),(16_2_1_1_27),(17_2_1_1_85),(19_2_1_1_15),(21_2_1_1_64),(22_2_1_1_52),(23_3_2_1_81),(24_3_2_1_57),(25_3_2_1_49),(29_3_2_1_35),(30_3_2_1_66),(32_3_2_1_54),(33_3_2_1_7),(34_4_2_1_55),(35_4_2_1_1),(36_4_2_1_79),(38_4_2_1_47),(39_4_2_1_60),(43_4_2_1_87),(44_4_2_1_16),(45_5_3_2_38),(47_5_3_2_9),(48_5_3_2_72),(49_5_3_2_10),(50_5_3_2_37),(52_5_3_2_11),(53_5_3_2_6),(54_5_3_2_56),(56_6_3_2_62),(57_6_3_2_82),(59_6_3_2_61),(62_6_3_2_48),(63_6_3_2_14),(65_6_3_2_74),(66_6_3_2_84),(68_7_4_2_76),(69_7_4_2_78),(71_7_4_2_67),(72_7_4_2_13),(73_7_4_2_77),(74_7_4_2_71),(75_7_4_2_75),(78_8_4_2_59),(80_8_4_2_69),(81_8_4_2_73),(82_8_4_2_12),(83_8_4_2_51),(84_8_4_2_50),(86_8_4_2_70),(88_8_4_2_40)
real5,0,0,70,0.99,s,EPP-SL,(4_1_1_1_86),(5_1_1_1_83),(7_1_1_1_73),(8_1_1_1_80),(9_1_1_1_59),(10_1_1_1_65),(11_1_1_1_54),(12_2_1_1_38),(13_2_1_1_13),(14_2_1_1_2),(16_2_1_1_48),(17_2_1_1_88),(19_2_1_1_12),(21_2_1_1_53),(22_2_1_1_52),(23_3_2_1_84),(24_3_2_1_3),(25_3_2_1_62),(29_3_2_1_37),(30_3_2_1_75),(32_3_2_1_5),(33_3_2_1_61),(34_4_2_1_27),(35_4_2_1_1),(36_4_2_1_15),(38_4_2_1_56),(39_4_2_1_67),(43_4_2_1_82),(44_4_2_1_77),(45_5_3_2_10),(47_5_3_2_57),(48_5_3_2_64),(49_5_3_2_58),(50_5_3_2_72),(52_5_3_2_16),(53_5_3_2_49),(54_5_3_2_74),(56_6_3_2_7),(57_6_3_2_78),(59_6_3_2_47),(62_6_3_2_35),(63_6_3_2_6),(65_6_3_2_87),(66_6_3_2_14),(68_7_4_2_66),(69_7_4_2_79),(71_7_4_2_40),(72_7_4_2_11),(73_7_4_2_81),(74_7_4_2_60),(75_7_4_2_50),(78_8_4_2_4),(79_8_4_2_85),(80_8_4_2_8),(81_8_4_2_76),(83_8_4_2_51),(84_8_4_2_9),(86_8_4_2_71),(88_8_4_2_63)
real5,0,0,70,1.03,s,EPP-SL,(4_1_1_1_80),(5_1_1_1_16),(7_1_1_1_57),(8_1_1_1_13),(9_1_1_1_59),(10_1_1_1_84),(11_1_1_1_8),(12_2_1_1_54),(13_2_1_1_12),(14_2_1_1_56),(16_2_1_1_58),(17_2_1_1_7),(19_2_1_1_14),(21_2_1_1_53),(22_2_1_1_87),(23_3_2_1_83),(24_3_2_1_27),(25_3_2_1_52),(29_3_2_1_30),(30_3_2_1_77),(32_3_2_1_88),(33_3_2_1_31),(34_4_2_1_37),(35_4_2_1_1),(36_4_2_1_15),(38_4_2_1_75),(39_4_2_1_66),(43_4_2_1_79),(44_4_2_1_78),(45_5_3_2_65),(47_5_3_2_64),(48_5_3_2_63),(49_5_3_2_60),(50_5_3_2_76),(52_5_3_2_3),(53_5_3_2_40),(54_5_3_2_67),(56_6_3_2_85),(57_6_3_2_5),(59_6_3_2_74),(62_6_3_2_72),(63_6_3_2_9),(65_6_3_2_81),(66_6_3_2_6),(68_7_4_2_49),(69_7_4_2_11),(71_7_4_2_62),(72_7_4_2_2),(73_7_4_2_4),(74_7_4_2_35),(75_7_4_2_82),(78_8_4_2_50),(80_8_4_2_73),(81_8_4_2_47),(82_8_4_2_86),(83_8_4_2_19),(84_8_4_2_10),(86_8_4_2_48),(88_8_4_2_38)
real5,0,0,75,0.95,s,EPP-SL,(1_1_1_1_54),(2_1_1_1_16),(3_1_1_1_65),(4_1_1_1_82),(7_1_1_1_69),(9_1_1_1_60),(10_1_1_1_53),(11_1_1_1_74),(12_2_1_1_66),(14_2_1_1_9),(16_2_1_1_10),(18_2_1_1_88),(19_2_1_1_13),(20_2_1_1_78),(21_2_1_1_56),(22_2_1_1_67),(23_3_2_1_77),(24_3_2_1_5),(25_3_2_1_40),(26_3_2_1_87),(29_3_2_1_7),(32_3_2_1_50),(33_3_2_1_30),(34_4_2_1_37),(35_4_2_1_35),(36_4_2_1_80),(38_4_2_1_47),(39_4_2_1_58),(41_4_2_1_79),(42_4_2_1_86),(44_4_2_1_52),(45_5_3_2_64),(47_5_3_2_68),(48_5_3_2_61),(49_5_3_2_31),(50_5_3_2_32),(53_5_3_2_72),(54_5_3_2_71),(55_5_3_2_14),(56_6_3_2_6),(57_6_3_2_81),(59_6_3_2_51),(60_6_3_2_12),(62_6_3_2_70),(63_6_3_2_11),(66_6_3_2_84),(68_7_4_2_73),(69_7_4_2_85),(70_7_4_2_15),(71_7_4_2_76),(73_7_4_2_62),(74_7_4_2_48),(76_7_4_2_83),(78_8_4_2_59),(79_8_4_2_63),(80_8_4_2_36),(81_8_4_2_57),(82_8_4_2_75),(83_8_4_2_27),(84_8_4_2_38),(86_8_4_2_55),(88_8_4_2_49)
real5,0,0,75,0.99,s,EPP-SL,(1_1_1_1_50),(2_1_1_1_5),(3_1_1_1_54),(4_1_1_1_86),(7_1_1_1_47),(9_1_1_1_76),(10_1_1_1_63),(11_1_1_1_38),(12_2_1_1_40),(13_2_1_1_12),(14_2_1_1_59),(16_2_1_1_48),(18_2_1_1_83),(20_2_1_1_79),(21_2_1_1_62),(22_2_1_1_53),(23_3_2_1_16),(24_3_2_1_2),(25_3_2_1_66),(26_3_2_1_11),(29_3_2_1_35),(32_3_2_1_85),(33_3_2_1_37),(34_4_2_1_69),(35_4_2_1_58),(38_4_2_1_56),(39_4_2_1_60),(40_4_2_1_1),(41_4_2_1_13),(43_4_2_1_84),(44_4_2_1_77),(45_5_3_2_10),(47_5_3_2_72),(48_5_3_2_57),(49_5_3_2_51),(50_5_3_2_27),(53_5_3_2_74),(54_5_3_2_67),(55_5_3_2_6),(57_6_3_2_82),(59_6_3_2_73),(60_6_3_2_88),(62_6_3_2_71),(63_6_3_2_9),(65_6_3_2_65),(66_6_3_2_14),(68_7_4_2_4),(69_7_4_2_78),(70_7_4_2_15),(73_7_4_2_7),(74_7_4_2_8),(75_7_4_2_75),(76_7_4_2_80),(78_8_4_2_49),(79_8_4_2_81),(80_8_4_2_68),(81_8_4_2_64),(82_8_4_2_87),(83_8_4_2_61),(84_8_4_2_52),(86_8_4_2_55),(88_8_4_2_3)
real5,0,0,75,1.03,s,EPP-SL,(1_1_1_1_3),(2_1_1_1_4),(3_1_1_1_81),(4_1_1_1_80),(7_1_1_1_58),(9_1_1_1_67),(10_1_1_1_38),(11_1_1_1_77),(12_2_1_1_50),(13_2_1_1_12),(14_2_1_1_47),(16_2_1_1_31),(18_2_1_1_11),(20_2_1_1_6),(21_2_1_1_63),(22_2_1_1_54),(23_3_2_1_78),(24_3_2_1_27),(25_3_2_1_40),(26_3_2_1_79),(29_3_2_1_48),(32_3_2_1_84),(33_3_2_1_28),(34_4_2_1_30),(35_4_2_1_57),(38_4_2_1_74),(39_4_2_1_35),(40_4_2_1_1),(41_4_2_1_13),(43_4_2_1_86),(44_4_2_1_82),(45_5_3_2_62),(47_5_3_2_60),(48_5_3_2_66),(49_5_3_2_25),(50_5_3_2_19),(53_5_3_2_49),(54_5_3_2_59),(55_5_3_2_7),(56_6_3_2_8),(57_6_3_2_5),(59_6_3_2_64),(60_6_3_2_16),(62_6_3_2_73),(63_6_3_2_10),(66_6_3_2_2),(68_7_4_2_53),(69_7_4_2_83),(70_7_4_2_15),(73_7_4_2_9),(74_7_4_2_76),(75_7_4_2_87),(76_7_4_2_14),(78_8_4_2_75),(79_8_4_2_88),(80_8_4_2_37),(81_8_4_2_56),(82_8_4_2_85),(83_8_4_2_51),(84_8_4_2_52),(86_8_4_2_72),(88_8_4_2_65)
real5,0,0,80,0.95,s,EPP-SL,(1_1_1_1_53),(2_1_1_1_52),(3_1_1_1_63),(4_1_1_1_88),(5_1_1_1_84),(7_1_1_1_70),(9_1_1_1_69),(10_1_1_1_73),(11_1_1_1_6),(12_2_1_1_49),(13_2_1_1_80),(14_2_1_1_48),(15_2_1_1_79),(16_2_1_1_31),(17_2_1_1_81),(19_2_1_1_13),(21_2_1_1_57),(22_2_1_1_56),(23_3_2_1_16),(24_3_2_1_35),(25_3_2_1_72),(26_3_2_1_77),(29_3_2_1_8),(30_3_2_1_64),(32_3_2_1_74),(33_3_2_1_4),(34_4_2_1_28),(35_4_2_1_27),(36_4_2_1_83),(38_4_2_1_9),(39_4_2_1_61),(42_4_2_1_86),(43_4_2_1_87),(44_4_2_1_75),(45_5_3_2_40),(47_5_3_2_7),(48_5_3_2_51),(49_5_3_2_32),(50_5_3_2_25),(52_5_3_2_65),(53_5_3_2_47),(54_5_3_2_68),(55_5_3_2_14),(56_6_3_2_76),(57_6_3_2_85),(58_6_3_2_12),(59_6_3_2_37),(62_6_3_2_46),(63_6_3_2_54),(65_6_3_2_67),(66_6_3_2_78),(68_7_4_2_71),(69_7_4_2_82),(70_7_4_2_15),(71_7_4_2_58),(73_7_4_2_11),(74_7_4_2_10),(75_7_4_2_59),(77_7_4_2_66),(78_8_4_2_60),(79_8_4_2_62),(80_8_4_2_36),(81_8_4_2_55),(82_8_4_2_50),(83_8_4_2_30),(84_8_4_2_38),(86_8_4_2_29),(88_8_4_2_5)
real5,0,0,80,0.99,s,EPP-SL,(1_1_1_1_81),(2_1_1_1_52),(3_1_1_1_87),(4_1_1_1_83),(5_1_1_1_86),(7_1_1_1_61),(9_1_1_1_57),(10_1_1_1_75),(11_1_1_1_62),(12_2_1_1_40),(14_2_1_1_73),(16_2_1_1_30),(17_2_1_1_16),(18_2_1_1_12),(19_2_1_1_11),(20_2_1_1_79),(21_2_1_1_3),(22_2_1_1_10),(23_3_2_1_85),(24_3_2_1_8),(25_3_2_1_74),(26_3_2_1_78),(29_3_2_1_37),(30_3_2_1_66),(32_3_2_1_50),(33_3_2_1_32),(34_4_2_1_31),(35_4_2_1_35),(36_4_2_1_80),(38_4_2_1_27),(39_4_2_1_47),(40_4_2_1_1),(41_4_2_1_13),(44_4_2_1_7),(45_5_3_2_64),(47_5_3_2_71),(48_5_3_2_58),(49_5_3_2_55),(50_5_3_2_28),(52_5_3_2_65),(53_5_3_2_59),(54_5_3_2_72),(55_5_3_2_6),(56_6_3_2_53),(57_6_3_2_82),(58_6_3_2_84),(59_6_3_2_51),(62_6_3_2_69),(63_6_3_2_5),(65_6_3_2_4),(66_6_3_2_14),(68_7_4_2_67),(69_7_4_2_88),(70_7_4_2_15),(71_7_4_2_76),(73_7_4_2_77),(74_7_4_2_48),(75_7_4_2_63),(77_7_4_2_38),(78_8_4_2_56),(79_8_4_2_9),(80_8_4_2_36),(81_8_4_2_60),(82_8_4_2_54),(83_8_4_2_25),(84_8_4_2_49),(86_8_4_2_68),(88_8_4_2_2)
real5,0,0,80,1.03,s,EPP-SL,(1_1_1_1_81),(2_1_1_1_87),(3_1_1_1_88),(4_1_1_1_11),(5_1_1_1_79),(7_1_1_1_73),(9_1_1_1_74),(10_1_1_1_54),(11_1_1_1_40),(12_2_1_1_49),(14_2_1_1_76),(16_2_1_1_51),(17_2_1_1_7),(18_2_1_1_6),(19_2_1_1_16),(20_2_1_1_14),(21_2_1_1_56),(22_2_1_1_38),(23_3_2_1_86),(24_3_2_1_35),(25_3_2_1_59),(28_3_2_1_80),(29_3_2_1_32),(30_3_2_1_65),(32_3_2_1_85),(33_3_2_1_17),(34_4_2_1_20),(35_4_2_1_30),(36_4_2_1_12),(38_4_2_1_60),(39_4_2_1_72),(40_4_2_1_1),(41_4_2_1_13),(44_4_2_1_77),(45_5_3_2_27),(47_5_3_2_48),(48_5_3_2_58),(49_5_3_2_28),(50_5_3_2_25),(52_5_3_2_8),(53_5_3_2_75),(54_5_3_2_57),(55_5_3_2_3),(56_6_3_2_53),(57_6_3_2_5),(58_6_3_2_78),(59_6_3_2_31),(62_6_3_2_36),(63_6_3_2_10),(65_6_3_2_50),(66_6_3_2_2),(68_7_4_2_66),(69_7_4_2_83),(70_7_4_2_15),(71_7_4_2_67),(73_7_4_2_9),(74_7_4_2_37),(75_7_4_2_62),(77_7_4_2_84),(78_8_4_2_63),(79_8_4_2_82),(80_8_4_2_55),(81_8_4_2_64),(82_8_4_2_4),(83_8_4_2_19),(84_8_4_2_52),(86_8_4_2_61),(88_8_4_2_47)
real5,0,0,85,0.95,s,EPP-SL,(1_1_1_1_40),(2_1_1_1_6),(3_1_1_1_53),(4_1_1_1_54),(5_1_1_1_81),(7_1_1_1_70),(9_1_1_1_48),(10_1_1_1_56),(11_1_1_1_59),(12_2_1_1_64),(13_2_1_1_13),(14_2_1_1_7),(16_2_1_1_4),(18_2_1_1_88),(19_2_1_1_14),(20_2_1_1_84),(21_2_1_1_47),(22_2_1_1_73),(23_3_2_1_50),(24_3_2_1_27),(25_3_2_1_60),(27_3_2_1_86),(29_3_2_1_30),(30_3_2_1_72),(32_3_2_1_66),(33_3_2_1_41),(34_4_2_1_46),(35_4_2_1_37),(38_4_2_1_69),(39_4_2_1_35),(40_4_2_1_87),(41_4_2_1_79),(42_4_2_1_78),(43_4_2_1_65),(44_4_2_1_74),(45_5_3_2_9),(47_5_3_2_10),(48_5_3_2_68),(49_5_3_2_28),(50_5_3_2_29),(52_5_3_2_62),(53_5_3_2_57),(54_5_3_2_55),(55_5_3_2_52),(57_6_3_2_16),(58_6_3_2_75),(59_6_3_2_36),(60_6_3_2_85),(62_6_3_2_25),(63_6_3_2_38),(64_6_3_2_80),(66_6_3_2_12),(68_7_4_2_58),(69_7_4_2_77),(70_7_4_2_15),(71_7_4_2_61),(72_7_4_2_11),(73_7_4_2_67),(74_7_4_2_31),(76_7_4_2_83),(78_8_4_2_71),(79_8_4_2_76),(80_8_4_2_45),(81_8_4_2_51),(82_8_4_2_63),(83_8_4_2_8),(84_8_4_2_49),(86_8_4_2_32),(87_8_4_2_82),(88_8_4_2_5)
real5,0,0,85,0.99,s,EPP-SL,(1_1_1_1_7),(2_1_1_1_9),(3_1_1_1_38),(4_1_1_1_84),(5_1_1_1_6),(7_1_1_1_51),(9_1_1_1_61),(10_1_1_1_74),(11_1_1_1_49),(12_2_1_1_10),(14_2_1_1_58),(16_2_1_1_19),(17_2_1_1_87),(18_2_1_1_78),(19_2_1_1_11),(20_2_1_1_83),(21_2_1_1_64),(22_2_1_1_66),(23_3_2_1_81),(24_3_2_1_8),(25_3_2_1_59),(27_3_2_1_80),(29_3_2_1_25),(30_3_2_1_3),(32_3_2_1_63),(33_3_2_1_36),(34_4_2_1_31),(35_4_2_1_37),(38_4_2_1_35),(39_4_2_1_27),(40_4_2_1_62),(41_4_2_1_79),(42_4_2_1_86),(43_4_2_1_1),(44_4_2_1_52),(45_5_3_2_60),(47_5_3_2_48),(48_5_3_2_72),(49_5_3_2_30),(50_5_3_2_28),(52_5_3_2_40),(53_5_3_2_76),(54_5_3_2_73),(55_5_3_2_5),(57_6_3_2_16),(58_6_3_2_54),(59_6_3_2_55),(60_6_3_2_82),(62_6_3_2_69),(63_6_3_2_50),(64_6_3_2_13),(66_6_3_2_85),(68_7_4_2_56),(69_7_4_2_88),(70_7_4_2_15),(71_7_4_2_67),(72_7_4_2_77),(73_7_4_2_75),(74_7_4_2_71),(76_7_4_2_12),(78_8_4_2_2),(79_8_4_2_65),(80_8_4_2_68),(81_8_4_2_47),(82_8_4_2_53),(83_8_4_2_32),(84_8_4_2_4),(86_8_4_2_70),(87_8_4_2_14),(88_8_4_2_57)
real5,0,0,85,1.03,s,EPP-SL,(1_1_1_1_40),(2_1_1_1_10),(3_1_1_1_52),(4_1_1_1_7),(5_1_1_1_3),(7_1_1_1_48),(9_1_1_1_57),(10_1_1_1_49),(11_1_1_1_63),(12_2_1_1_65),(14_2_1_1_76),(16_2_1_1_51),(17_2_1_1_86),(18_2_1_1_80),(19_2_1_1_2),(20_2_1_1_16),(21_2_1_1_47),(22_2_1_1_53),(23_3_2_1_88),(24_3_2_1_60),(25_3_2_1_59),(27_3_2_1_13),(29_3_2_1_36),(30_3_2_1_62),(32_3_2_1_50),(33_3_2_1_20),(34_4_2_1_25),(35_4_2_1_31),(38_4_2_1_37),(39_4_2_1_58),(40_4_2_1_81),(41_4_2_1_14),(42_4_2_1_11),(43_4_2_1_1),(44_4_2_1_38),(45_5_3_2_56),(47_5_3_2_28),(48_5_3_2_73),(49_5_3_2_17),(50_5_3_2_29),(52_5_3_2_54),(53_5_3_2_67),(54_5_3_2_72),(55_5_3_2_9),(57_6_3_2_4),(58_6_3_2_84),(59_6_3_2_30),(60_6_3_2_79),(62_6_3_2_71),(63_6_3_2_8),(64_6_3_2_12),(66_6_3_2_83),(68_7_4_2_66),(69_7_4_2_78),(70_7_4_2_15),(71_7_4_2_74),(72_7_4_2_82),(73_7_4_2_85),(74_7_4_2_19),(76_7_4_2_6),(78_8_4_2_35),(79_8_4_2_77),(80_8_4_2_61),(81_8_4_2_64),(82_8_4_2_87),(83_8_4_2_32),(84_8_4_2_75),(86_8_4_2_55),(87_8_4_2_5),(88_8_4_2_27)
real5,0,0,90,0.95,s,EPP-SL,(1_1_1_1_49),(2_1_1_1_53),(3_1_1_1_67),(4_1_1_1_77),(5_1_1_1_12),(6_1_1_1_80),(7_1_1_1_30),(9_1_1_1_70),(10_1_1_1_71),(11_1_1_1_57),(12_2_1_1_5),(13_2_1_1_86),(14_2_1_1_55),(16_2_1_1_25),(17_2_1_1_50),(18_2_1_1_82),(19_2_1_1_54),(20_2_1_1_85),(21_2_1_1_51),(22_2_1_1_47),(23_3_2_1_62),(24_3_2_1_10),(26_3_2_1_16),(27_3_2_1_83),(28_3_2_1_81),(29_3_2_1_42),(32_3_2_1_6),(33_3_2_1_4),(34_4_2_1_41),(35_4_2_1_32),(36_4_2_1_78),(38_4_2_1_27),(39_4_2_1_37),(40_4_2_1_56),(41_4_2_1_88),(43_4_2_1_87),(44_4_2_1_76),(45_5_3_2_9),(47_5_3_2_28),(48_5_3_2_7),(49_5_3_2_34),(50_5_3_2_33),(51_5_3_2_79),(52_5_3_2_40),(53_5_3_2_69),(54_5_3_2_36),(55_5_3_2_63),(56_6_3_2_58),(57_6_3_2_65),(58_6_3_2_75),(59_6_3_2_8),(62_6_3_2_45),(63_6_3_2_64),(64_6_3_2_15),(65_6_3_2_60),(66_6_3_2_11),(68_7_4_2_61),(69_7_4_2_14),(70_7_4_2_13),(71_7_4_2_68),(72_7_4_2_52),(73_7_4_2_66),(74_7_4_2_46),(75_7_4_2_73),(77_7_4_2_59),(78_8_4_2_48),(79_8_4_2_74),(80_8_4_2_44),(81_8_4_2_31),(82_8_4_2_38),(83_8_4_2_29),(84_8_4_2_72),(86_8_4_2_43),(87_8_4_2_84),(88_8_4_2_35)
real5,0,0,90,0.99,s,EPP-SL,(1_1_1_1_3),(2_1_1_1_4),(3_1_1_1_10),(4_1_1_1_81),(5_1_1_1_84),(6_1_1_1_80),(7_1_1_1_36),(9_1_1_1_35),(10_1_1_1_74),(11_1_1_1_64),(12_2_1_1_56),(13_2_1_1_15),(14_2_1_1_51),(16_2_1_1_19),(17_2_1_1_54),(18_2_1_1_78),(19_2_1_1_5),(20_2_1_1_88),(21_2_1_1_47),(22_2_1_1_67),(23_3_2_1_50),(24_3_2_1_37),(26_3_2_1_77),(27_3_2_1_79),(29_3_2_1_20),(31_3_2_1_85),(32_3_2_1_49),(33_3_2_1_29),(34_4_2_1_34),(35_4_2_1_1),(36_4_2_1_14),(38_4_2_1_61),(39_4_2_1_71),(41_4_2_1_13),(42_4_2_1_82),(43_4_2_1_52),(44_4_2_1_62),(45_5_3_2_27),(47_5_3_2_69),(48_5_3_2_48),(49_5_3_2_32),(50_5_3_2_25),(51_5_3_2_12),(52_5_3_2_38),(53_5_3_2_57),(54_5_3_2_55),(55_5_3_2_9),(56_6_3_2_59),(57_6_3_2_11),(58_6_3_2_65),(59_6_3_2_30),(60_6_3_2_16),(62_6_3_2_70),(63_6_3_2_40),(65_6_3_2_76),(66_6_3_2_6),(67_7_4_2_83),(68_7_4_2_72),(69_7_4_2_87),(71_7_4_2_58),(72_7_4_2_7),(73_7_4_2_75),(74_7_4_2_31),(75_7_4_2_60),(77_7_4_2_53),(78_8_4_2_73),(79_8_4_2_63),(80_8_4_2_46),(81_8_4_2_68),(82_8_4_2_66),(83_8_4_2_28),(84_8_4_2_2),(86_8_4_2_17),(87_8_4_2_86),(88_8_4_2_8)
real5,0,0,90,1.03,s,EPP-SL,(1_1_1_1_54),(2_1_1_1_38),(3_1_1_1_50),(4_1_1_1_78),(5_1_1_1_4),(6_1_1_1_12),(7_1_1_1_32),(9_1_1_1_37),(10_1_1_1_59),(11_1_1_1_47),(12_2_1_1_75),(13_2_1_1_80),(14_2_1_1_19),(16_2_1_1_20),(17_2_1_1_85),(18_2_1_1_79),(19_2_1_1_2),(20_2_1_1_16),(21_2_1_1_57),(22_2_1_1_27),(23_3_2_1_82),(24_3_2_1_28),(26_3_2_1_9),(27_3_2_1_5),(28_3_2_1_88),(29_3_2_1_29),(32_3_2_1_53),(33_3_2_1_21),(34_4_2_1_24),(35_4_2_1_51),(36_4_2_1_14),(38_4_2_1_31),(39_4_2_1_30),(40_4_2_1_1),(41_4_2_1_6),(43_4_2_1_84),(44_4_2_1_49),(45_5_3_2_35),(47_5_3_2_61),(48_5_3_2_48),(49_5_3_2_23),(50_5_3_2_55),(51_5_3_2_11),(52_5_3_2_52),(53_5_3_2_74),(54_5_3_2_73),(55_5_3_2_10),(56_6_3_2_67),(57_6_3_2_7),(58_6_3_2_81),(59_6_3_2_17),(60_6_3_2_83),(62_6_3_2_71),(63_6_3_2_40),(65_6_3_2_56),(66_6_3_2_3),(68_7_4_2_64),(69_7_4_2_86),(70_7_4_2_15),(71_7_4_2_76),(72_7_4_2_77),(73_7_4_2_8),(74_7_4_2_25),(75_7_4_2_66),(77_7_4_2_87),(78_8_4_2_60),(79_8_4_2_65),(80_8_4_2_36),(81_8_4_2_72),(82_8_4_2_62),(83_8_4_2_18),(84_8_4_2_63),(85_8_4_2_13),(86_8_4_2_68),(88_8_4_2_58)
real5,0,0,95,0.95,s,EPP-SL,(1_1_1_1_64),(2_1_1_1_38),(3_1_1_1_76),(4_1_1_1_77),(5_1_1_1_75),(7_1_1_1_8),(8_1_1_1_86),(9_1_1_1_70),(10_1_1_1_61),(11_1_1_1_58),(12_2_1_1_68),(13_2_1_1_12),(14_2_1_1_28),(15_2_1_1_83),(16_2_1_1_19),(17_2_1_1_66),(18_2_1_1_87),(19_2_1_1_65),(20_2_1_1_81),(21_2_1_1_51),(22_2_1_1_57),(23_3_2_1_63),(24_3_2_1_30),(25_3_2_1_27),(26_3_2_1_16),(29_3_2_1_42),(30_3_2_1_71),(31_3_2_1_50),(32_3_2_1_67),(33_3_2_1_34),(34_4_2_1_44),(35_4_2_1_25),(36_4_2_1_88),(38_4_2_1_36),(39_4_2_1_32),(40_4_2_1_49),(41_4_2_1_82),(42_4_2_1_85),(43_4_2_1_53),(44_4_2_1_73),(45_5_3_2_7),(47_5_3_2_29),(48_5_3_2_46),(49_5_3_2_3),(50_5_3_2_39),(51_5_3_2_78),(52_5_3_2_40),(53_5_3_2_37),(54_5_3_2_31),(55_5_3_2_74),(56_6_3_2_47),(57_6_3_2_14),(59_6_3_2_45),(60_6_3_2_52),(62_6_3_2_43),(63_6_3_2_6),(64_6_3_2_13),(65_6_3_2_60),(66_6_3_2_54),(68_7_4_2_55),(69_7_4_2_11),(70_7_4_2_15),(71_7_4_2_69),(72_7_4_2_62),(73_7_4_2_72),(74_7_4_2_4),(75_7_4_2_9),(76_7_4_2_79),(78_8_4_2_48),(79_8_4_2_56),(80_8_4_2_33),(81_8_4_2_10),(82_8_4_2_59),(83_8_4_2_20),(84_8_4_2_5),(85_8_4_2_80),(86_8_4_2_41),(87_8_4_2_84),(88_8_4_2_35)
real5,0,0,95,0.99,s,EPP-SL,(1_1_1_1_74),(2_1_1_1_10),(3_1_1_1_62),(4_1_1_1_87),(5_1_1_1_77),(7_1_1_1_25),(8_1_1_1_86),(9_1_1_1_69),(10_1_1_1_73),(11_1_1_1_56),(12_2_1_1_47),(13_2_1_1_12),(14_2_1_1_51),(15_2_1_1_83),(16_2_1_1_24),(17_2_1_1_7),(18_2_1_1_6),(19_2_1_1_16),(20_2_1_1_11),(21_2_1_1_35),(22_2_1_1_76),(23_3_2_1_75),(24_3_2_1_30),(25_3_2_1_48),(26_3_2_1_9),(29_3_2_1_1),(30_3_2_1_67),(31_3_2_1_85),(32_3_2_1_3),(33_3_2_1_33),(34_4_2_1_23),(35_4_2_1_28),(36_4_2_1_79),(38_4_2_1_31),(39_4_2_1_68),(40_4_2_1_66),(41_4_2_1_78),(42_4_2_1_84),(43_4_2_1_38),(44_4_2_1_64),(45_5_3_2_8),(47_5_3_2_19),(48_5_3_2_37),(49_5_3_2_41),(50_5_3_2_34),(51_5_3_2_88),(52_5_3_2_49),(53_5_3_2_58),(54_5_3_2_36),(55_5_3_2_52),(56_6_3_2_60),(57_6_3_2_54),(59_6_3_2_32),(60_6_3_2_81),(62_6_3_2_20),(63_6_3_2_4),(64_6_3_2_13),(65_6_3_2_2),(66_6_3_2_5),(68_7_4_2_71),(69_7_4_2_50),(70_7_4_2_15),(71_7_4_2_72),(72_7_4_2_65),(73_7_4_2_53),(74_7_4_2_70),(75_7_4_2_59),(76_7_4_2_14),(78_8_4_2_61),(79_8_4_2_40),(80_8_4_2_46),(81_8_4_2_55),(82_8_4_2_63),(83_8_4_2_17),(84_8_4_2_57),(85_8_4_2_80),(86_8_4_2_29),(87_8_4_2_82),(88_8_4_2_27)
real5,0,0,95,1.03,s,EPP-SL,(1_1_1_1_63),(2_1_1_1_38),(3_1_1_1_75),(4_1_1_1_86),(5_1_1_1_82),(7_1_1_1_36),(8_1_1_1_79),(9_1_1_1_28),(10_1_1_1_59),(11_1_1_1_27),(12_2_1_1_67),(13_2_1_1_6),(14_2_1_1_61),(15_2_1_1_80),(16_2_1_1_26),(17_2_1_1_10),(18_2_1_1_3),(19_2_1_1_9),(20_2_1_1_2),(21_2_1_1_37),(22_2_1_1_35),(23_3_2_1_87),(24_3_2_1_25),(25_3_2_1_48),(26_3_2_1_85),(29_3_2_1_18),(30_3_2_1_74),(31_3_2_1_88),(32_3_2_1_49),(33_3_2_1_23),(34_4_2_1_24),(35_4_2_1_55),(36_4_2_1_16),(38_4_2_1_19),(39_4_2_1_31),(40_4_2_1_50),(41_4_2_1_11),(42_4_2_1_7),(43_4_2_1_1),(44_4_2_1_62),(45_5_3_2_60),(47_5_3_2_20),(48_5_3_2_51),(49_5_3_2_21),(50_5_3_2_34),(51_5_3_2_5),(52_5_3_2_54),(53_5_3_2_57),(54_5_3_2_30),(55_5_3_2_8),(56_6_3_2_66),(57_6_3_2_84),(59_6_3_2_71),(60_6_3_2_81),(62_6_3_2_68),(63_6_3_2_52),(64_6_3_2_15),(65_6_3_2_56),(66_6_3_2_4),(68_7_4_2_72),(69_7_4_2_78),(70_7_4_2_13),(71_7_4_2_76),(72_7_4_2_77),(73_7_4_2_53),(74_7_4_2_17),(75_7_4_2_64),(76_7_4_2_14),(78_8_4_2_73),(79_8_4_2_40),(80_8_4_2_29),(81_8_4_2_32),(82_8_4_2_65),(83_8_4_2_22),(84_8_4_2_47),(85_8_4_2_12),(86_8_4_2_69),(87_8_4_2_83),(88_8_4_2_58)
