i_4_0,100,0.95,s,1,EPP-SL,1,606.0,900.6539824008942,0.0016501650165016502,84.0,71.0,72.0,82.0,73.0,72.0,77.0,75.0
i_4_0,100,0.99,s,1,EPP-SL,1,536.0,900.5743730068207,0.0018656716417910447,71.0,62.0,62.0,73.0,64.0,60.0,74.0,70.0
i_4_0,100,1.03,s,1,EPP-SL,1,479.0,901.154149055481,0.006263048016701462,71.0,51.0,53.0,69.0,59.0,51.0,64.0,61.0
i_4_0,100,0.95,s,2,EPP-SL,1,606.0,900.5582458972931,0.0033003300330033004,84.0,71.0,72.0,82.0,73.0,72.0,77.0,75.0
i_4_0,100,0.99,s,2,EPP-SL,1,537.0,901.0910079479218,0.0037243947858473,71.0,62.0,63.0,73.0,64.0,60.0,74.0,70.0
i_4_0,100,1.03,s,2,EPP-SL,1,482.0,900.5942914485931,0.002074688796680498,71.0,51.0,53.0,60.0,64.0,60.0,64.0,59.0
i_4_0,100,0.95,s,3,EPP-SL,1,606.0,900.8227217197418,0.0033003300330033004,84.0,71.0,72.0,82.0,73.0,72.0,77.0,75.0
i_4_0,100,0.99,s,3,EPP-SL,1,537.0,900.8963685035706,0.0037243947858473,71.0,62.0,63.0,73.0,64.0,60.0,74.0,70.0
i_4_0,100,1.03,s,3,EPP-SL,1,481.0,900.8726437091827,0.006237006237006237,71.0,51.0,53.0,64.0,59.0,60.0,64.0,59.0
i_4_0,100,0.95,s,4,EPP-SL,1,607.0,900.9765031337738,0.004942339373970346,84.0,71.0,72.0,82.0,73.0,72.0,78.0,75.0
i_4_0,100,0.99,s,4,EPP-SL,1,539.0,900.9685740470886,0.0037105751391465678,71.0,60.0,63.0,73.0,68.0,60.0,74.0,70.0
i_4_0,100,1.03,s,4,EPP-SL,1,486.0,581.0094013214111,0.0,71.0,51.0,53.0,69.0,59.0,60.0,64.0,59.0
i_4_0,100,0.95,s,5,EPP-SL,1,607.0,901.0295939445496,0.0032948929159802307,84.0,71.0,72.0,82.0,73.0,72.0,77.0,76.0
i_4_0,100,0.99,s,5,EPP-SL,1,538.0,901.1042606830597,0.0018587360594795538,71.0,60.0,63.0,73.0,64.0,60.0,74.0,73.0
i_4_0,100,1.03,s,5,EPP-SL,1,482.0,900.8875517845154,0.004149377593360996,71.0,51.0,53.0,60.0,64.0,60.0,64.0,59.0
i_4_0,100,0.95,s,6,EPP-SL,1,685.0,900.5595946311951,0.00291970802919708,94.0,80.0,81.0,95.0,82.0,81.0,87.0,85.0
i_4_0,100,0.99,s,6,EPP-SL,1,600.0,901.1400427818298,0.0016666666666666668,84.0,71.0,72.0,82.0,73.0,69.0,74.0,75.0
i_4_0,100,1.03,s,6,EPP-SL,1,535.0,325.78389596939087,0.0,71.0,60.0,63.0,73.0,64.0,60.0,74.0,70.0
i_4_0,100,0.95,s,7,EPP-SL,1,685.0,900.9837553501129,0.00291970802919708,94.0,80.0,81.0,95.0,82.0,81.0,87.0,85.0
i_4_0,100,0.99,s,7,EPP-SL,1,600.0,901.1311213970184,0.0016666666666666668,84.0,71.0,72.0,82.0,73.0,69.0,74.0,75.0
i_4_0,100,1.03,s,7,EPP-SL,1,535.0,299.05780243873596,0.0,71.0,60.0,63.0,73.0,64.0,60.0,74.0,70.0
i_4_0,100,0.95,s,8,EPP-SL,1,685.0,900.9648721218109,0.00145985401459854,94.0,80.0,81.0,95.0,82.0,81.0,87.0,85.0
i_4_0,100,0.99,s,8,EPP-SL,1,598.0,900.7947788238525,0.0016722408026755853,81.0,71.0,72.0,82.0,73.0,69.0,74.0,76.0
i_4_0,100,1.03,s,8,EPP-SL,1,531.0,900.6202661991119,0.003766478342749529,71.0,62.0,67.0,73.0,64.0,60.0,64.0,70.0
i_4_0,100,0.95,s,9,EPP-SL,1,692.0,900.6211986541748,0.001445086705202312,94.0,80.0,86.0,95.0,82.0,81.0,87.0,87.0
i_4_0,100,0.99,s,9,EPP-SL,1,604.0,900.7316799163818,0.0033112582781456954,84.0,71.0,72.0,82.0,73.0,72.0,74.0,76.0
i_4_0,100,1.03,s,9,EPP-SL,1,539.0,360.91944885253906,0.0,71.0,60.0,67.0,73.0,64.0,60.0,74.0,70.0
i_4_0,100,0.95,s,10,EPP-SL,1,687.0,901.0710890293121,0.001455604075691412,94.0,80.0,81.0,95.0,82.0,81.0,87.0,87.0
i_4_0,100,0.99,s,10,EPP-SL,1,601.0,900.9434025287628,0.0033277870216306157,84.0,69.0,72.0,82.0,73.0,69.0,77.0,75.0
i_4_0,100,1.03,s,10,EPP-SL,1,536.0,662.8276541233063,0.0,71.0,62.0,62.0,73.0,64.0,60.0,74.0,70.0
i_4_0,100,0.95,s,11,EPP-SL,1,784.0,15.687995433807373,0.0,100.0,100.0,95.0,100.0,93.0,99.0,97.0,100.0
i_4_0,100,0.99,s,11,EPP-SL,1,688.0,900.5082354545593,0.0029069767441860465,94.0,80.0,82.0,95.0,82.0,81.0,87.0,87.0
i_4_0,100,1.03,s,11,EPP-SL,1,606.0,900.576468706131,0.0049504950495049506,84.0,71.0,72.0,82.0,73.0,72.0,77.0,75.0
i_4_0,100,0.95,s,12,EPP-SL,1,781.0,12.775792121887207,0.0,100.0,98.0,95.0,100.0,92.0,99.0,97.0,100.0
i_4_0,100,0.99,s,12,EPP-SL,1,685.0,447.6248767375946,0.0,94.0,80.0,81.0,95.0,82.0,81.0,87.0,85.0
i_4_0,100,1.03,s,12,EPP-SL,1,604.0,900.6123316287994,0.0033112582781456954,84.0,69.0,72.0,82.0,73.0,72.0,77.0,75.0
i_4_0,100,0.95,s,13,EPP-SL,1,784.0,19.11348032951355,0.0,100.0,100.0,96.0,100.0,92.0,99.0,97.0,100.0
i_4_0,100,0.99,s,13,EPP-SL,1,687.0,668.0251712799072,0.0,94.0,80.0,81.0,95.0,82.0,81.0,87.0,87.0
i_4_0,100,1.03,s,13,EPP-SL,1,603.0,900.8364946842194,0.003316749585406302,84.0,71.0,72.0,82.0,73.0,69.0,77.0,75.0
i_4_0,100,0.95,s,14,EPP-SL,1,781.0,12.063363552093506,0.0,100.0,98.0,95.0,100.0,92.0,99.0,97.0,100.0
i_4_0,100,0.99,s,14,EPP-SL,1,685.0,900.5617196559906,0.00291970802919708,94.0,80.0,81.0,95.0,82.0,81.0,87.0,85.0
i_4_0,100,1.03,s,14,EPP-SL,1,604.0,900.588668346405,0.004966887417218543,84.0,71.0,72.0,82.0,73.0,69.0,78.0,75.0
i_4_0,100,0.95,s,15,EPP-SL,1,783.0,16.893298864364624,0.0,100.0,100.0,95.0,100.0,92.0,99.0,97.0,100.0
i_4_0,100,0.99,s,15,EPP-SL,1,685.0,900.6931524276733,0.00145985401459854,94.0,80.0,81.0,95.0,82.0,81.0,87.0,85.0
i_4_0,100,1.03,s,15,EPP-SL,1,601.0,900.590430021286,0.0033277870216306157,81.0,71.0,72.0,86.0,73.0,69.0,74.0,75.0
i_4_0,100,0.95,s,16,EPP-SL,1,665.0,900.9363024234772,0.0030075187969924814,86.0,80.0,81.0,91.0,82.0,78.0,83.0,84.0
i_4_0,100,0.99,s,16,EPP-SL,1,581.0,900.5538489818573,0.008605851979345954,81.0,65.0,72.0,82.0,68.0,69.0,74.0,70.0
i_4_0,100,1.03,s,16,EPP-SL,1,521.0,901.0769400596619,0.0019193857965451055,71.0,60.0,63.0,69.0,64.0,60.0,64.0,70.0
i_4_0,100,0.95,s,17,EPP-SL,1,667.0,900.526528596878,0.005997001499250375,90.0,78.0,81.0,91.0,82.0,78.0,83.0,84.0
i_4_0,100,0.99,s,17,EPP-SL,1,585.0,901.0493810176849,0.003418803418803419,81.0,69.0,72.0,82.0,68.0,69.0,74.0,70.0
i_4_0,100,1.03,s,17,EPP-SL,1,521.0,901.0276553630829,0.0019193857965451055,71.0,60.0,63.0,69.0,64.0,60.0,64.0,70.0
i_4_0,100,0.95,s,18,EPP-SL,1,661.0,900.5814962387085,0.0045385779122541605,86.0,80.0,77.0,91.0,82.0,78.0,83.0,84.0
i_4_0,100,0.99,s,18,EPP-SL,1,579.0,900.5560240745544,0.0069084628670120895,81.0,62.0,72.0,78.0,73.0,69.0,74.0,70.0
i_4_0,100,1.03,s,18,EPP-SL,1,519.0,59.61615753173828,0.0,71.0,60.0,63.0,73.0,64.0,60.0,64.0,64.0
i_4_0,100,0.95,s,19,EPP-SL,1,666.0,900.9936842918396,0.0045045045045045045,87.0,80.0,81.0,91.0,82.0,78.0,83.0,84.0
i_4_0,100,0.99,s,19,EPP-SL,1,581.0,901.055579662323,0.0068846815834767644,81.0,65.0,67.0,82.0,73.0,69.0,74.0,70.0
i_4_0,100,1.03,s,19,EPP-SL,1,520.0,452.51140785217285,0.0,71.0,60.0,62.0,69.0,64.0,60.0,64.0,70.0
i_4_0,100,0.95,s,20,EPP-SL,1,657.0,900.8496980667114,0.0015220700152207,84.0,78.0,77.0,91.0,82.0,78.0,83.0,84.0
i_4_0,100,0.99,s,20,EPP-SL,1,576.0,900.5572423934937,0.005208333333333333,81.0,69.0,63.0,82.0,68.0,69.0,74.0,70.0
i_4_0,100,1.03,s,20,EPP-SL,1,516.0,900.9022336006165,0.001937984496124031,71.0,60.0,62.0,73.0,64.0,60.0,65.0,61.0
i_4_0,100,0.95,s,21,EPP-SL,1,764.0,900.8668200969696,0.0013089005235602095,99.0,98.0,95.0,100.0,92.0,87.0,96.0,97.0
i_4_0,100,0.99,s,21,EPP-SL,1,667.0,900.5691192150116,0.005997001499250375,84.0,80.0,81.0,91.0,82.0,78.0,87.0,84.0
i_4_0,100,1.03,s,21,EPP-SL,1,593.0,20.937819719314575,0.0,81.0,69.0,72.0,82.0,73.0,69.0,74.0,73.0
i_4_0,100,0.95,s,22,EPP-SL,1,751.0,900.548261642456,0.002663115845539281,99.0,91.0,95.0,100.0,82.0,90.0,96.0,98.0
i_4_0,100,0.99,s,22,EPP-SL,1,657.0,901.0098268985748,0.0030441400304414,84.0,78.0,77.0,91.0,82.0,78.0,83.0,84.0
i_4_0,100,1.03,s,22,EPP-SL,1,583.0,900.9501757621765,0.0017152658662092624,81.0,62.0,72.0,82.0,73.0,69.0,74.0,70.0
i_4_0,100,0.95,s,23,EPP-SL,1,751.0,900.6911387443542,0.0013315579227696406,99.0,89.0,95.0,100.0,82.0,90.0,96.0,100.0
i_4_0,100,0.99,s,23,EPP-SL,1,654.0,900.8699235916138,0.00764525993883792,86.0,73.0,77.0,91.0,82.0,78.0,83.0,84.0
i_4_0,100,1.03,s,23,EPP-SL,1,579.0,901.0746557712555,0.0069084628670120895,81.0,62.0,72.0,82.0,68.0,69.0,74.0,71.0
i_4_0,100,0.95,s,24,EPP-SL,1,757.0,51.01758861541748,0.0,99.0,89.0,95.0,100.0,92.0,90.0,96.0,96.0
i_4_0,100,0.99,s,24,EPP-SL,1,659.0,900.5632076263428,0.006069802731411229,86.0,78.0,77.0,91.0,82.0,78.0,83.0,84.0
i_4_0,100,1.03,s,24,EPP-SL,1,582.0,900.5385549068451,0.005154639175257732,71.0,71.0,72.0,82.0,73.0,69.0,74.0,70.0
i_4_0,100,0.95,s,25,EPP-SL,1,754.0,237.59496092796326,0.0,99.0,89.0,95.0,100.0,92.0,87.0,96.0,96.0
i_4_0,100,0.99,s,25,EPP-SL,1,652.0,900.6161634922028,0.004601226993865031,84.0,78.0,72.0,91.0,82.0,78.0,83.0,84.0
i_4_0,100,1.03,s,25,EPP-SL,1,572.0,900.5515959262848,0.01048951048951049,75.0,62.0,72.0,82.0,68.0,69.0,74.0,70.0
i_4_0,100,0.95,s,26,EPP-SL,1,739.0,900.5263848304749,0.0013531799729364006,99.0,89.0,95.0,95.0,82.0,87.0,96.0,96.0
i_4_0,100,0.99,s,26,EPP-SL,1,643.0,900.5614941120148,0.007776049766718507,86.0,71.0,77.0,91.0,73.0,78.0,83.0,84.0
i_4_0,100,1.03,s,26,EPP-SL,1,571.0,900.5673091411591,0.005253940455341506,81.0,60.0,67.0,82.0,68.0,69.0,74.0,70.0
i_4_0,100,0.95,s,27,EPP-SL,1,730.0,547.5607466697693,0.0,99.0,89.0,86.0,95.0,82.0,87.0,96.0,96.0
i_4_0,100,0.99,s,27,EPP-SL,1,636.0,901.0323848724365,0.0031446540880503146,86.0,71.0,76.0,91.0,73.0,72.0,83.0,84.0
i_4_0,100,1.03,s,27,EPP-SL,1,561.0,900.5045981407166,0.0071301247771836,81.0,60.0,63.0,82.0,68.0,63.0,74.0,70.0
i_4_0,100,0.95,s,28,EPP-SL,1,742.0,900.9050903320312,0.0013477088948787063,99.0,87.0,95.0,100.0,82.0,87.0,96.0,96.0
i_4_0,100,0.99,s,28,EPP-SL,1,646.0,900.9776518344879,0.0046439628482972135,86.0,71.0,77.0,91.0,82.0,72.0,83.0,84.0
i_4_0,100,1.03,s,28,EPP-SL,1,573.0,900.5966372489929,0.0034904013961605585,81.0,62.0,67.0,82.0,68.0,69.0,74.0,70.0
i_4_0,100,0.95,s,29,EPP-SL,1,742.0,168.9789342880249,0.0,99.0,87.0,95.0,100.0,82.0,87.0,96.0,96.0
i_4_0,100,0.99,s,29,EPP-SL,1,645.0,901.0552759170532,0.006201550387596899,84.0,71.0,72.0,91.0,82.0,78.0,83.0,84.0
i_4_0,100,1.03,s,29,EPP-SL,1,573.0,901.0641124248505,0.005235602094240838,81.0,62.0,67.0,82.0,68.0,69.0,74.0,70.0
i_4_0,100,0.95,s,30,EPP-SL,1,731.0,106.6228129863739,0.0,99.0,89.0,86.0,100.0,82.0,87.0,92.0,96.0
i_4_0,100,0.99,s,30,EPP-SL,1,637.0,901.0045692920685,0.0031397174254317113,86.0,71.0,77.0,91.0,73.0,72.0,83.0,84.0
i_4_0,100,1.03,s,30,EPP-SL,1,563.0,900.708927154541,0.007104795737122558,81.0,62.0,63.0,82.0,68.0,63.0,74.0,70.0
i_4_0,100,0.95,s,31,EPP-SL,1,735.0,900.7278048992157,0.0013605442176870747,99.0,89.0,86.0,100.0,82.0,87.0,96.0,96.0
i_4_0,100,0.99,s,31,EPP-SL,1,630.0,900.5663096904755,0.006349206349206349,86.0,71.0,77.0,86.0,73.0,72.0,83.0,82.0
i_4_0,100,1.03,s,31,EPP-SL,1,546.0,901.0438814163208,0.005494505494505495,71.0,62.0,63.0,78.0,68.0,60.0,74.0,70.0
i_4_0,100,0.95,s,32,EPP-SL,1,739.0,77.65179252624512,0.0,99.0,89.0,95.0,95.0,82.0,87.0,96.0,96.0
i_4_0,100,0.99,s,32,EPP-SL,1,636.0,900.6820704936981,0.0015723270440251573,84.0,71.0,77.0,86.0,73.0,78.0,83.0,84.0
i_4_0,100,1.03,s,32,EPP-SL,1,549.0,901.0679984092712,0.007285974499089253,71.0,62.0,63.0,82.0,64.0,63.0,74.0,70.0
i_4_0,100,0.95,s,33,EPP-SL,1,740.0,31.11692452430725,0.0,99.0,87.0,95.0,95.0,82.0,90.0,96.0,96.0
i_4_0,100,0.99,s,33,EPP-SL,1,637.0,901.0894248485565,0.0031397174254317113,86.0,71.0,77.0,91.0,73.0,72.0,83.0,84.0
i_4_0,100,1.03,s,33,EPP-SL,1,549.0,901.1779670715332,0.01092896174863388,71.0,62.0,63.0,73.0,73.0,63.0,74.0,70.0
i_4_0,100,0.95,s,34,EPP-SL,1,734.0,900.9278199672699,0.0013623978201634877,99.0,89.0,86.0,95.0,82.0,90.0,96.0,97.0
i_4_0,100,0.99,s,34,EPP-SL,1,631.0,900.6657936573029,0.001584786053882726,86.0,71.0,76.0,86.0,73.0,72.0,83.0,84.0
i_4_0,100,1.03,s,34,EPP-SL,1,545.0,900.9507110118866,0.007339449541284404,75.0,62.0,63.0,73.0,68.0,60.0,74.0,70.0
i_4_0,100,0.95,s,35,EPP-SL,1,734.0,860.3663787841797,0.0,99.0,89.0,86.0,95.0,82.0,90.0,96.0,97.0
i_4_0,100,0.99,s,35,EPP-SL,1,631.0,900.9420702457428,0.001584786053882726,84.0,71.0,72.0,86.0,73.0,78.0,83.0,84.0
i_4_0,100,1.03,s,35,EPP-SL,1,546.0,901.0108029842377,0.003663003663003663,71.0,62.0,63.0,78.0,68.0,60.0,74.0,70.0
i_4_0,100,0.95,s,36,EPP-SL,1,728.0,141.19884395599365,0.0,99.0,87.0,86.0,95.0,82.0,87.0,96.0,96.0
i_4_0,100,0.99,s,36,EPP-SL,1,636.0,901.0409941673279,0.0047169811320754715,84.0,71.0,77.0,86.0,73.0,78.0,83.0,84.0
i_4_0,100,1.03,s,36,EPP-SL,1,567.0,900.996120929718,0.001763668430335097,81.0,60.0,67.0,82.0,64.0,69.0,74.0,70.0
i_4_0,100,0.95,s,37,EPP-SL,1,730.0,571.5881578922272,0.0,99.0,89.0,86.0,95.0,82.0,87.0,96.0,96.0
i_4_0,100,0.99,s,37,EPP-SL,1,638.0,901.0250098705292,0.004702194357366771,86.0,71.0,77.0,86.0,73.0,78.0,83.0,84.0
i_4_0,100,1.03,s,37,EPP-SL,1,570.0,900.9979562759399,0.0017543859649122807,81.0,60.0,67.0,82.0,64.0,69.0,74.0,73.0
i_4_0,100,0.95,s,38,EPP-SL,1,724.0,901.1067464351654,0.0027624309392265192,99.0,87.0,86.0,95.0,82.0,87.0,92.0,96.0
i_4_0,100,0.99,s,38,EPP-SL,1,634.0,901.0068173408508,0.0031545741324921135,86.0,71.0,77.0,82.0,73.0,78.0,83.0,84.0
i_4_0,100,1.03,s,38,EPP-SL,1,563.0,900.6086525917053,0.0017761989342806395,75.0,62.0,67.0,82.0,64.0,69.0,74.0,70.0
i_4_0,100,0.95,s,39,EPP-SL,1,715.0,900.6356990337372,0.0013986013986013986,99.0,78.0,86.0,95.0,82.0,87.0,92.0,96.0
i_4_0,100,0.99,s,39,EPP-SL,1,627.0,900.9188838005066,0.001594896331738437,84.0,71.0,76.0,86.0,73.0,72.0,83.0,82.0
i_4_0,100,1.03,s,39,EPP-SL,1,557.0,901.1286089420319,0.003590664272890485,71.0,60.0,67.0,82.0,64.0,69.0,74.0,70.0
i_4_0,100,0.95,s,40,EPP-SL,1,728.0,900.9308023452759,0.0013736263736263737,99.0,87.0,86.0,95.0,82.0,87.0,96.0,96.0
i_4_0,100,0.99,s,40,EPP-SL,1,637.0,901.0966391563416,0.0031397174254317113,86.0,71.0,77.0,91.0,73.0,72.0,83.0,84.0
i_4_0,100,1.03,s,40,EPP-SL,1,563.0,901.0337960720062,0.008880994671403197,81.0,62.0,67.0,76.0,64.0,69.0,74.0,70.0
i_4_0,100,0.95,s,41,EPP-SL,1,715.0,900.9349799156189,0.002797202797202797,99.0,87.0,86.0,95.0,82.0,87.0,92.0,87.0
i_4_0,100,0.99,s,41,EPP-SL,1,634.0,900.6398932933807,0.0031545741324921135,86.0,73.0,77.0,86.0,73.0,72.0,83.0,84.0
i_4_0,100,1.03,s,41,EPP-SL,1,570.0,901.0627770423889,0.0035087719298245615,84.0,60.0,67.0,82.0,64.0,69.0,74.0,70.0
i_4_0,100,0.95,s,42,EPP-SL,1,714.0,900.6476681232452,0.0014005602240896359,94.0,82.0,86.0,95.0,82.0,87.0,92.0,96.0
i_4_0,100,0.99,s,42,EPP-SL,1,632.0,901.0259053707123,0.006329113924050633,86.0,71.0,77.0,86.0,73.0,72.0,83.0,84.0
i_4_0,100,1.03,s,42,EPP-SL,1,570.0,901.1209557056427,0.0035087719298245615,84.0,60.0,67.0,82.0,64.0,69.0,74.0,70.0
i_4_0,100,0.95,s,43,EPP-SL,1,719.0,901.0140378475189,0.004172461752433936,99.0,82.0,86.0,95.0,82.0,87.0,92.0,96.0
i_4_0,100,0.99,s,43,EPP-SL,1,635.0,901.0349555015564,0.009448818897637795,87.0,73.0,77.0,86.0,73.0,72.0,83.0,84.0
i_4_0,100,1.03,s,43,EPP-SL,1,575.0,901.3168666362762,0.0034782608695652175,84.0,60.0,67.0,82.0,64.0,69.0,74.0,75.0
i_4_0,100,0.95,s,44,EPP-SL,1,711.0,900.9881107807159,0.004219409282700422,99.0,82.0,86.0,95.0,82.0,87.0,92.0,88.0
i_4_0,100,0.99,s,44,EPP-SL,1,632.0,901.0626339912415,0.0015822784810126582,86.0,71.0,77.0,86.0,73.0,72.0,83.0,84.0
i_4_0,100,1.03,s,44,EPP-SL,1,567.0,901.0156140327454,0.005291005291005291,81.0,60.0,67.0,82.0,64.0,69.0,74.0,70.0
i_4_0,100,0.95,s,45,EPP-SL,1,717.0,485.33980321884155,0.0,99.0,80.0,86.0,95.0,82.0,87.0,92.0,96.0
i_4_0,100,0.99,s,45,EPP-SL,1,634.0,901.0511355400085,0.0031545741324921135,86.0,73.0,77.0,86.0,73.0,72.0,83.0,84.0
i_4_0,100,1.03,s,45,EPP-SL,1,570.0,901.0021777153015,0.0017543859649122807,81.0,60.0,67.0,82.0,64.0,69.0,74.0,73.0
i_5_2,100,0.95,s,1,EPP-SL,1,613.0,901.4341816902161,0.013050570962479609,79.0,76.0,90.0,69.0,66.0,80.0,88.0,65.0
i_5_2,100,0.99,s,1,EPP-SL,1,543.0,901.1756432056427,0.003683241252302026,70.0,75.0,81.0,60.0,59.0,67.0,74.0,57.0
i_5_2,100,1.03,s,1,EPP-SL,1,481.0,901.079861164093,0.008316008316008316,59.0,64.0,72.0,60.0,48.0,65.0,65.0,48.0
i_5_2,100,0.95,s,2,EPP-SL,1,611.0,900.7622888088226,0.016366612111292964,79.0,76.0,90.0,69.0,66.0,78.0,88.0,65.0
i_5_2,100,0.99,s,2,EPP-SL,1,544.0,900.659871339798,0.003676470588235294,70.0,75.0,81.0,60.0,59.0,69.0,74.0,56.0
i_5_2,100,1.03,s,2,EPP-SL,1,483.0,901.0856237411499,0.008281573498964804,61.0,64.0,72.0,60.0,48.0,56.0,74.0,48.0
i_5_2,100,0.95,s,3,EPP-SL,1,614.0,900.6262876987457,0.013029315960912053,79.0,84.0,90.0,69.0,63.0,76.0,88.0,65.0
i_5_2,100,0.99,s,3,EPP-SL,1,543.0,900.644195318222,0.007366482504604052,70.0,75.0,81.0,60.0,59.0,69.0,73.0,56.0
i_5_2,100,1.03,s,3,EPP-SL,1,482.0,900.746422290802,0.008298755186721992,61.0,62.0,68.0,60.0,59.0,56.0,68.0,48.0
i_5_2,100,0.95,s,4,EPP-SL,1,617.0,900.730516910553,0.009724473257698542,79.0,84.0,90.0,69.0,66.0,76.0,88.0,65.0
i_5_2,100,0.99,s,4,EPP-SL,1,546.0,900.6175451278687,0.005494505494505495,70.0,75.0,81.0,58.0,59.0,67.0,80.0,56.0
i_5_2,100,1.03,s,4,EPP-SL,1,486.0,900.6469616889954,0.00823045267489712,61.0,64.0,72.0,60.0,48.0,65.0,68.0,48.0
i_5_2,100,0.95,s,5,EPP-SL,1,608.0,900.7107443809509,0.023026315789473683,79.0,84.0,81.0,69.0,66.0,76.0,88.0,65.0
i_5_2,100,0.99,s,5,EPP-SL,1,545.0,900.6844007968903,0.003669724770642202,70.0,75.0,81.0,60.0,59.0,69.0,74.0,57.0
i_5_2,100,1.03,s,5,EPP-SL,1,483.0,901.2479496002197,0.008281573498964804,61.0,64.0,72.0,60.0,48.0,65.0,65.0,48.0
i_5_2,100,0.95,s,6,EPP-SL,1,700.0,901.1956923007965,0.0014285714285714286,88.0,89.0,99.0,82.0,77.0,89.0,97.0,79.0
i_5_2,100,0.99,s,6,EPP-SL,1,600.0,900.7086868286133,0.018333333333333333,79.0,76.0,81.0,69.0,66.0,76.0,88.0,65.0
i_5_2,100,1.03,s,6,EPP-SL,1,541.0,901.1517775058746,0.0018484288354898336,70.0,75.0,81.0,60.0,59.0,67.0,73.0,56.0
i_5_2,100,0.95,s,7,EPP-SL,1,700.0,900.6909375190735,0.0014285714285714286,88.0,89.0,99.0,82.0,77.0,89.0,97.0,79.0
i_5_2,100,0.99,s,7,EPP-SL,1,602.0,900.7054364681244,0.016611295681063124,79.0,75.0,90.0,69.0,63.0,78.0,83.0,65.0
i_5_2,100,1.03,s,7,EPP-SL,1,541.0,900.699512720108,0.0018484288354898336,70.0,75.0,81.0,60.0,59.0,67.0,73.0,56.0
i_5_2,100,0.95,s,8,EPP-SL,1,700.0000015443039,532.7583906650543,0.0,88.0,89.0,99.0,81.0,77.0,89.0,98.0,79.0
i_5_2,100,0.99,s,8,EPP-SL,1,599.0,900.719046831131,0.018363939899833055,79.0,75.0,81.0,67.0,66.0,78.0,88.0,65.0
i_5_2,100,1.03,s,8,EPP-SL,1,537.0,900.8666145801544,0.00558659217877095,70.0,71.0,81.0,60.0,59.0,67.0,73.0,56.0
i_5_2,100,0.95,s,9,EPP-SL,1,702.0,900.7230849266052,0.007122507122507123,88.0,89.0,99.0,82.0,77.0,88.0,98.0,81.0
i_5_2,100,0.99,s,9,EPP-SL,1,611.0,900.6300044059753,0.011456628477905073,79.0,78.0,90.0,69.0,66.0,76.0,88.0,65.0
i_5_2,100,1.03,s,9,EPP-SL,1,544.0,900.9212079048157,0.0055147058823529415,70.0,75.0,81.0,60.0,59.0,69.0,73.0,57.0
i_5_2,100,0.95,s,10,EPP-SL,1,702.0,900.816728591919,0.0014245014245014246,88.0,89.0,99.0,82.0,77.0,89.0,97.0,81.0
i_5_2,100,0.99,s,10,EPP-SL,1,607.0,900.768652677536,0.011532125205930808,79.0,75.0,90.0,69.0,68.0,78.0,83.0,65.0
i_5_2,100,1.03,s,10,EPP-SL,1,543.0,900.6271278858185,0.001841620626151013,70.0,75.0,81.0,60.0,59.0,69.0,73.0,56.0
i_5_2,100,0.95,s,11,EPP-SL,1,781.0,900.6795613765717,0.006402048655569782,96.0,100.0,99.0,100.0,93.0,99.0,98.0,96.0
i_5_2,100,0.99,s,11,EPP-SL,1,702.0,900.7231769561768,0.002849002849002849,88.0,89.0,99.0,82.0,77.0,89.0,97.0,81.0
i_5_2,100,1.03,s,11,EPP-SL,1,614.0,900.6911628246307,0.011400651465798045,79.0,84.0,90.0,69.0,68.0,76.0,83.0,65.0
i_5_2,100,0.95,s,12,EPP-SL,1,775.0,900.6374697685242,0.0064516129032258064,96.0,100.0,99.0,95.0,93.0,100.0,98.0,94.0
i_5_2,100,0.99,s,12,EPP-SL,1,699.0,310.0832099914551,0.0,88.0,89.0,99.0,82.0,77.0,89.0,97.0,78.0
i_5_2,100,1.03,s,12,EPP-SL,1,608.0,900.6665961742401,0.01644736842105263,79.0,78.0,81.0,69.0,68.0,80.0,88.0,65.0
i_5_2,100,0.95,s,13,EPP-SL,1,783.0,900.7388508319855,0.0038314176245210726,100.0,100.0,99.0,94.0,95.0,100.0,98.0,97.0
i_5_2,100,0.99,s,13,EPP-SL,1,702.0,430.73468708992004,0.0,88.0,89.0,99.0,82.0,77.0,89.0,97.0,81.0
i_5_2,100,1.03,s,13,EPP-SL,1,606.0,900.8010671138763,0.018151815181518153,79.0,76.0,90.0,69.0,68.0,76.0,83.0,65.0
i_5_2,100,0.95,s,14,EPP-SL,1,775.0,901.3704290390015,0.0064516129032258064,96.0,100.0,99.0,95.0,93.0,100.0,98.0,94.0
i_5_2,100,0.99,s,14,EPP-SL,1,701.0,751.3757190704346,0.0,88.0,89.0,99.0,81.0,77.0,89.0,97.0,81.0
i_5_2,100,1.03,s,14,EPP-SL,1,611.0,901.1980895996094,0.01309328968903437,79.0,78.0,90.0,69.0,68.0,80.0,82.0,65.0
i_5_2,100,0.95,s,15,EPP-SL,1,779.0,900.8138692378998,0.006418485237483954,100.0,100.0,99.0,94.0,94.0,100.0,98.0,94.0
i_5_2,100,0.99,s,15,EPP-SL,1,700.0,404.48493814468384,0.0,88.0,89.0,99.0,82.0,77.0,89.0,97.0,79.0
i_5_2,100,1.03,s,15,EPP-SL,1,605.0,900.5539119243622,0.01487603305785124,79.0,75.0,81.0,69.0,68.0,80.0,88.0,65.0
i_5_2,100,0.95,s,16,EPP-SL,1,676.0,900.5853521823883,0.008875739644970414,88.0,84.0,90.0,79.0,71.0,89.0,97.0,78.0
i_5_2,100,0.99,s,16,EPP-SL,1,590.0,900.7514145374298,0.00847457627118644,77.0,75.0,81.0,69.0,63.0,78.0,82.0,65.0
i_5_2,100,1.03,s,16,EPP-SL,1,522.0,900.6034269332886,0.009578544061302681,70.0,66.0,72.0,60.0,59.0,65.0,74.0,56.0
i_5_2,100,0.95,s,17,EPP-SL,1,681.0,900.6273851394653,0.007342143906020558,88.0,84.0,90.0,81.0,71.0,89.0,97.0,81.0
i_5_2,100,0.99,s,17,EPP-SL,1,590.0,901.2073156833649,0.011864406779661017,77.0,75.0,81.0,69.0,63.0,78.0,82.0,65.0
i_5_2,100,1.03,s,17,EPP-SL,1,522.0,900.6177237033844,0.011494252873563218,68.0,71.0,72.0,60.0,55.0,67.0,73.0,56.0
i_5_2,100,0.95,s,18,EPP-SL,1,670.0,900.70925116539,0.013432835820895522,88.0,84.0,90.0,75.0,71.0,89.0,97.0,76.0
i_5_2,100,0.99,s,18,EPP-SL,1,585.0,901.1986689567566,0.010256410256410256,72.0,75.0,81.0,69.0,63.0,78.0,82.0,65.0
i_5_2,100,1.03,s,18,EPP-SL,1,522.0,900.6922430992126,0.0038314176245210726,70.0,66.0,72.0,60.0,59.0,65.0,74.0,56.0
i_5_2,100,0.95,s,19,EPP-SL,1,678.0,900.9903392791748,0.008849557522123894,88.0,84.0,90.0,81.0,71.0,89.0,97.0,78.0
i_5_2,100,0.99,s,19,EPP-SL,1,589.0,900.8369629383087,0.008488964346349746,79.0,75.0,81.0,69.0,60.0,78.0,82.0,65.0
i_5_2,100,1.03,s,19,EPP-SL,1,522.0,900.5993206501007,0.007662835249042145,70.0,66.0,72.0,60.0,59.0,65.0,74.0,56.0
i_5_2,100,0.95,s,20,EPP-SL,1,668.0,901.1672196388245,0.008982035928143712,83.0,84.0,90.0,79.0,71.0,89.0,97.0,75.0
i_5_2,100,0.99,s,20,EPP-SL,1,582.0,901.1440961360931,0.012027491408934709,72.0,75.0,81.0,69.0,60.0,78.0,82.0,65.0
i_5_2,100,1.03,s,20,EPP-SL,1,518.0,900.6816217899323,0.007722007722007722,68.0,69.0,72.0,60.0,59.0,65.0,68.0,57.0
i_5_2,100,0.95,s,21,EPP-SL,1,771.0,901.2993357181549,0.0038910505836575876,96.0,98.0,99.0,94.0,93.0,100.0,98.0,93.0
i_5_2,100,0.99,s,21,EPP-SL,1,682.0,901.5830459594727,0.005865102639296188,88.0,84.0,90.0,79.0,77.0,89.0,97.0,78.0
i_5_2,100,1.03,s,21,EPP-SL,1,598.0,901.3057742118835,0.008361204013377926,79.0,75.0,81.0,69.0,68.0,78.0,83.0,65.0
i_5_2,100,0.95,s,22,EPP-SL,1,763.0,901.2656693458557,0.002621231979030144,96.0,98.0,99.0,97.0,89.0,92.0,98.0,94.0
i_5_2,100,0.99,s,22,EPP-SL,1,668.0,900.9687383174896,0.011976047904191617,83.0,84.0,90.0,79.0,71.0,89.0,97.0,75.0
i_5_2,100,1.03,s,22,EPP-SL,1,589.0,901.3526177406311,0.006791171477079796,72.0,75.0,81.0,69.0,68.0,76.0,82.0,66.0
i_5_2,100,0.95,s,23,EPP-SL,1,760.0,900.9821610450745,0.006578947368421052,92.0,98.0,99.0,91.0,89.0,100.0,98.0,93.0
i_5_2,100,0.99,s,23,EPP-SL,1,667.0,901.1160480976105,0.010494752623688156,88.0,84.0,90.0,76.0,71.0,89.0,97.0,72.0
i_5_2,100,1.03,s,23,EPP-SL,1,586.0,901.2588307857513,0.011945392491467578,72.0,75.0,81.0,69.0,60.0,76.0,88.0,65.0
i_5_2,100,0.95,s,24,EPP-SL,1,767.0,659.8070495128632,0.0,96.0,98.0,99.0,94.0,89.0,100.0,98.0,93.0
i_5_2,100,0.99,s,24,EPP-SL,1,672.0,900.989776134491,0.008928571428571428,88.0,84.0,90.0,75.0,71.0,89.0,97.0,78.0
i_5_2,100,1.03,s,24,EPP-SL,1,589.0,901.3141238689423,0.010186757215619695,77.0,75.0,81.0,69.0,63.0,76.0,82.0,66.0
i_5_2,100,0.95,s,25,EPP-SL,1,762.0,900.7707996368408,0.0026246719160104987,96.0,98.0,99.0,97.0,89.0,92.0,98.0,93.0
i_5_2,100,0.99,s,25,EPP-SL,1,665.0,900.6787626743317,0.009022556390977444,83.0,84.0,90.0,75.0,71.0,89.0,97.0,76.0
i_5_2,100,1.03,s,25,EPP-SL,1,582.0,900.8490281105042,0.00859106529209622,72.0,75.0,81.0,69.0,60.0,78.0,82.0,65.0
i_5_2,100,0.95,s,26,EPP-SL,1,752.0,901.0659046173096,0.0026595744680851063,92.0,98.0,99.0,94.0,89.0,92.0,98.0,90.0
i_5_2,100,0.99,s,26,EPP-SL,1,658.0,901.1320390701294,0.00911854103343465,83.0,84.0,90.0,81.0,71.0,80.0,97.0,72.0
i_5_2,100,1.03,s,26,EPP-SL,1,580.0,900.8926124572754,0.006896551724137931,70.0,75.0,81.0,69.0,60.0,78.0,82.0,65.0
i_5_2,100,0.95,s,27,EPP-SL,1,738.0,900.6606094837189,0.01084010840108401,92.0,98.0,99.0,94.0,81.0,92.0,97.0,85.0
i_5_2,100,0.99,s,27,EPP-SL,1,647.0,900.7566268444061,0.00927357032457496,83.0,84.0,90.0,73.0,71.0,80.0,94.0,72.0
i_5_2,100,1.03,s,27,EPP-SL,1,570.0,900.9124825000763,0.010526315789473684,70.0,75.0,81.0,64.0,59.0,78.0,82.0,61.0
i_5_2,100,0.95,s,28,EPP-SL,1,755.0,900.8063170909882,0.0026490066225165563,96.0,98.0,99.0,94.0,89.0,92.0,97.0,90.0
i_5_2,100,0.99,s,28,EPP-SL,1,656.0,901.0014939308167,0.013719512195121951,83.0,84.0,90.0,75.0,75.0,80.0,97.0,72.0
i_5_2,100,1.03,s,28,EPP-SL,1,581.0,901.095018863678,0.008605851979345954,72.0,75.0,81.0,69.0,59.0,78.0,82.0,65.0
i_5_2,100,0.95,s,29,EPP-SL,1,753.0,900.6252655982971,0.0026560424966799467,96.0,98.0,99.0,94.0,86.0,92.0,98.0,90.0
i_5_2,100,0.99,s,29,EPP-SL,1,661.0,900.6269588470459,0.006051437216338881,83.0,84.0,90.0,75.0,71.0,89.0,97.0,72.0
i_5_2,100,1.03,s,29,EPP-SL,1,580.0,900.6636900901794,0.010344827586206896,70.0,75.0,81.0,69.0,60.0,76.0,83.0,66.0
i_5_2,100,0.95,s,30,EPP-SL,1,740.0,900.9506933689117,0.008108108108108109,92.0,98.0,99.0,88.0,89.0,90.0,97.0,87.0
i_5_2,100,0.99,s,30,EPP-SL,1,651.0,901.2038207054138,0.006144393241167435,83.0,84.0,90.0,75.0,71.0,80.0,97.0,71.0
i_5_2,100,1.03,s,30,EPP-SL,1,572.0,901.2256546020508,0.008741258741258742,70.0,75.0,81.0,69.0,60.0,78.0,82.0,57.0
i_5_2,100,0.95,s,31,EPP-SL,1,747.0000136461828,901.4406073093414,0.004016045915680927,96.0,98.0,99.0,94.0,86.0,92.0,97.0,85.0
i_5_2,100,0.99,s,31,EPP-SL,1,643.0,900.888548374176,0.00933125972006221,83.0,84.0,90.0,75.0,71.0,80.0,88.0,72.0
i_5_2,100,1.03,s,31,EPP-SL,1,553.0,900.774959564209,0.0108499095840868,70.0,71.0,81.0,64.0,59.0,71.0,80.0,57.0
i_5_2,100,0.95,s,32,EPP-SL,1,748.0,901.3238897323608,0.0066844919786096255,92.0,98.0,99.0,94.0,85.0,89.0,97.0,94.0
i_5_2,100,0.99,s,32,EPP-SL,1,648.0,900.8806097507477,0.006172839506172839,79.0,84.0,90.0,75.0,71.0,80.0,97.0,72.0
i_5_2,100,1.03,s,32,EPP-SL,1,557.0,901.2679891586304,0.010771992818671455,70.0,75.0,81.0,64.0,59.0,71.0,80.0,57.0
i_5_2,100,0.95,s,33,EPP-SL,1,753.0,901.2941138744354,0.0026560424966799467,94.0,98.0,99.0,94.0,89.0,89.0,97.0,93.0
i_5_2,100,0.99,s,33,EPP-SL,1,648.0,901.2065320014954,0.009259259259259259,79.0,84.0,90.0,75.0,71.0,80.0,97.0,72.0
i_5_2,100,1.03,s,33,EPP-SL,1,559.0,901.3074610233307,0.01073345259391771,70.0,75.0,81.0,64.0,59.0,69.0,83.0,58.0
i_5_2,100,0.95,s,34,EPP-SL,1,745.0,901.3113834857941,0.005369127516778523,96.0,98.0,99.0,94.0,80.0,89.0,98.0,91.0
i_5_2,100,0.99,s,34,EPP-SL,1,640.0,901.2715187072754,0.0109375,79.0,84.0,90.0,75.0,71.0,80.0,88.0,73.0
i_5_2,100,1.03,s,34,EPP-SL,1,555.0,901.2718124389648,0.005405405405405406,70.0,75.0,81.0,60.0,59.0,71.0,82.0,57.0
i_5_2,100,0.95,s,35,EPP-SL,1,745.0,900.8110032081604,0.005369127516778523,96.0,98.0,99.0,94.0,86.0,90.0,97.0,85.0
i_5_2,100,0.99,s,35,EPP-SL,1,642.0,901.4131207466125,0.00778816199376947,79.0,84.0,90.0,69.0,71.0,80.0,97.0,72.0
i_5_2,100,1.03,s,35,EPP-SL,1,553.0,901.4128293991089,0.009041591320072333,70.0,75.0,81.0,60.0,59.0,69.0,82.0,57.0
i_5_2,100,0.95,s,36,EPP-SL,1,741.0,901.289605140686,0.004048582995951417,92.0,98.0,99.0,84.0,89.0,89.0,97.0,93.0
i_5_2,100,0.99,s,36,EPP-SL,1,650.0,901.3229370117188,0.007692307692307693,83.0,84.0,90.0,73.0,71.0,80.0,97.0,72.0
i_5_2,100,1.03,s,36,EPP-SL,1,574.0,900.6345691680908,0.008710801393728223,70.0,75.0,81.0,69.0,60.0,76.0,82.0,61.0
i_5_2,100,0.95,s,37,EPP-SL,1,743.0,900.9910004138947,0.005383580080753701,92.0,98.0,99.0,94.0,86.0,92.0,97.0,85.0
i_5_2,100,0.99,s,37,EPP-SL,1,652.0,901.055038690567,0.007668711656441718,83.0,84.0,90.0,75.0,71.0,80.0,97.0,72.0
i_5_2,100,1.03,s,37,EPP-SL,1,577.0,900.8538093566895,0.008665511265164644,70.0,75.0,81.0,69.0,60.0,76.0,83.0,63.0
i_5_2,100,0.95,s,38,EPP-SL,1,737.0,901.3114016056061,0.0067842605156037995,92.0,98.0,99.0,88.0,89.0,89.0,97.0,85.0
i_5_2,100,0.99,s,38,EPP-SL,1,648.0,900.6747143268585,0.004629629629629629,79.0,84.0,90.0,75.0,71.0,80.0,97.0,72.0
i_5_2,100,1.03,s,38,EPP-SL,1,572.0,901.2280416488647,0.005244755244755245,70.0,75.0,81.0,64.0,59.0,78.0,82.0,63.0
i_5_2,100,0.95,s,39,EPP-SL,1,728.0,901.2816174030304,0.005494505494505495,92.0,98.0,99.0,88.0,80.0,89.0,97.0,85.0
i_5_2,100,0.99,s,39,EPP-SL,1,641.0,901.2933351993561,0.0046801872074883,79.0,84.0,90.0,73.0,71.0,80.0,94.0,70.0
i_5_2,100,1.03,s,39,EPP-SL,1,564.0,900.687362909317,0.010638297872340425,70.0,75.0,81.0,66.0,57.0,71.0,83.0,61.0
i_5_2,100,0.95,s,40,EPP-SL,1,740.0,901.2880299091339,0.006756756756756757,92.0,98.0,99.0,88.0,89.0,92.0,97.0,85.0
i_5_2,100,0.99,s,40,EPP-SL,1,649.0,901.2739837169647,0.009244992295839754,79.0,84.0,90.0,69.0,71.0,89.0,97.0,70.0
i_5_2,100,1.03,s,40,EPP-SL,1,573.0,900.7365753650665,0.008726003490401396,70.0,75.0,81.0,69.0,59.0,71.0,82.0,66.0
i_5_2,100,0.95,s,41,EPP-SL,1,728.0,901.2944111824036,0.006868131868131868,92.0,98.0,99.0,88.0,80.0,89.0,97.0,85.0
i_5_2,100,0.99,s,41,EPP-SL,1,648.0,900.824937582016,0.006172839506172839,79.0,84.0,90.0,75.0,71.0,80.0,97.0,72.0
i_5_2,100,1.03,s,41,EPP-SL,1,580.0,901.1693892478943,0.005172413793103448,70.0,75.0,81.0,72.0,59.0,78.0,82.0,63.0
i_5_2,100,0.95,s,42,EPP-SL,1,728.0,901.3722224235535,0.0027472527472527475,92.0,98.0,99.0,88.0,80.0,89.0,97.0,85.0
i_5_2,100,0.99,s,42,EPP-SL,1,648.0,900.6484687328339,0.004629629629629629,79.0,84.0,90.0,75.0,71.0,80.0,97.0,72.0
i_5_2,100,1.03,s,42,EPP-SL,1,578.0,901.0326087474823,0.006920415224913495,70.0,75.0,81.0,69.0,60.0,78.0,82.0,63.0
i_5_2,100,0.95,s,43,EPP-SL,1,732.0,901.2127878665924,0.00819672131147541,92.0,98.0,99.0,88.0,80.0,92.0,98.0,85.0
i_5_2,100,0.99,s,43,EPP-SL,1,651.0,901.1294567584991,0.009216589861751152,81.0,84.0,90.0,76.0,71.0,80.0,97.0,72.0
i_5_2,100,1.03,s,43,EPP-SL,1,582.0,900.7646644115448,0.010309278350515464,70.0,75.0,81.0,69.0,60.0,76.0,88.0,63.0
i_5_2,100,0.95,s,44,EPP-SL,1,728.0,824.2563662528992,0.0,92.0,98.0,99.0,88.0,80.0,89.0,97.0,85.0
i_5_2,100,0.99,s,44,EPP-SL,1,643.0,901.3556914329529,0.00933125972006221,79.0,84.0,90.0,73.0,71.0,80.0,94.0,72.0
i_5_2,100,1.03,s,44,EPP-SL,1,578.0,900.9553315639496,0.0017301038062283738,70.0,75.0,81.0,72.0,59.0,76.0,82.0,63.0
i_5_2,100,0.95,s,45,EPP-SL,1,729.0,900.79922747612,0.00411522633744856,92.0,98.0,99.0,88.0,80.0,90.0,97.0,85.0
i_5_2,100,0.99,s,45,EPP-SL,1,648.0,901.14289021492,0.004629629629629629,79.0,84.0,90.0,75.0,71.0,80.0,97.0,72.0
i_5_2,100,1.03,s,45,EPP-SL,1,577.0,900.872092962265,0.010398613518197574,70.0,75.0,81.0,69.0,60.0,76.0,83.0,63.0
i_1_1,100,0.95,s,1,EPP-SL,1,609.0,901.2410969734192,0.0180623973727422,86.0,71.0,76.0,89.0,77.0,71.0,69.0,70.0
i_1_1,100,0.99,s,1,EPP-SL,1,545.0,901.063746213913,0.001834862385321101,77.0,67.0,67.0,78.0,68.0,70.0,59.0,59.0
i_1_1,100,1.03,s,1,EPP-SL,1,484.0,901.3099973201752,0.012396694214876033,68.0,58.0,54.0,69.0,59.0,58.0,59.0,59.0
i_1_1,100,0.95,s,2,EPP-SL,1,611.0,900.9498369693756,0.011456628477905073,86.0,73.0,76.0,80.0,77.0,80.0,69.0,70.0
i_1_1,100,0.99,s,2,EPP-SL,1,546.0,901.1554932594299,0.003663003663003663,77.0,67.0,67.0,78.0,68.0,70.0,60.0,59.0
i_1_1,100,1.03,s,2,EPP-SL,1,486.0,901.32954621315,0.0102880658436214,68.0,60.0,54.0,69.0,59.0,58.0,59.0,59.0
i_1_1,100,0.95,s,3,EPP-SL,1,613.0,901.2743427753448,0.011419249592169658,86.0,78.0,76.0,89.0,77.0,70.0,69.0,68.0
i_1_1,100,0.99,s,3,EPP-SL,1,547.0,901.4203600883484,0.003656307129798903,77.0,69.0,67.0,78.0,68.0,70.0,59.0,59.0
i_1_1,100,1.03,s,3,EPP-SL,1,486.0,901.3026030063629,0.012345679012345678,68.0,56.0,58.0,69.0,59.0,58.0,59.0,59.0
i_1_1,100,0.95,s,4,EPP-SL,1,614.0,900.6833896636963,0.011400651465798045,86.0,76.0,76.0,89.0,77.0,71.0,69.0,70.0
i_1_1,100,0.99,s,4,EPP-SL,1,548.0,900.855731010437,0.005474452554744526,77.0,69.0,67.0,78.0,68.0,70.0,60.0,59.0
i_1_1,100,1.03,s,4,EPP-SL,1,488.0,900.6368832588196,0.012295081967213115,68.0,58.0,58.0,69.0,59.0,58.0,59.0,59.0
i_1_1,100,0.95,s,5,EPP-SL,1,612.0,901.1830546855927,0.011437908496732025,86.0,76.0,76.0,89.0,77.0,71.0,69.0,68.0
i_1_1,100,0.99,s,5,EPP-SL,1,547.0,900.6710886955261,0.0018281535648994515,77.0,69.0,67.0,78.0,68.0,70.0,59.0,59.0
i_1_1,100,1.03,s,5,EPP-SL,1,487.0,901.382452249527,0.008213552361396304,68.0,56.0,63.0,69.0,59.0,58.0,59.0,55.0
i_1_1,100,0.95,s,6,EPP-SL,1,681.0,900.728803396225,0.00881057268722467,95.0,84.0,85.0,90.0,86.0,83.0,79.0,79.0
i_1_1,100,0.99,s,6,EPP-SL,1,603.0,900.7401616573334,0.009950248756218905,86.0,76.0,76.0,80.0,77.0,71.0,69.0,68.0
i_1_1,100,1.03,s,6,EPP-SL,1,541.0,900.6493203639984,0.005545286506469501,77.0,67.0,63.0,78.0,68.0,70.0,59.0,59.0
i_1_1,100,0.95,s,7,EPP-SL,1,682.0,198.61548709869385,0.0,95.0,84.0,85.0,90.0,86.0,83.0,79.0,80.0
i_1_1,100,0.99,s,7,EPP-SL,1,603.0,900.9554142951965,0.011608623548922056,86.0,76.0,76.0,80.0,77.0,71.0,69.0,68.0
i_1_1,100,1.03,s,7,EPP-SL,1,541.0,901.2603373527527,0.0036968576709796672,77.0,67.0,63.0,78.0,68.0,70.0,59.0,59.0
i_1_1,100,0.95,s,8,EPP-SL,1,681.0,302.33405447006226,0.0,95.0,84.0,85.0,89.0,86.0,83.0,79.0,80.0
i_1_1,100,0.99,s,8,EPP-SL,1,600.0,901.16246342659,0.011666666666666667,86.0,73.0,76.0,80.0,77.0,71.0,69.0,68.0
i_1_1,100,1.03,s,8,EPP-SL,1,539.0,900.6942179203033,0.0055658627087198514,77.0,65.0,63.0,78.0,68.0,70.0,59.0,59.0
i_1_1,100,0.95,s,9,EPP-SL,1,683.0,900.9308815002441,0.013177159590043924,95.0,84.0,86.0,90.0,86.0,83.0,79.0,80.0
i_1_1,100,0.99,s,9,EPP-SL,1,609.0,901.2281205654144,0.009852216748768473,86.0,73.0,76.0,80.0,77.0,80.0,69.0,68.0
i_1_1,100,1.03,s,9,EPP-SL,1,546.0,900.7428047657013,0.005494505494505495,77.0,67.0,67.0,78.0,68.0,70.0,60.0,59.0
i_1_1,100,0.95,s,10,EPP-SL,1,682.0,901.220883846283,0.007331378299120235,95.0,84.0,85.0,90.0,86.0,83.0,79.0,80.0
i_1_1,100,0.99,s,10,EPP-SL,1,606.0,901.0754563808441,0.009900990099009901,86.0,71.0,76.0,89.0,77.0,70.0,69.0,68.0
i_1_1,100,1.03,s,10,EPP-SL,1,543.0,900.8067972660065,0.0055248618784530384,77.0,65.0,67.0,78.0,68.0,70.0,59.0,59.0
i_1_1,100,0.95,s,11,EPP-SL,1,763.0,901.3851306438446,0.010484927916120577,96.0,98.0,94.0,99.0,98.0,98.0,89.0,91.0
i_1_1,100,0.99,s,11,EPP-SL,1,683.0,901.171881198883,0.013177159590043924,95.0,84.0,86.0,90.0,86.0,83.0,79.0,80.0
i_1_1,100,1.03,s,11,EPP-SL,1,614.0,901.263712644577,0.006514657980456026,86.0,78.0,76.0,80.0,77.0,80.0,69.0,68.0
i_1_1,100,0.95,s,12,EPP-SL,1,758.0,900.9023189544678,0.011873350923482849,96.0,98.0,95.0,99.0,98.0,92.0,89.0,91.0
i_1_1,100,0.99,s,12,EPP-SL,1,680.0,900.7731244564056,0.0014705882352941176,95.0,82.0,85.0,90.0,86.0,83.0,79.0,80.0
i_1_1,100,1.03,s,12,EPP-SL,1,608.0,900.6717116832733,0.009868421052631578,86.0,71.0,76.0,89.0,77.0,70.0,69.0,70.0
i_1_1,100,0.95,s,13,EPP-SL,1,763.0,901.1766998767853,0.01310615989515072,96.0,98.0,94.0,99.0,98.0,98.0,89.0,91.0
i_1_1,100,0.99,s,13,EPP-SL,1,682.0,900.7469635009766,0.005865102639296188,95.0,84.0,85.0,90.0,86.0,83.0,79.0,80.0
i_1_1,100,1.03,s,13,EPP-SL,1,607.0,901.2160623073578,0.009884678747940691,86.0,71.0,76.0,89.0,77.0,71.0,69.0,68.0
i_1_1,100,0.95,s,14,EPP-SL,1,753.0,900.7409613132477,0.01859229747675963,96.0,93.0,95.0,99.0,98.0,92.0,89.0,91.0
i_1_1,100,0.99,s,14,EPP-SL,1,681.0,901.35058426857,0.005873715124816446,95.0,84.0,85.0,90.0,86.0,83.0,79.0,79.0
i_1_1,100,1.03,s,14,EPP-SL,1,607.0,901.3807218074799,0.013179571663920923,86.0,71.0,76.0,89.0,77.0,71.0,69.0,68.0
i_1_1,100,0.95,s,15,EPP-SL,1,762.0,901.6407544612885,0.013123359580052493,96.0,93.0,95.0,99.0,98.0,92.0,98.0,91.0
i_1_1,100,0.99,s,15,EPP-SL,1,681.0,900.7810521125793,0.007342143906020558,95.0,84.0,85.0,90.0,86.0,83.0,79.0,79.0
i_1_1,100,1.03,s,15,EPP-SL,1,603.0,900.9263062477112,0.013266998341625208,86.0,76.0,76.0,80.0,77.0,71.0,69.0,68.0
i_1_1,100,0.95,s,16,EPP-SL,1,665.0,900.7377715110779,0.009022556390977444,95.0,80.0,85.0,89.0,80.0,80.0,79.0,77.0
i_1_1,100,0.99,s,16,EPP-SL,1,581.0,901.1328854560852,0.022375215146299483,86.0,69.0,72.0,78.0,68.0,71.0,69.0,68.0
i_1_1,100,1.03,s,16,EPP-SL,1,520.0,901.2027039527893,0.01730769230769231,77.0,60.0,67.0,69.0,68.0,61.0,59.0,59.0
i_1_1,100,0.95,s,17,EPP-SL,1,667.0,900.920469045639,0.010494752623688156,95.0,80.0,85.0,89.0,80.0,80.0,79.0,79.0
i_1_1,100,0.99,s,17,EPP-SL,1,587.0,901.1759476661682,0.013628620102214651,86.0,69.0,76.0,80.0,68.0,71.0,69.0,68.0
i_1_1,100,1.03,s,17,EPP-SL,1,522.0,900.7418746948242,0.01532567049808429,77.0,65.0,63.0,69.0,68.0,62.0,59.0,59.0
i_1_1,100,0.95,s,18,EPP-SL,1,664.0,901.0538241863251,0.006024096385542169,95.0,82.0,85.0,89.0,77.0,80.0,79.0,77.0
i_1_1,100,0.99,s,18,EPP-SL,1,582.0,901.2642064094543,0.015463917525773196,77.0,71.0,76.0,80.0,71.0,70.0,69.0,68.0
i_1_1,100,1.03,s,18,EPP-SL,1,518.0,900.9387986660004,0.015444015444015444,77.0,62.0,63.0,69.0,68.0,61.0,59.0,59.0
i_1_1,100,0.95,s,19,EPP-SL,1,666.0,901.0187790393829,0.010510510510510511,86.0,82.0,85.0,89.0,86.0,80.0,79.0,79.0
i_1_1,100,0.99,s,19,EPP-SL,1,586.0,900.9117181301117,0.011945392491467578,77.0,69.0,76.0,80.0,77.0,70.0,69.0,68.0
i_1_1,100,1.03,s,19,EPP-SL,1,521.0,901.3798773288727,0.015355086372360844,68.0,65.0,63.0,78.0,68.0,61.0,59.0,59.0
i_1_1,100,0.95,s,20,EPP-SL,1,658.0,901.1688899993896,0.007598784194528876,86.0,82.0,85.0,89.0,80.0,80.0,79.0,77.0
i_1_1,100,0.99,s,20,EPP-SL,1,580.0,900.704332113266,0.013793103448275862,77.0,69.0,76.0,80.0,71.0,70.0,69.0,68.0
i_1_1,100,1.03,s,20,EPP-SL,1,517.0,900.7626323699951,0.015473887814313346,68.0,69.0,67.0,69.0,68.0,58.0,59.0,59.0
i_1_1,100,0.95,s,21,EPP-SL,1,753.0,901.2658460140228,0.00398406374501992,96.0,93.0,95.0,99.0,98.0,92.0,89.0,91.0
i_1_1,100,0.99,s,21,EPP-SL,1,669.0,901.3602001667023,0.005979073243647235,95.0,82.0,85.0,89.0,80.0,80.0,79.0,79.0
i_1_1,100,1.03,s,21,EPP-SL,1,595.0,900.7114682197571,0.010084033613445379,86.0,71.0,76.0,78.0,77.0,70.0,69.0,68.0
i_1_1,100,0.95,s,22,EPP-SL,1,746.0,228.26826286315918,0.0,95.0,91.0,95.0,99.0,98.0,92.0,88.0,88.0
i_1_1,100,0.99,s,22,EPP-SL,1,660.0,901.3734910488129,0.006060606060606061,86.0,82.0,85.0,89.0,80.0,82.0,79.0,77.0
i_1_1,100,1.03,s,22,EPP-SL,1,586.0,900.7288999557495,0.010238907849829351,77.0,71.0,76.0,78.0,77.0,70.0,69.0,68.0
i_1_1,100,0.95,s,23,EPP-SL,1,742.0,901.2730767726898,0.004043126684636119,95.0,93.0,95.0,99.0,89.0,92.0,88.0,91.0
i_1_1,100,0.99,s,23,EPP-SL,1,658.0,901.3586575984955,0.0060790273556231,86.0,82.0,85.0,89.0,80.0,80.0,79.0,77.0
i_1_1,100,1.03,s,23,EPP-SL,1,585.0,901.259140253067,0.010256410256410256,86.0,69.0,76.0,78.0,68.0,71.0,69.0,68.0
i_1_1,100,0.95,s,24,EPP-SL,1,749.0,85.0986487865448,0.0,95.0,93.0,95.0,99.0,98.0,92.0,89.0,88.0
i_1_1,100,0.99,s,24,EPP-SL,1,661.0,900.8900814056396,0.007564296520423601,86.0,82.0,85.0,89.0,80.0,83.0,79.0,77.0
i_1_1,100,1.03,s,24,EPP-SL,1,586.0,901.2247989177704,0.011945392491467578,77.0,69.0,76.0,80.0,77.0,70.0,69.0,68.0
i_1_1,100,0.95,s,25,EPP-SL,1,747.0,242.13440012931824,0.0,95.0,91.0,95.0,99.0,98.0,92.0,89.0,88.0
i_1_1,100,0.99,s,25,EPP-SL,1,658.0,900.6814162731171,0.004559270516717325,86.0,82.0,85.0,89.0,80.0,80.0,79.0,77.0
i_1_1,100,1.03,s,25,EPP-SL,1,577.0,900.7268416881561,0.01559792027729636,77.0,69.0,76.0,80.0,68.0,70.0,69.0,68.0
i_1_1,100,0.95,s,26,EPP-SL,1,731.0,900.7698423862457,0.004103967168262654,95.0,93.0,86.0,99.0,89.0,92.0,89.0,88.0
i_1_1,100,0.99,s,26,EPP-SL,1,651.0,900.6989064216614,0.0030721966205837174,86.0,78.0,85.0,89.0,77.0,80.0,79.0,77.0
i_1_1,100,1.03,s,26,EPP-SL,1,577.0,901.1529469490051,0.010398613518197574,77.0,71.0,76.0,78.0,68.0,70.0,69.0,68.0
i_1_1,100,0.95,s,27,EPP-SL,1,725.0,900.8117940425873,0.001379310344827586,95.0,91.0,85.0,99.0,89.0,89.0,89.0,88.0
i_1_1,100,0.99,s,27,EPP-SL,1,642.0,901.1445369720459,0.004672897196261682,86.0,78.0,85.0,89.0,77.0,80.0,70.0,77.0
i_1_1,100,1.03,s,27,EPP-SL,1,571.0,900.845211982727,0.0035026269702276708,77.0,69.0,72.0,78.0,68.0,70.0,69.0,68.0
i_1_1,100,0.95,s,28,EPP-SL,1,735.0,901.100195646286,0.0027210884353741495,95.0,91.0,95.0,99.0,86.0,92.0,89.0,88.0
i_1_1,100,0.99,s,28,EPP-SL,1,651.0,901.0035445690155,0.006144393241167435,86.0,78.0,85.0,89.0,77.0,80.0,79.0,77.0
i_1_1,100,1.03,s,28,EPP-SL,1,577.0,901.1707637310028,0.012131715771230503,77.0,71.0,76.0,78.0,68.0,70.0,69.0,68.0
i_1_1,100,0.95,s,29,EPP-SL,1,735.0,901.4151828289032,0.0013605442176870747,95.0,91.0,95.0,99.0,86.0,92.0,89.0,88.0
i_1_1,100,0.99,s,29,EPP-SL,1,653.0,901.3068680763245,0.0030627871362940277,86.0,80.0,85.0,89.0,77.0,80.0,79.0,77.0
i_1_1,100,1.03,s,29,EPP-SL,1,577.0,901.2415254116058,0.010398613518197574,77.0,71.0,76.0,78.0,68.0,70.0,69.0,68.0
i_1_1,100,0.95,s,30,EPP-SL,1,725.0,901.3846242427826,0.002758620689655172,95.0,91.0,85.0,99.0,89.0,89.0,89.0,88.0
i_1_1,100,0.99,s,30,EPP-SL,1,640.0,900.8449740409851,0.009375,86.0,82.0,76.0,89.0,80.0,80.0,70.0,77.0
i_1_1,100,1.03,s,30,EPP-SL,1,568.0,901.289972782135,0.01232394366197183,77.0,71.0,67.0,78.0,68.0,70.0,69.0,68.0
i_1_1,100,0.95,s,31,EPP-SL,1,728.0,901.1209111213684,0.0027472527472527475,95.0,93.0,86.0,99.0,89.0,89.0,89.0,88.0
i_1_1,100,0.99,s,31,EPP-SL,1,637.0,901.3777525424957,0.006279434850863423,86.0,82.0,76.0,89.0,77.0,80.0,70.0,77.0
i_1_1,100,1.03,s,31,EPP-SL,1,555.0,901.2697706222534,0.007207207207207207,77.0,67.0,67.0,78.0,68.0,70.0,60.0,68.0
i_1_1,100,0.95,s,32,EPP-SL,1,731.0,901.3184146881104,0.0013679890560875513,95.0,93.0,86.0,99.0,89.0,92.0,89.0,88.0
i_1_1,100,0.99,s,32,EPP-SL,1,639.0,901.4070444107056,0.006259780907668232,86.0,82.0,76.0,89.0,80.0,80.0,69.0,77.0
i_1_1,100,1.03,s,32,EPP-SL,1,557.0,901.1482508182526,0.008976660682226212,77.0,69.0,67.0,78.0,68.0,70.0,60.0,68.0
i_1_1,100,0.95,s,33,EPP-SL,1,731.0,900.6341845989227,0.004103967168262654,95.0,93.0,86.0,99.0,89.0,92.0,89.0,88.0
i_1_1,100,0.99,s,33,EPP-SL,1,642.0,901.1809070110321,0.004672897196261682,86.0,78.0,76.0,89.0,77.0,80.0,79.0,77.0
i_1_1,100,1.03,s,33,EPP-SL,1,558.0,900.7591276168823,0.012544802867383513,77.0,69.0,67.0,78.0,68.0,71.0,60.0,68.0
i_1_1,100,0.95,s,34,EPP-SL,1,728.0,901.2456569671631,0.0013736263736263737,95.0,91.0,85.0,99.0,89.0,92.0,89.0,88.0
i_1_1,100,0.99,s,34,EPP-SL,1,636.0,901.1074783802032,0.0047169811320754715,86.0,82.0,76.0,89.0,77.0,80.0,69.0,77.0
i_1_1,100,1.03,s,34,EPP-SL,1,556.0,901.1373364925385,0.0035971223021582736,77.0,69.0,67.0,78.0,68.0,70.0,59.0,68.0
i_1_1,100,0.95,s,35,EPP-SL,1,728.000000097707,901.0905606746674,0.0013736262392290814,95.0,91.0,85.0,99.0,89.0,92.0,89.0,88.0
i_1_1,100,0.99,s,35,EPP-SL,1,637.0,901.0605340003967,0.0031397174254317113,86.0,82.0,76.0,89.0,77.0,80.0,70.0,77.0
i_1_1,100,1.03,s,35,EPP-SL,1,556.0,900.6514430046082,0.00539568345323741,77.0,69.0,67.0,78.0,68.0,70.0,59.0,68.0
i_1_1,100,0.95,s,36,EPP-SL,1,720.0,900.9704129695892,0.002777777777777778,95.0,93.0,85.0,89.0,89.0,92.0,89.0,88.0
i_1_1,100,0.99,s,36,EPP-SL,1,640.0,900.9842476844788,0.00625,86.0,82.0,76.0,89.0,80.0,80.0,70.0,77.0
i_1_1,100,1.03,s,36,EPP-SL,1,573.0,900.8567070960999,0.0034904013961605585,77.0,67.0,76.0,78.0,68.0,70.0,69.0,68.0
i_1_1,100,0.95,s,37,EPP-SL,1,724.0,900.7299199104309,0.0013812154696132596,95.0,91.0,85.0,99.0,89.0,89.0,88.0,88.0
i_1_1,100,0.99,s,37,EPP-SL,1,643.0,901.0609447956085,0.004665629860031105,86.0,80.0,85.0,89.0,77.0,80.0,69.0,77.0
i_1_1,100,1.03,s,37,EPP-SL,1,571.0,901.1910359859467,0.012259194395796848,77.0,73.0,67.0,78.0,68.0,71.0,69.0,68.0
i_1_1,100,0.95,s,38,EPP-SL,1,718.0,900.9593772888184,0.002785515320334262,95.0,91.0,85.0,99.0,89.0,92.0,79.0,88.0
i_1_1,100,0.99,s,38,EPP-SL,1,637.0,901.3594298362732,0.006279434850863423,86.0,82.0,76.0,89.0,77.0,80.0,70.0,77.0
i_1_1,100,1.03,s,38,EPP-SL,1,568.0,901.1952157020569,0.007042253521126761,77.0,71.0,67.0,78.0,68.0,70.0,69.0,68.0
i_1_1,100,0.95,s,39,EPP-SL,1,710.0,901.1889719963074,0.0028169014084507044,95.0,93.0,85.0,89.0,89.0,92.0,79.0,88.0
i_1_1,100,0.99,s,39,EPP-SL,1,632.0,901.3468585014343,0.0031645569620253164,86.0,78.0,76.0,89.0,77.0,80.0,69.0,77.0
i_1_1,100,1.03,s,39,EPP-SL,1,564.0,901.26358294487,0.0035460992907801418,77.0,67.0,67.0,78.0,68.0,70.0,69.0,68.0
i_1_1,100,0.95,s,40,EPP-SL,1,722.0,900.7143592834473,0.0013850415512465374,95.0,91.0,85.0,99.0,86.0,89.0,89.0,88.0
i_1_1,100,0.99,s,40,EPP-SL,1,642.0,900.5995404720306,0.003115264797507788,86.0,78.0,76.0,89.0,77.0,80.0,79.0,77.0
i_1_1,100,1.03,s,40,EPP-SL,1,568.0,900.5961406230927,0.01232394366197183,77.0,71.0,67.0,78.0,68.0,70.0,69.0,68.0
i_1_1,100,0.95,s,41,EPP-SL,1,708.0,900.5994534492493,0.007062146892655367,95.0,93.0,86.0,89.0,89.0,89.0,79.0,88.0
i_1_1,100,0.99,s,41,EPP-SL,1,637.0,900.7626304626465,0.006279434850863423,86.0,82.0,76.0,89.0,77.0,80.0,70.0,77.0
i_1_1,100,1.03,s,41,EPP-SL,1,577.0,608.0950841903687,0.0,77.0,71.0,76.0,78.0,68.0,70.0,69.0,68.0
i_1_1,100,0.95,s,42,EPP-SL,1,706.0,901.1123595237732,0.007082152974504249,95.0,91.0,86.0,89.0,89.0,89.0,79.0,88.0
i_1_1,100,0.99,s,42,EPP-SL,1,637.0,901.1964786052704,0.0031397174254317113,86.0,82.0,76.0,89.0,77.0,80.0,70.0,77.0
i_1_1,100,1.03,s,42,EPP-SL,1,571.0,901.2324147224426,0.010507880910683012,77.0,73.0,67.0,78.0,68.0,71.0,69.0,68.0
i_1_1,100,0.95,s,43,EPP-SL,1,711.0,900.6064624786377,0.008438818565400843,95.0,93.0,85.0,89.0,89.0,92.0,80.0,88.0
i_1_1,100,0.99,s,43,EPP-SL,1,642.0,900.6759786605835,0.003115264797507788,86.0,78.0,76.0,89.0,77.0,80.0,79.0,77.0
i_1_1,100,1.03,s,43,EPP-SL,1,579.0,900.5967607498169,0.0034542314335060447,77.0,73.0,76.0,78.0,68.0,70.0,69.0,68.0
i_1_1,100,0.95,s,44,EPP-SL,1,708.0,900.7202343940735,0.002824858757062147,95.0,91.0,85.0,89.0,89.0,92.0,79.0,88.0
i_1_1,100,0.99,s,44,EPP-SL,1,636.0,901.1206312179565,0.0015723270440251573,86.0,82.0,76.0,89.0,77.0,80.0,69.0,77.0
i_1_1,100,1.03,s,44,EPP-SL,1,570.0,900.7748575210571,0.008771929824561403,72.0,69.0,76.0,78.0,68.0,70.0,69.0,68.0
i_1_1,100,0.95,s,45,EPP-SL,1,708.0,900.7650053501129,0.007062146892655367,95.0,93.0,85.0,89.0,89.0,89.0,80.0,88.0
i_1_1,100,0.99,s,45,EPP-SL,1,637.0,901.1226763725281,0.004709576138147566,86.0,82.0,76.0,89.0,77.0,80.0,70.0,77.0
i_1_1,100,1.03,s,45,EPP-SL,1,571.0,900.5678563117981,0.010507880910683012,77.0,73.0,67.0,78.0,68.0,71.0,69.0,68.0
