f,1,0,70,0.99,s,GRASP_EPP-SL,30,100,529.5124015086448,5.639245986938477,53
f,1,0,75,0.99,s,GRASP_EPP-SL,30,100,565.364210329004,4.25513482093811,54
f,1,0,80,0.99,s,GRASP_EPP-SL,30,100,600.6971422343025,4.857000350952148,58
f,1,0,85,0.99,s,GRASP_EPP-SL,30,100,658.6129842995456,4.611373424530029,62
f,1,0,90,0.99,s,GRASP_EPP-SL,30,100,714.1321529999327,4.561654806137085,66
f,1,0,95,0.99,s,GRASP_EPP-SL,30,100,749.2848828926888,4.221282482147217,69
f,1,0,100,0.99,s,GRASP_EPP-SL,30,100,815.5611397864067,4.6151909828186035,73
f,1,1,70,0.99,s,GRASP_EPP-SL,30,100,548.4290684590263,6.760283470153809,56
f,1,1,75,0.99,s,GRASP_EPP-SL,30,100,583.355861019346,6.537051200866699,60
f,1,1,80,0.99,s,GRASP_EPP-SL,30,100,620.0820661146299,5.478122711181641,63
f,1,1,85,0.99,s,GRASP_EPP-SL,30,100,683.7065306127726,7.3641064167022705,67
f,1,1,90,0.99,s,GRASP_EPP-SL,30,100,718.0549163056138,8.447453737258911,70
f,1,1,95,0.99,s,GRASP_EPP-SL,30,100,754.5268734267769,6.419731140136719,73
f,1,1,100,0.99,s,GRASP_EPP-SL,30,100,822.137198261243,9.29495358467102,77
f,1,2,70,0.99,s,GRASP_EPP-SL,30,100,547.5146749884537,8.187556028366089,58
f,1,2,75,0.99,s,GRASP_EPP-SL,30,100,602.6128978006575,5.871420621871948,62
f,1,2,80,0.99,s,GRASP_EPP-SL,30,100,618.363238403255,7.167839288711548,64
f,1,2,85,0.99,s,GRASP_EPP-SL,30,100,687.3956986134833,7.97200608253479,70
f,1,2,90,0.99,s,GRASP_EPP-SL,30,100,718.4696028486445,5.627763986587524,73
f,1,2,95,0.99,s,GRASP_EPP-SL,30,100,763.7323439835425,5.863018035888672,77
f,1,2,100,0.99,s,GRASP_EPP-SL,30,100,806.4339996854558,5.893814563751221,80
f,2,0,70,0.99,s,GRASP_EPP-SL,30,100,524.7596590808502,4.333376884460449,52
f,2,0,75,0.99,s,GRASP_EPP-SL,30,100,553.250126924266,4.1965720653533936,57
f,2,0,80,0.99,s,GRASP_EPP-SL,30,100,605.2322318654913,4.0433266162872314,61
f,2,0,85,0.99,s,GRASP_EPP-SL,30,100,638.2241153943825,3.9272971153259277,66
f,2,0,90,0.99,s,GRASP_EPP-SL,30,100,694.5981734054579,4.363593101501465,68
f,2,0,95,0.99,s,GRASP_EPP-SL,30,100,733.8497160176604,4.393779277801514,72
f,2,0,100,0.99,s,GRASP_EPP-SL,30,100,801.4933723637677,4.231475591659546,76
f,2,2,70,0.99,s,GRASP_EPP-SL,30,100,547.4665039215043,5.0302348136901855,56
f,2,2,75,0.99,s,GRASP_EPP-SL,30,100,582.9908819810778,5.4596943855285645,60
f,2,2,80,0.99,s,GRASP_EPP-SL,30,100,630.3632241808097,5.451394319534302,64
f,2,2,85,0.99,s,GRASP_EPP-SL,30,100,664.7477176543686,5.669463634490967,67
f,2,2,90,0.99,s,GRASP_EPP-SL,30,100,707.9394295585007,5.437761068344116,71
f,2,2,95,0.99,s,GRASP_EPP-SL,30,100,745.1250142914016,5.40855073928833,73
f,2,2,100,0.99,s,GRASP_EPP-SL,30,100,799.5444446005458,5.301062822341919,78
f,3,0,70,0.99,s,GRASP_EPP-SL,30,100,529.2732452491166,3.7772977352142334,54
f,3,0,75,0.99,s,GRASP_EPP-SL,30,100,577.7430919990924,4.318321228027344,58
f,3,0,80,0.99,s,GRASP_EPP-SL,30,100,627.9375274879179,3.802961826324463,63
f,3,0,85,0.99,s,GRASP_EPP-SL,30,100,669.9192503606245,4.274988651275635,65
f,3,0,90,0.99,s,GRASP_EPP-SL,30,100,712.1949684805393,4.390486717224121,69
f,3,0,95,0.99,s,GRASP_EPP-SL,30,100,756.4678630581554,4.299401044845581,72
f,3,0,100,0.99,s,GRASP_EPP-SL,30,100,823.9609924983807,4.342775106430054,77
f,3,1,70,0.99,s,GRASP_EPP-SL,30,100,517.9166208154387,6.661529541015625,56
f,3,1,75,0.99,s,GRASP_EPP-SL,30,100,575.0958555311886,6.167348146438599,62
f,3,1,80,0.99,s,GRASP_EPP-SL,30,100,601.743639584884,6.51474666595459,64
f,3,1,85,0.99,s,GRASP_EPP-SL,30,100,653.5881563327913,5.642340421676636,68
f,3,1,90,0.99,s,GRASP_EPP-SL,30,100,696.6161161434933,5.691550016403198,71
f,3,1,95,0.99,s,GRASP_EPP-SL,30,100,760.4899228652927,6.031573534011841,78
f,3,1,100,0.99,s,GRASP_EPP-SL,30,100,783.1867425064437,5.89984393119812,80
f,3,2,70,0.99,s,GRASP_EPP-SL,30,100,499.10833875543716,5.6560893058776855,59
f,3,2,75,0.99,s,GRASP_EPP-SL,30,100,539.5501436216364,5.677537679672241,63
f,3,2,80,0.99,s,GRASP_EPP-SL,30,100,577.1881617206686,6.476398468017578,67
f,3,2,85,0.99,s,GRASP_EPP-SL,30,100,619.9328458646266,5.937019109725952,70
f,3,2,90,0.99,s,GRASP_EPP-SL,30,100,662.6892081079369,5.172893285751343,74
f,3,2,95,0.99,s,GRASP_EPP-SL,30,100,714.6003639123312,6.786694526672363,79
f,3,2,100,0.99,s,GRASP_EPP-SL,30,100,757.8858221715096,5.850684404373169,83
f,4,0,70,0.99,s,GRASP_EPP-SL,30,100,503.20458995138506,4.167906999588013,56
f,4,0,75,0.99,s,GRASP_EPP-SL,30,100,560.2948133434335,4.49859619140625,62
f,4,0,80,0.99,s,GRASP_EPP-SL,30,100,593.1067027999695,4.025668144226074,64
f,4,0,85,0.99,s,GRASP_EPP-SL,30,100,656.5746730292709,4.1910388469696045,69
f,4,0,90,0.99,s,GRASP_EPP-SL,30,100,695.7874525102125,4.115336179733276,72
f,4,0,95,0.99,s,GRASP_EPP-SL,30,100,761.0766928713041,4.923102855682373,77
f,4,0,100,0.99,s,GRASP_EPP-SL,30,100,788.8625324750196,4.336979389190674,80
f,4,1,70,0.99,s,GRASP_EPP-SL,30,100,571.8656745415398,7.142434358596802,57
f,4,1,75,0.99,s,GRASP_EPP-SL,30,100,615.8242749151105,5.671695947647095,60
f,4,1,80,0.99,s,GRASP_EPP-SL,30,100,655.0874376045948,6.099492073059082,64
f,4,1,85,0.99,s,GRASP_EPP-SL,30,100,711.405892730314,5.947689056396484,68
f,4,1,90,0.99,s,GRASP_EPP-SL,30,100,741.3099946644851,6.727093935012817,71
f,4,1,95,0.99,s,GRASP_EPP-SL,30,100,787.085792645096,6.242077589035034,75
f,4,1,100,0.99,s,GRASP_EPP-SL,30,100,840.6457284723491,6.079158544540405,78
f,4,2,70,0.99,s,GRASP_EPP-SL,30,100,564.6570409009736,4.737880706787109,58
f,4,2,75,0.99,s,GRASP_EPP-SL,30,100,594.2045394237749,5.065585374832153,60
f,4,2,80,0.99,s,GRASP_EPP-SL,30,100,637.2838709033151,4.935393571853638,64
f,4,2,85,0.99,s,GRASP_EPP-SL,30,100,662.5800686729731,5.007854461669922,66
f,4,2,90,0.99,s,GRASP_EPP-SL,30,100,722.4881718768078,4.902529239654541,72
f,4,2,95,0.99,s,GRASP_EPP-SL,30,100,767.523923861035,4.74563193321228,76
f,4,2,100,0.99,s,GRASP_EPP-SL,30,100,833.7882336207234,5.074422836303711,81
f,5,0,70,0.99,s,GRASP_EPP-SL,30,100,486.74599675484876,3.783550977706909,55
f,5,0,75,0.99,s,GRASP_EPP-SL,30,100,535.4162200919016,4.328318357467651,60
f,5,0,80,0.99,s,GRASP_EPP-SL,30,100,572.9898307416685,4.280436277389526,63
f,5,0,85,0.99,s,GRASP_EPP-SL,30,100,630.3633818825101,4.680897951126099,68
f,5,0,90,0.99,s,GRASP_EPP-SL,30,100,663.1330398102373,4.739881753921509,70
f,5,0,95,0.99,s,GRASP_EPP-SL,30,100,701.3261979874851,4.711643218994141,74
f,5,0,100,0.99,s,GRASP_EPP-SL,30,100,768.2931116627379,4.537962436676025,78
f,5,1,70,0.99,s,GRASP_EPP-SL,30,100,541.1431099307731,6.598481893539429,56
f,5,1,75,0.99,s,GRASP_EPP-SL,30,100,580.0385141127256,6.26203179359436,60
f,5,1,80,0.99,s,GRASP_EPP-SL,30,100,614.3722040710456,5.430704355239868,62
f,5,1,85,0.99,s,GRASP_EPP-SL,30,100,672.260720619832,5.618203639984131,68
f,5,1,90,0.99,s,GRASP_EPP-SL,30,100,706.4799766098104,5.727746248245239,70
f,5,1,95,0.99,s,GRASP_EPP-SL,30,100,767.400337466002,5.9892191886901855,76
f,5,1,100,0.99,s,GRASP_EPP-SL,30,100,804.7994476093081,6.339230298995972,79
f,5,2,70,0.99,s,GRASP_EPP-SL,30,100,530.0235372201595,6.421661853790283,57
f,5,2,75,0.99,s,GRASP_EPP-SL,30,100,568.3677389183246,5.835414409637451,60
f,5,2,80,0.99,s,GRASP_EPP-SL,30,100,608.8357358279195,5.808781862258911,63
f,5,2,85,0.99,s,GRASP_EPP-SL,30,100,652.3869740424449,5.959792375564575,65
f,5,2,90,0.99,s,GRASP_EPP-SL,30,100,699.2578309202636,5.818762302398682,72
f,5,2,95,0.99,s,GRASP_EPP-SL,30,100,739.0342286662359,6.140877723693848,76
f,5,2,100,0.99,s,GRASP_EPP-SL,30,100,774.1825414170999,6.234159708023071,78
i,1,0,70,0.99,s,GRASP_EPP-SL,30,100,463.9544962489372,4.540656328201294,56
i,1,0,75,0.99,s,GRASP_EPP-SL,30,100,535.5979180455488,4.054441213607788,59
i,1,0,80,0.99,s,GRASP_EPP-SL,30,100,560.2016678331846,4.4531121253967285,65
i,1,0,85,0.99,s,GRASP_EPP-SL,30,100,610.9421065639808,4.296503305435181,69
i,1,0,90,0.99,s,GRASP_EPP-SL,30,100,648.0972237397484,4.247004747390747,71
i,1,0,95,0.99,s,GRASP_EPP-SL,30,100,699.9719803097584,4.411617040634155,75
i,1,0,100,0.99,s,GRASP_EPP-SL,30,100,732.4470968839258,4.558638572692871,78
i,1,1,70,0.99,s,GRASP_EPP-SL,30,100,506.6479044462104,4.0527262687683105,62
i,1,1,75,0.99,s,GRASP_EPP-SL,30,100,536.375794017854,4.270517349243164,64
i,1,1,80,0.99,s,GRASP_EPP-SL,30,100,602.1474440760393,3.7352781295776367,68
i,1,1,85,0.99,s,GRASP_EPP-SL,30,100,636.9838202200208,4.313604116439819,72
i,1,1,90,0.99,s,GRASP_EPP-SL,30,100,713.1867772526824,4.392878770828247,78
i,1,1,95,0.99,s,GRASP_EPP-SL,30,100,737.0508157424246,3.8663575649261475,80
i,1,1,100,0.99,s,GRASP_EPP-SL,30,100,806.4680283437258,4.704888582229614,85
i,1,2,70,0.99,s,GRASP_EPP-SL,30,100,528.7382078946059,3.642782211303711,57
i,1,2,75,0.99,s,GRASP_EPP-SL,30,100,582.5207970561166,3.726050853729248,63
i,1,2,80,0.99,s,GRASP_EPP-SL,30,100,614.6165915743153,3.775475025177002,66
i,1,2,85,0.99,s,GRASP_EPP-SL,30,100,667.1744820800993,3.7147328853607178,69
i,1,2,90,0.99,s,GRASP_EPP-SL,30,100,715.1233785527509,3.8973042964935303,73
i,1,2,95,0.99,s,GRASP_EPP-SL,30,100,754.1738322854862,3.964174747467041,77
i,1,2,100,0.99,s,GRASP_EPP-SL,30,100,803.966757551254,4.03606653213501,80
i,2,0,70,0.99,s,GRASP_EPP-SL,30,100,503.6168672596504,4.416339874267578,53
i,2,0,75,0.99,s,GRASP_EPP-SL,30,100,553.3895492905576,4.466858625411987,60
i,2,0,80,0.99,s,GRASP_EPP-SL,30,100,593.9636394364564,5.405506372451782,60
i,2,0,85,0.99,s,GRASP_EPP-SL,30,100,655.8416715489705,4.53275728225708,67
i,2,0,90,0.99,s,GRASP_EPP-SL,30,100,697.5998565281595,4.215947151184082,70
i,2,0,95,0.99,s,GRASP_EPP-SL,30,100,754.7169730920574,4.5342326164245605,75
i,2,0,100,0.99,s,GRASP_EPP-SL,30,100,794.0887525849789,4.65890097618103,77
i,2,1,70,0.99,s,GRASP_EPP-SL,30,100,530.0597946904752,3.8477914333343506,55
i,2,1,75,0.99,s,GRASP_EPP-SL,30,100,569.8122041511112,4.348170042037964,60
i,2,1,80,0.99,s,GRASP_EPP-SL,30,100,620.0357685881,3.454455614089966,64
i,2,1,85,0.99,s,GRASP_EPP-SL,30,100,653.7743308631066,4.085809707641602,67
i,2,1,90,0.99,s,GRASP_EPP-SL,30,100,700.1571012222385,3.815868616104126,72
i,2,1,95,0.99,s,GRASP_EPP-SL,30,100,749.724559626685,4.124546051025391,75
i,2,1,100,0.99,s,GRASP_EPP-SL,30,100,792.8671979850783,4.846946477890015,79
i,2,2,70,0.99,s,GRASP_EPP-SL,30,100,517.6320646597532,3.84700345993042,58
i,2,2,75,0.99,s,GRASP_EPP-SL,30,100,564.777080763924,3.4040236473083496,63
i,2,2,80,0.99,s,GRASP_EPP-SL,30,100,613.378156785036,3.644102096557617,68
i,2,2,85,0.99,s,GRASP_EPP-SL,30,100,655.0726358665718,3.551104784011841,70
i,2,2,90,0.99,s,GRASP_EPP-SL,30,100,698.1327361714167,4.049312591552734,75
i,2,2,95,0.99,s,GRASP_EPP-SL,30,100,735.3540965694287,4.350801467895508,79
i,2,2,100,0.99,s,GRASP_EPP-SL,30,100,789.8879501094667,3.92708420753479,82
i,3,0,70,0.99,s,GRASP_EPP-SL,30,100,473.43734947876055,4.703656435012817,55
i,3,0,75,0.99,s,GRASP_EPP-SL,30,100,506.5573044670509,4.47412633895874,59
i,3,0,80,0.99,s,GRASP_EPP-SL,30,100,555.8314496072535,4.268400192260742,64
i,3,0,85,0.99,s,GRASP_EPP-SL,30,100,609.0921929012164,4.170458555221558,67
i,3,0,90,0.99,s,GRASP_EPP-SL,30,100,648.2248223203214,4.775118112564087,71
i,3,0,95,0.99,s,GRASP_EPP-SL,30,100,703.872578295206,4.632193326950073,75
i,3,0,100,0.99,s,GRASP_EPP-SL,30,100,751.6932826572803,4.644738435745239,79
i,3,1,70,0.99,s,GRASP_EPP-SL,30,100,549.7475578630942,3.619690418243408,55
i,3,1,75,0.99,s,GRASP_EPP-SL,30,100,594.9265076114261,3.3820619583129883,60
i,3,1,80,0.99,s,GRASP_EPP-SL,30,100,628.7860848046777,3.815993309020996,62
i,3,1,85,0.99,s,GRASP_EPP-SL,30,100,696.8178531150048,3.454525947570801,69
i,3,1,90,0.99,s,GRASP_EPP-SL,30,100,727.8270402214888,3.860976219177246,70
i,3,1,95,0.99,s,GRASP_EPP-SL,30,100,789.2074589659061,3.8854057788848877,76
i,3,1,100,0.99,s,GRASP_EPP-SL,30,100,811.8614318897169,4.9498560428619385,77
i,3,2,70,0.99,s,GRASP_EPP-SL,30,100,487.4934013553835,3.4152393341064453,54
i,3,2,75,0.99,s,GRASP_EPP-SL,30,100,542.017278045062,3.6247525215148926,59
i,3,2,80,0.99,s,GRASP_EPP-SL,30,100,572.1285219875579,3.9122140407562256,63
i,3,2,85,0.99,s,GRASP_EPP-SL,30,100,622.1564599515435,3.770303964614868,65
i,3,2,90,0.99,s,GRASP_EPP-SL,30,100,653.0265872384649,3.710538864135742,68
i,3,2,95,0.99,s,GRASP_EPP-SL,30,100,692.4596347313449,3.923811435699463,73
i,3,2,100,0.99,s,GRASP_EPP-SL,30,100,745.4075962781742,3.8569393157958984,77
i,4,0,70,0.99,s,GRASP_EPP-SL,30,100,500.81548356756986,4.188161373138428,56
i,4,0,75,0.99,s,GRASP_EPP-SL,30,100,559.614268426939,4.32097864151001,61
i,4,0,80,0.99,s,GRASP_EPP-SL,30,100,583.3712315649706,4.100857257843018,63
i,4,0,85,0.99,s,GRASP_EPP-SL,30,100,644.6884286881295,4.336876630783081,68
i,4,0,90,0.99,s,GRASP_EPP-SL,30,100,687.8436041620711,5.035552978515625,72
i,4,0,95,0.99,s,GRASP_EPP-SL,30,100,728.7045791789667,4.719809055328369,74
i,4,0,100,0.99,s,GRASP_EPP-SL,30,100,779.5388849224834,4.346042633056641,79
i,4,1,70,0.99,s,GRASP_EPP-SL,30,100,528.6112404202701,3.9565649032592773,54
i,4,1,75,0.99,s,GRASP_EPP-SL,30,100,565.611086892862,4.455122470855713,58
i,4,1,80,0.99,s,GRASP_EPP-SL,30,100,614.6847309902481,3.7681055068969727,62
i,4,1,85,0.99,s,GRASP_EPP-SL,30,100,636.638794805948,4.026810646057129,64
i,4,1,90,0.99,s,GRASP_EPP-SL,30,100,693.405512528692,4.871675968170166,69
i,4,1,95,0.99,s,GRASP_EPP-SL,30,100,736.598358548842,5.834256172180176,73
i,4,1,100,0.99,s,GRASP_EPP-SL,30,100,804.6066818922972,5.186819791793823,76
i,4,2,70,0.99,s,GRASP_EPP-SL,30,100,496.4965684803355,3.707982063293457,57
i,4,2,75,0.99,s,GRASP_EPP-SL,30,100,546.3568652017341,3.976390838623047,61
i,4,2,80,0.99,s,GRASP_EPP-SL,30,100,586.879224705212,4.568094730377197,66
i,4,2,85,0.99,s,GRASP_EPP-SL,30,100,640.1954836689808,4.0387678146362305,67
i,4,2,90,0.99,s,GRASP_EPP-SL,30,100,679.9083727350892,4.2173590660095215,71
i,4,2,95,0.99,s,GRASP_EPP-SL,30,100,720.8772195865452,4.655354022979736,75
i,4,2,100,0.99,s,GRASP_EPP-SL,30,100,783.1482178851362,4.2136781215667725,80
i,5,0,70,0.99,s,GRASP_EPP-SL,30,100,553.009109329591,4.594889163970947,57
i,5,0,75,0.99,s,GRASP_EPP-SL,30,100,583.8546616287083,4.591721773147583,59
i,5,0,80,0.99,s,GRASP_EPP-SL,30,100,648.0110490731271,5.049901247024536,64
i,5,0,85,0.99,s,GRASP_EPP-SL,30,100,686.102183595062,4.298170804977417,66
i,5,0,90,0.99,s,GRASP_EPP-SL,30,100,756.7869194955825,4.4188392162323,71
i,5,0,95,0.99,s,GRASP_EPP-SL,30,100,780.7087105823056,4.627748966217041,73
i,5,0,100,0.99,s,GRASP_EPP-SL,30,100,862.1250016286162,4.525018215179443,78
i,5,1,70,0.99,s,GRASP_EPP-SL,30,100,518.9461150098091,3.879580020904541,55
i,5,1,75,0.99,s,GRASP_EPP-SL,30,100,551.6456842213157,3.94340181350708,61
i,5,1,80,0.99,s,GRASP_EPP-SL,30,100,617.6620175697345,4.034477710723877,63
i,5,1,85,0.99,s,GRASP_EPP-SL,30,100,638.6652592751167,4.1719090938568115,67
i,5,1,90,0.99,s,GRASP_EPP-SL,30,100,699.4334693842874,3.9409239292144775,69
i,5,1,95,0.99,s,GRASP_EPP-SL,30,100,732.0143641160735,3.922084093093872,74
i,5,1,100,0.99,s,GRASP_EPP-SL,30,100,793.614380857689,4.217801094055176,79
i,5,2,70,0.99,s,GRASP_EPP-SL,30,100,505.0436588434181,3.5373916625976562,56
i,5,2,75,0.99,s,GRASP_EPP-SL,30,100,531.9638649654322,3.8492298126220703,59
i,5,2,80,0.99,s,GRASP_EPP-SL,30,100,581.6535563618554,3.583493232727051,62
i,5,2,85,0.99,s,GRASP_EPP-SL,30,100,624.7084801768449,4.1050331592559814,67
i,5,2,90,0.99,s,GRASP_EPP-SL,30,100,669.6412843787431,3.9606878757476807,71
i,5,2,95,0.99,s,GRASP_EPP-SL,30,100,722.3445489711049,3.7111880779266357,74
i,5,2,100,0.99,s,GRASP_EPP-SL,30,100,757.2053553162166,3.889364004135132,77
f,1,0,70,0.95,s,GRASP_EPP-SL,30,100,425.6954267778881,4.005211114883423,53
f,1,0,75,0.95,s,GRASP_EPP-SL,30,100,465.1146548123256,3.9505910873413086,55
f,1,0,80,0.95,s,GRASP_EPP-SL,30,100,494.8779821705723,3.721156358718872,58
f,1,0,85,0.95,s,GRASP_EPP-SL,30,100,543.3891704299326,3.963399648666382,62
f,1,0,90,0.95,s,GRASP_EPP-SL,30,100,579.3089737799525,4.506610155105591,66
f,1,0,95,0.95,s,GRASP_EPP-SL,30,100,615.3246753585541,4.06134033203125,70
f,1,0,100,0.95,s,GRASP_EPP-SL,30,100,650.4106691589276,4.7979536056518555,74
f,1,1,70,0.95,s,GRASP_EPP-SL,30,100,450.8472599887656,5.599897623062134,56
f,1,1,75,0.95,s,GRASP_EPP-SL,30,100,501.6239761757571,5.680039644241333,62
f,1,1,80,0.95,s,GRASP_EPP-SL,30,100,517.9922988111974,5.949841737747192,63
f,1,1,85,0.95,s,GRASP_EPP-SL,30,100,558.1537587859224,5.604144811630249,66
f,1,1,90,0.95,s,GRASP_EPP-SL,30,100,592.6141054326825,7.22275710105896,70
f,1,1,95,0.95,s,GRASP_EPP-SL,30,100,623.0626077090984,6.602200269699097,74
f,1,1,100,0.95,s,GRASP_EPP-SL,30,100,674.1965229279793,8.128456354141235,77
f,1,2,70,0.95,s,GRASP_EPP-SL,30,100,459.2330220197811,8.724648237228394,58
f,1,2,75,0.95,s,GRASP_EPP-SL,30,100,494.11782509830283,6.800641775131226,64
f,1,2,80,0.95,s,GRASP_EPP-SL,30,100,522.0323205442916,8.228246927261353,65
f,1,2,85,0.95,s,GRASP_EPP-SL,30,100,565.7845017523274,8.173231601715088,69
f,1,2,90,0.95,s,GRASP_EPP-SL,30,100,571.2261624818932,10.28131628036499,72
f,1,2,95,0.95,s,GRASP_EPP-SL,30,100,621.3526527702799,9.31444787979126,77
f,1,2,100,0.95,s,GRASP_EPP-SL,30,100,658.2179445095586,9.541473150253296,81
f,2,0,70,0.95,s,GRASP_EPP-SL,30,100,423.8602581870654,6.47263503074646,55
f,2,0,75,0.95,s,GRASP_EPP-SL,30,100,448.6779967308052,6.104783535003662,58
f,2,0,80,0.95,s,GRASP_EPP-SL,30,100,493.39372433842135,4.672724962234497,61
f,2,0,85,0.95,s,GRASP_EPP-SL,30,100,530.3601272733315,5.134339094161987,66
f,2,0,90,0.95,s,GRASP_EPP-SL,30,100,566.7992741788026,4.896520614624023,68
f,2,0,95,0.95,s,GRASP_EPP-SL,30,100,605.662831847222,4.468957901000977,73
f,2,0,100,0.95,s,GRASP_EPP-SL,30,100,648.163664486677,5.275207281112671,77
f,2,2,70,0.95,s,GRASP_EPP-SL,30,100,458.4607037260633,6.3592870235443115,55
f,2,2,75,0.95,s,GRASP_EPP-SL,30,100,486.21830702982555,6.284054517745972,60
f,2,2,80,0.95,s,GRASP_EPP-SL,30,100,513.1429193961054,6.728866100311279,63
f,2,2,85,0.95,s,GRASP_EPP-SL,30,100,542.8304264230037,5.590709924697876,67
f,2,2,90,0.95,s,GRASP_EPP-SL,30,100,583.7169943801509,5.7071332931518555,70
f,2,2,95,0.95,s,GRASP_EPP-SL,30,100,619.2838660975465,5.956049203872681,75
f,2,2,100,0.95,s,GRASP_EPP-SL,30,100,655.500281069865,5.94950532913208,79
f,3,0,70,0.95,s,GRASP_EPP-SL,30,100,436.4804609137773,4.590781927108765,56
f,3,0,75,0.95,s,GRASP_EPP-SL,30,100,475.9343838771287,4.682098388671875,60
f,3,0,80,0.95,s,GRASP_EPP-SL,30,100,511.35698505635065,3.9438889026641846,63
f,3,0,85,0.95,s,GRASP_EPP-SL,30,100,546.8628838485307,4.74028205871582,64
f,3,0,90,0.95,s,GRASP_EPP-SL,30,100,585.2320720862917,4.46592903137207,70
f,3,0,95,0.95,s,GRASP_EPP-SL,30,100,624.3312563747514,4.225580453872681,73
f,3,0,100,0.95,s,GRASP_EPP-SL,30,100,666.1147556876778,4.830320835113525,78
f,3,1,70,0.95,s,GRASP_EPP-SL,30,100,443.60754419942486,7.053761005401611,59
f,3,1,75,0.95,s,GRASP_EPP-SL,30,100,473.0887434017288,7.019918441772461,61
f,3,1,80,0.95,s,GRASP_EPP-SL,30,100,501.5601088730996,6.253706693649292,63
f,3,1,85,0.95,s,GRASP_EPP-SL,30,100,536.2351379195845,6.051660537719727,69
f,3,1,90,0.95,s,GRASP_EPP-SL,30,100,573.2039394259492,5.957244634628296,72
f,3,1,95,0.95,s,GRASP_EPP-SL,30,100,606.8201103100018,6.650848150253296,77
f,3,1,100,0.95,s,GRASP_EPP-SL,30,100,642.6002952599287,6.784378290176392,80
f,3,2,70,0.95,s,GRASP_EPP-SL,30,100,419.9422275684029,6.436590909957886,59
f,3,2,75,0.95,s,GRASP_EPP-SL,30,100,450.6430927796621,5.953892230987549,64
f,3,2,80,0.95,s,GRASP_EPP-SL,30,100,476.26216720624814,5.742233037948608,66
f,3,2,85,0.95,s,GRASP_EPP-SL,30,100,509.20596213894754,5.764759540557861,69
f,3,2,90,0.95,s,GRASP_EPP-SL,30,100,542.0300673716,6.236764430999756,74
f,3,2,95,0.95,s,GRASP_EPP-SL,30,100,572.3491348503009,6.512787818908691,78
f,3,2,100,0.95,s,GRASP_EPP-SL,30,100,613.3977126075223,6.837202548980713,83
f,4,0,70,0.95,s,GRASP_EPP-SL,30,100,405.7464776095218,4.506536483764648,56
f,4,0,75,0.95,s,GRASP_EPP-SL,30,100,461.0184608449622,4.63205099105835,61
f,4,0,80,0.95,s,GRASP_EPP-SL,30,100,479.5183219514361,4.3117523193359375,64
f,4,0,85,0.95,s,GRASP_EPP-SL,30,100,530.8084415077915,4.305378437042236,68
f,4,0,90,0.95,s,GRASP_EPP-SL,30,100,554.1985122937673,4.597517490386963,72
f,4,0,95,0.95,s,GRASP_EPP-SL,30,100,609.3041184385177,4.72738242149353,76
f,4,0,100,0.95,s,GRASP_EPP-SL,30,100,638.0775627922907,4.757461309432983,80
f,4,1,70,0.95,s,GRASP_EPP-SL,30,100,476.30292565980346,8.077942371368408,57
f,4,1,75,0.95,s,GRASP_EPP-SL,30,100,506.1629707465652,7.351179122924805,60
f,4,1,80,0.95,s,GRASP_EPP-SL,30,100,537.597487034572,6.91298508644104,62
f,4,1,85,0.95,s,GRASP_EPP-SL,30,100,576.5923465841677,6.123159646987915,68
f,4,1,90,0.95,s,GRASP_EPP-SL,30,100,609.4433877369243,6.455508232116699,70
f,4,1,95,0.95,s,GRASP_EPP-SL,30,100,647.96354703973,6.946465969085693,75
f,4,1,100,0.95,s,GRASP_EPP-SL,30,100,687.7091269460302,6.696653842926025,78
f,4,2,70,0.95,s,GRASP_EPP-SL,30,100,465.1278478998596,5.507030963897705,57
f,4,2,75,0.95,s,GRASP_EPP-SL,30,100,490.60730490603413,5.558182954788208,60
f,4,2,80,0.95,s,GRASP_EPP-SL,30,100,520.4402358571581,5.123788595199585,64
f,4,2,85,0.95,s,GRASP_EPP-SL,30,100,552.7831416118739,5.440201997756958,67
f,4,2,90,0.95,s,GRASP_EPP-SL,30,100,596.3771708127183,5.869417667388916,71
f,4,2,95,0.95,s,GRASP_EPP-SL,30,100,621.0134951457505,6.359011888504028,76
f,4,2,100,0.95,s,GRASP_EPP-SL,30,100,673.4116799817092,5.784970998764038,80
f,5,0,70,0.95,s,GRASP_EPP-SL,30,100,397.35079307196946,4.320278167724609,56
f,5,0,75,0.95,s,GRASP_EPP-SL,30,100,438.3015878461991,4.093558311462402,59
f,5,0,80,0.95,s,GRASP_EPP-SL,30,100,460.71832155765344,4.704509258270264,63
f,5,0,85,0.95,s,GRASP_EPP-SL,30,100,498.65046572947915,4.759544372558594,67
f,5,0,90,0.95,s,GRASP_EPP-SL,30,100,544.2007108418263,4.283828020095825,72
f,5,0,95,0.95,s,GRASP_EPP-SL,30,100,565.004952412088,4.689183712005615,73
f,5,0,100,0.95,s,GRASP_EPP-SL,30,100,612.1636219190375,4.838557481765747,77
f,5,1,70,0.95,s,GRASP_EPP-SL,30,100,449.1295078272665,6.747715950012207,57
f,5,1,75,0.95,s,GRASP_EPP-SL,30,100,483.7215630549312,5.979064226150513,60
f,5,1,80,0.95,s,GRASP_EPP-SL,30,100,515.1618650727951,6.3620240688323975,63
f,5,1,85,0.95,s,GRASP_EPP-SL,30,100,542.8892951223027,5.530179977416992,68
f,5,1,90,0.95,s,GRASP_EPP-SL,30,100,583.7804929901051,7.208489656448364,70
f,5,1,95,0.95,s,GRASP_EPP-SL,30,100,634.718646341506,6.71160888671875,75
f,5,1,100,0.95,s,GRASP_EPP-SL,30,100,661.6707233290214,6.3980631828308105,78
f,5,2,70,0.95,s,GRASP_EPP-SL,30,100,429.01864158306506,7.095873594284058,56
f,5,2,75,0.95,s,GRASP_EPP-SL,30,100,470.39987287945235,8.007079124450684,59
f,5,2,80,0.95,s,GRASP_EPP-SL,30,100,510.64871948167144,6.785093069076538,63
f,5,2,85,0.95,s,GRASP_EPP-SL,30,100,537.5297876437659,6.498038053512573,66
f,5,2,90,0.95,s,GRASP_EPP-SL,30,100,573.7559871981133,5.970958471298218,71
f,5,2,95,0.95,s,GRASP_EPP-SL,30,100,608.929353790197,6.178728103637695,76
f,5,2,100,0.95,s,GRASP_EPP-SL,30,100,633.7896528256589,6.444002628326416,78
i,1,0,70,0.95,s,GRASP_EPP-SL,30,100,385.917111259437,5.156553745269775,56
i,1,0,75,0.95,s,GRASP_EPP-SL,30,100,432.8803307303444,4.5130767822265625,62
i,1,0,80,0.95,s,GRASP_EPP-SL,30,100,461.9794134561265,4.40647292137146,63
i,1,0,85,0.95,s,GRASP_EPP-SL,30,100,496.6289579606081,4.676705360412598,68
i,1,0,90,0.95,s,GRASP_EPP-SL,30,100,521.5763606195426,4.863833665847778,71
i,1,0,95,0.95,s,GRASP_EPP-SL,30,100,565.3160957467353,4.858306407928467,75
i,1,0,100,0.95,s,GRASP_EPP-SL,30,100,597.4473735124704,5.271139621734619,77
i,1,1,70,0.95,s,GRASP_EPP-SL,30,100,428.1105451722205,4.0368311405181885,63
i,1,1,75,0.95,s,GRASP_EPP-SL,30,100,450.86565466869666,3.6898720264434814,64
i,1,1,80,0.95,s,GRASP_EPP-SL,30,100,492.31491910636186,4.038248538970947,69
i,1,1,85,0.95,s,GRASP_EPP-SL,30,100,514.0395271844156,3.7153923511505127,72
i,1,1,90,0.95,s,GRASP_EPP-SL,30,100,575.5732627815879,4.2222349643707275,77
i,1,1,95,0.95,s,GRASP_EPP-SL,30,100,595.524727671984,4.189197778701782,80
i,1,1,100,0.95,s,GRASP_EPP-SL,30,100,652.3662687667502,4.334553956985474,85
i,1,2,70,0.95,s,GRASP_EPP-SL,30,100,436.88780735236355,4.042496919631958,58
i,1,2,75,0.95,s,GRASP_EPP-SL,30,100,478.45443706966734,5.113467454910278,60
i,1,2,80,0.95,s,GRASP_EPP-SL,30,100,513.4591477530362,4.127745866775513,64
i,1,2,85,0.95,s,GRASP_EPP-SL,30,100,547.4180774642618,4.493906021118164,68
i,1,2,90,0.95,s,GRASP_EPP-SL,30,100,583.4422523587206,4.010293245315552,73
i,1,2,95,0.95,s,GRASP_EPP-SL,30,100,615.7622566889174,4.488625764846802,75
i,1,2,100,0.95,s,GRASP_EPP-SL,30,100,655.4983063524683,4.289851188659668,80
i,2,0,70,0.95,s,GRASP_EPP-SL,30,100,417.90732945296503,4.357784032821655,54
i,2,0,75,0.95,s,GRASP_EPP-SL,30,100,464.10093138358235,4.373386859893799,59
i,2,0,80,0.95,s,GRASP_EPP-SL,30,100,479.57961631130604,4.479371070861816,61
i,2,0,85,0.95,s,GRASP_EPP-SL,30,100,531.7010316175736,4.971202373504639,67
i,2,0,90,0.95,s,GRASP_EPP-SL,30,100,562.3593816764918,5.118596076965332,68
i,2,0,95,0.95,s,GRASP_EPP-SL,30,100,604.4106838787202,4.549777030944824,74
i,2,0,100,0.95,s,GRASP_EPP-SL,30,100,645.8756271849453,4.623830318450928,77
i,2,1,70,0.95,s,GRASP_EPP-SL,30,100,445.3735383873196,3.699826240539551,58
i,2,1,75,0.95,s,GRASP_EPP-SL,30,100,467.46846898786333,4.4491047859191895,61
i,2,1,80,0.95,s,GRASP_EPP-SL,30,100,504.659042527569,4.297693967819214,65
i,2,1,85,0.95,s,GRASP_EPP-SL,30,100,528.8230711698741,4.48632025718689,67
i,2,1,90,0.95,s,GRASP_EPP-SL,30,100,571.0930161317272,4.103076696395874,71
i,2,1,95,0.95,s,GRASP_EPP-SL,30,100,608.6013470601408,4.185625791549683,76
i,2,1,100,0.95,s,GRASP_EPP-SL,30,100,645.7116579843686,5.209122180938721,79
i,2,2,70,0.95,s,GRASP_EPP-SL,30,100,422.54001216784366,3.5281074047088623,59
i,2,2,75,0.95,s,GRASP_EPP-SL,30,100,465.77888854913675,3.7324185371398926,64
i,2,2,80,0.95,s,GRASP_EPP-SL,30,100,505.6966064214412,4.037592887878418,67
i,2,2,85,0.95,s,GRASP_EPP-SL,30,100,536.2160830099277,3.9456088542938232,71
i,2,2,90,0.95,s,GRASP_EPP-SL,30,100,571.3064506084704,3.7113306522369385,75
i,2,2,95,0.95,s,GRASP_EPP-SL,30,100,597.1502842608998,4.118842124938965,78
i,2,2,100,0.95,s,GRASP_EPP-SL,30,100,633.075598051568,4.07816743850708,81
i,3,0,70,0.95,s,GRASP_EPP-SL,30,100,385.04744573520236,4.447983741760254,55
i,3,0,75,0.95,s,GRASP_EPP-SL,30,100,424.2893590842085,4.5956034660339355,59
i,3,0,80,0.95,s,GRASP_EPP-SL,30,100,462.8225922794621,4.727563381195068,63
i,3,0,85,0.95,s,GRASP_EPP-SL,30,100,497.1658834018031,5.549140691757202,67
i,3,0,90,0.95,s,GRASP_EPP-SL,30,100,533.8126131486682,4.853151082992554,72
i,3,0,95,0.95,s,GRASP_EPP-SL,30,100,575.1293760240515,5.208185195922852,75
i,3,0,100,0.95,s,GRASP_EPP-SL,30,100,605.0233787515647,4.695557117462158,79
i,3,1,70,0.95,s,GRASP_EPP-SL,30,100,455.6284576883008,4.0054543018341064,57
i,3,1,75,0.95,s,GRASP_EPP-SL,30,100,500.3048567901846,3.727631092071533,61
i,3,1,80,0.95,s,GRASP_EPP-SL,30,100,521.1920417403206,3.7431046962738037,63
i,3,1,85,0.95,s,GRASP_EPP-SL,30,100,569.1738333576743,4.000021934509277,69
i,3,1,90,0.95,s,GRASP_EPP-SL,30,100,592.9935267591632,4.145952939987183,71
i,3,1,95,0.95,s,GRASP_EPP-SL,30,100,644.2744851885763,4.244989633560181,76
i,3,1,100,0.95,s,GRASP_EPP-SL,30,100,668.3801151708753,4.598524332046509,77
i,3,2,70,0.95,s,GRASP_EPP-SL,30,100,403.1382087896569,4.11774754524231,53
i,3,2,75,0.95,s,GRASP_EPP-SL,30,100,441.41589519031106,3.7114975452423096,59
i,3,2,80,0.95,s,GRASP_EPP-SL,30,100,466.7167890890089,3.9373714923858643,63
i,3,2,85,0.95,s,GRASP_EPP-SL,30,100,505.7901298279635,4.054822206497192,65
i,3,2,90,0.95,s,GRASP_EPP-SL,30,100,532.8806679460131,4.593959808349609,70
i,3,2,95,0.95,s,GRASP_EPP-SL,30,100,563.2266093121574,4.0416553020477295,73
i,3,2,100,0.95,s,GRASP_EPP-SL,30,100,605.987556257113,4.170454502105713,78
i,4,0,70,0.95,s,GRASP_EPP-SL,30,100,421.8855858533893,4.369003534317017,56
i,4,0,75,0.95,s,GRASP_EPP-SL,30,100,458.39673159903543,4.694641828536987,62
i,4,0,80,0.95,s,GRASP_EPP-SL,30,100,483.1465793845649,4.331402063369751,63
i,4,0,85,0.95,s,GRASP_EPP-SL,30,100,528.9342880068485,4.482123613357544,67
i,4,0,90,0.95,s,GRASP_EPP-SL,30,100,556.0005445565561,4.546743392944336,71
i,4,0,95,0.95,s,GRASP_EPP-SL,30,100,592.0460536000397,4.453858137130737,75
i,4,0,100,0.95,s,GRASP_EPP-SL,30,100,633.4775731567204,4.641268730163574,78
i,4,1,70,0.95,s,GRASP_EPP-SL,30,100,432.8807508535374,3.923785448074341,55
i,4,1,75,0.95,s,GRASP_EPP-SL,30,100,472.684005291406,4.005986928939819,60
i,4,1,80,0.95,s,GRASP_EPP-SL,30,100,495.8302724917178,3.8959243297576904,61
i,4,1,85,0.95,s,GRASP_EPP-SL,30,100,543.6272201833468,4.011572360992432,64
i,4,1,90,0.95,s,GRASP_EPP-SL,30,100,573.3207572437343,4.215825080871582,68
i,4,1,95,0.95,s,GRASP_EPP-SL,30,100,607.2421047431728,5.173714637756348,72
i,4,1,100,0.95,s,GRASP_EPP-SL,30,100,647.6271564049248,4.0793678760528564,77
i,4,2,70,0.95,s,GRASP_EPP-SL,30,100,419.5785120815392,3.641277313232422,57
i,4,2,75,0.95,s,GRASP_EPP-SL,30,100,458.3532802131473,3.5882620811462402,63
i,4,2,80,0.95,s,GRASP_EPP-SL,30,100,482.23661337626044,3.696453332901001,64
i,4,2,85,0.95,s,GRASP_EPP-SL,30,100,528.1813978322489,3.8205556869506836,69
i,4,2,90,0.95,s,GRASP_EPP-SL,30,100,552.5319807280755,4.07227897644043,72
i,4,2,95,0.95,s,GRASP_EPP-SL,30,100,592.7787374222619,4.125229358673096,76
i,4,2,100,0.95,s,GRASP_EPP-SL,30,100,633.7104868185237,4.776102066040039,80
i,5,0,70,0.95,s,GRASP_EPP-SL,30,100,456.15146673610263,4.1629931926727295,57
i,5,0,75,0.95,s,GRASP_EPP-SL,30,100,473.4581217850394,4.351279020309448,58
i,5,0,80,0.95,s,GRASP_EPP-SL,30,100,535.8109507150441,5.0299084186553955,63
i,5,0,85,0.95,s,GRASP_EPP-SL,30,100,555.4470651228058,4.895306587219238,66
i,5,0,90,0.95,s,GRASP_EPP-SL,30,100,609.9213608092733,4.359259366989136,70
i,5,0,95,0.95,s,GRASP_EPP-SL,30,100,635.9770085704774,4.579861402511597,73
i,5,0,100,0.95,s,GRASP_EPP-SL,30,100,694.8814204982361,5.512683868408203,77
i,5,1,70,0.95,s,GRASP_EPP-SL,30,100,425.4420139607066,4.180095434188843,58
i,5,1,75,0.95,s,GRASP_EPP-SL,30,100,465.1451737322282,4.10367226600647,61
i,5,1,80,0.95,s,GRASP_EPP-SL,30,100,495.9241977366902,4.256422996520996,61
i,5,1,85,0.95,s,GRASP_EPP-SL,30,100,533.4912177713584,3.9816043376922607,68
i,5,1,90,0.95,s,GRASP_EPP-SL,30,100,568.3506915963553,4.40029501914978,71
i,5,1,95,0.95,s,GRASP_EPP-SL,30,100,596.8729883377904,3.955113410949707,75
i,5,1,100,0.95,s,GRASP_EPP-SL,30,100,641.3752946052082,4.161877870559692,79
i,5,2,70,0.95,s,GRASP_EPP-SL,30,100,410.30691181147847,3.4194469451904297,55
i,5,2,75,0.95,s,GRASP_EPP-SL,30,100,452.767307485614,3.608665704727173,59
i,5,2,80,0.95,s,GRASP_EPP-SL,30,100,477.50822031313936,3.820161819458008,63
i,5,2,85,0.95,s,GRASP_EPP-SL,30,100,509.8480344317997,3.6648600101470947,66
i,5,2,90,0.95,s,GRASP_EPP-SL,30,100,545.3673251810918,3.858901262283325,68
i,5,2,95,0.95,s,GRASP_EPP-SL,30,100,583.3564661344477,3.992440938949585,75
i,5,2,100,0.95,s,GRASP_EPP-SL,30,100,609.1379641566451,3.9143829345703125,77
f,1,0,70,1.03,s,GRASP_EPP-SL,30,100,616.6337264908042,4.265066385269165,52
f,1,0,75,1.03,s,GRASP_EPP-SL,30,100,672.8657872158002,4.3785765171051025,54
f,1,0,80,1.03,s,GRASP_EPP-SL,30,100,750.7752553646443,4.72768497467041,58
f,1,0,85,1.03,s,GRASP_EPP-SL,30,100,794.8339292975704,4.463925123214722,63
f,1,0,90,1.03,s,GRASP_EPP-SL,30,100,869.9305825691982,4.460981845855713,66
f,1,0,95,1.03,s,GRASP_EPP-SL,30,100,899.696119798656,4.513354539871216,69
f,1,0,100,1.03,s,GRASP_EPP-SL,30,100,968.0145343077695,5.401138782501221,73
f,1,1,70,1.03,s,GRASP_EPP-SL,30,100,654.5155557840556,6.960677862167358,55
f,1,1,75,1.03,s,GRASP_EPP-SL,30,100,721.8906028144361,6.330010175704956,60
f,1,1,80,1.03,s,GRASP_EPP-SL,30,100,751.5276577049485,6.180150032043457,63
f,1,1,85,1.03,s,GRASP_EPP-SL,30,100,809.3187542968415,6.228980302810669,66
f,1,1,90,1.03,s,GRASP_EPP-SL,30,100,877.2608200585559,6.440976619720459,71
f,1,1,95,1.03,s,GRASP_EPP-SL,30,100,922.2643791544768,6.115876197814941,75
f,1,1,100,1.03,s,GRASP_EPP-SL,30,100,1010.922391771456,6.430175304412842,78
f,1,2,70,1.03,s,GRASP_EPP-SL,30,100,657.7836135605661,7.081957101821899,57
f,1,2,75,1.03,s,GRASP_EPP-SL,30,100,718.0545749810958,6.577947616577148,62
f,1,2,80,1.03,s,GRASP_EPP-SL,30,100,742.328453381183,5.904862403869629,64
f,1,2,85,1.03,s,GRASP_EPP-SL,30,100,831.7660926910352,5.988263130187988,70
f,1,2,90,1.03,s,GRASP_EPP-SL,30,100,856.931864032455,6.8267292976379395,73
f,1,2,95,1.03,s,GRASP_EPP-SL,30,100,929.4978385756095,6.455713987350464,77
f,1,2,100,1.03,s,GRASP_EPP-SL,30,100,987.1826943219771,6.7613818645477295,80
f,2,0,70,1.03,s,GRASP_EPP-SL,30,100,626.353127212303,4.375296592712402,54
f,2,0,75,1.03,s,GRASP_EPP-SL,30,100,679.1214709975922,5.317680597305298,58
f,2,0,80,1.03,s,GRASP_EPP-SL,30,100,727.4607877290417,4.7679362297058105,61
f,2,0,85,1.03,s,GRASP_EPP-SL,30,100,777.1458671221224,4.848257780075073,65
f,2,0,90,1.03,s,GRASP_EPP-SL,30,100,832.6049063226651,4.8663976192474365,67
f,2,0,95,1.03,s,GRASP_EPP-SL,30,100,909.7733136341467,4.637470722198486,73
f,2,0,100,1.03,s,GRASP_EPP-SL,30,100,962.3850059400155,4.880162715911865,75
f,2,2,70,1.03,s,GRASP_EPP-SL,30,100,662.0820316256946,5.108717918395996,59
f,2,2,75,1.03,s,GRASP_EPP-SL,30,100,692.5632780540709,5.011504411697388,60
f,2,2,80,1.03,s,GRASP_EPP-SL,30,100,756.3495019294646,6.0530500411987305,64
f,2,2,85,1.03,s,GRASP_EPP-SL,30,100,789.7624873399366,5.723634243011475,65
f,2,2,90,1.03,s,GRASP_EPP-SL,30,100,853.9338844035541,5.817589044570923,70
f,2,2,95,1.03,s,GRASP_EPP-SL,30,100,907.2241865925079,5.280729293823242,73
f,2,2,100,1.03,s,GRASP_EPP-SL,30,100,979.7849025246846,6.291131258010864,79
f,3,0,70,1.03,s,GRASP_EPP-SL,30,100,639.2207428251548,4.211699962615967,55
f,3,0,75,1.03,s,GRASP_EPP-SL,30,100,691.755200985702,4.7625038623809814,58
f,3,0,80,1.03,s,GRASP_EPP-SL,30,100,763.5608055131744,4.770272731781006,63
f,3,0,85,1.03,s,GRASP_EPP-SL,30,100,803.4357963593429,4.886638641357422,65
f,3,0,90,1.03,s,GRASP_EPP-SL,30,100,880.823530787461,4.60804009437561,70
f,3,0,95,1.03,s,GRASP_EPP-SL,30,100,937.7906943445167,4.689857006072998,73
f,3,0,100,1.03,s,GRASP_EPP-SL,30,100,1005.7560874866786,4.661692142486572,78
f,3,1,70,1.03,s,GRASP_EPP-SL,30,100,640.4545197174641,6.4591429233551025,56
f,3,1,75,1.03,s,GRASP_EPP-SL,30,100,684.3941590496415,6.271678686141968,61
f,3,1,80,1.03,s,GRASP_EPP-SL,30,100,728.6959535110356,6.226260185241699,64
f,3,1,85,1.03,s,GRASP_EPP-SL,30,100,796.4209910260611,6.520092010498047,69
f,3,1,90,1.03,s,GRASP_EPP-SL,30,100,844.6077160751422,6.028844118118286,73
f,3,1,95,1.03,s,GRASP_EPP-SL,30,100,907.0446561196005,6.023265600204468,76
f,3,1,100,1.03,s,GRASP_EPP-SL,30,100,960.1272925563588,6.405828237533569,79
f,3,2,70,1.03,s,GRASP_EPP-SL,30,100,590.4276478207785,6.301301956176758,59
f,3,2,75,1.03,s,GRASP_EPP-SL,30,100,650.3691387574214,5.6213929653167725,63
f,3,2,80,1.03,s,GRASP_EPP-SL,30,100,688.4311770744796,5.533207654953003,66
f,3,2,85,1.03,s,GRASP_EPP-SL,30,100,763.8725304366959,5.5499937534332275,70
f,3,2,90,1.03,s,GRASP_EPP-SL,30,100,795.731166238539,5.21142578125,74
f,3,2,95,1.03,s,GRASP_EPP-SL,30,100,862.3546258381643,6.254453897476196,80
f,3,2,100,1.03,s,GRASP_EPP-SL,30,100,928.2482218809886,5.7157227993011475,82
f,4,0,70,1.03,s,GRASP_EPP-SL,30,100,613.2416808128247,4.712920665740967,56
f,4,0,75,1.03,s,GRASP_EPP-SL,30,100,673.9047660387025,3.9702634811401367,62
f,4,0,80,1.03,s,GRASP_EPP-SL,30,100,715.9217275995627,4.283685684204102,65
f,4,0,85,1.03,s,GRASP_EPP-SL,30,100,797.5931718129036,4.906854152679443,68
f,4,0,90,1.03,s,GRASP_EPP-SL,30,100,841.8391660257371,4.662693500518799,72
f,4,0,95,1.03,s,GRASP_EPP-SL,30,100,927.4469426643686,5.111749172210693,75
f,4,0,100,1.03,s,GRASP_EPP-SL,30,100,970.2162427102528,5.039002418518066,80
f,4,1,70,1.03,s,GRASP_EPP-SL,30,100,695.4011539925327,7.4207117557525635,57
f,4,1,75,1.03,s,GRASP_EPP-SL,30,100,740.4812144371829,6.668181896209717,60
f,4,1,80,1.03,s,GRASP_EPP-SL,30,100,794.8957862261227,7.0076329708099365,64
f,4,1,85,1.03,s,GRASP_EPP-SL,30,100,854.2013553863665,5.834249019622803,68
f,4,1,90,1.03,s,GRASP_EPP-SL,30,100,893.7912730111889,6.589364767074585,71
f,4,1,95,1.03,s,GRASP_EPP-SL,30,100,968.1136050267128,5.852138519287109,75
f,4,1,100,1.03,s,GRASP_EPP-SL,30,100,1023.9807591492396,6.926625967025757,78
f,4,2,70,1.03,s,GRASP_EPP-SL,30,100,677.6224567161759,4.978680849075317,55
f,4,2,75,1.03,s,GRASP_EPP-SL,30,100,718.3252766455901,4.893036127090454,59
f,4,2,80,1.03,s,GRASP_EPP-SL,30,100,751.1013382168065,5.548126220703125,63
f,4,2,85,1.03,s,GRASP_EPP-SL,30,100,826.1493017350347,5.426799297332764,68
f,4,2,90,1.03,s,GRASP_EPP-SL,30,100,881.8721142953232,5.000601291656494,71
f,4,2,95,1.03,s,GRASP_EPP-SL,30,100,938.5615998676985,5.347875356674194,77
f,4,2,100,1.03,s,GRASP_EPP-SL,30,100,1021.6022109099792,5.555205821990967,80
f,5,0,70,1.03,s,GRASP_EPP-SL,30,100,581.9379825657146,4.412951707839966,57
f,5,0,75,1.03,s,GRASP_EPP-SL,30,100,633.3475167007641,4.412266254425049,59
f,5,0,80,1.03,s,GRASP_EPP-SL,30,100,687.7622175295209,4.084743022918701,64
f,5,0,85,1.03,s,GRASP_EPP-SL,30,100,754.755758998112,4.252221345901489,66
f,5,0,90,1.03,s,GRASP_EPP-SL,30,100,801.2924233682963,4.385925769805908,70
f,5,0,95,1.03,s,GRASP_EPP-SL,30,100,872.2172078828842,4.626386880874634,74
f,5,0,100,1.03,s,GRASP_EPP-SL,30,100,936.1104889021235,4.8842613697052,78
f,5,1,70,1.03,s,GRASP_EPP-SL,30,100,647.0460814163276,6.013346433639526,57
f,5,1,75,1.03,s,GRASP_EPP-SL,30,100,701.8111235220315,6.103788375854492,61
f,5,1,80,1.03,s,GRASP_EPP-SL,30,100,742.223399880761,6.689281225204468,63
f,5,1,85,1.03,s,GRASP_EPP-SL,30,100,810.0979991226367,6.342134237289429,68
f,5,1,90,1.03,s,GRASP_EPP-SL,30,100,862.1143963386562,6.638597011566162,70
f,5,1,95,1.03,s,GRASP_EPP-SL,30,100,926.2583301722323,6.955683469772339,75
f,5,1,100,1.03,s,GRASP_EPP-SL,30,100,993.0848658557366,6.447275400161743,79
f,5,2,70,1.03,s,GRASP_EPP-SL,30,100,626.3101137495003,6.704941511154175,55
f,5,2,75,1.03,s,GRASP_EPP-SL,30,100,680.9733171856702,6.9502997398376465,59
f,5,2,80,1.03,s,GRASP_EPP-SL,30,100,735.9765933081554,6.422554969787598,62
f,5,2,85,1.03,s,GRASP_EPP-SL,30,100,780.2187012915222,6.889896392822266,66
f,5,2,90,1.03,s,GRASP_EPP-SL,30,100,831.2283752127241,7.2032082080841064,71
f,5,2,95,1.03,s,GRASP_EPP-SL,30,100,897.0865749568209,6.266750335693359,75
f,5,2,100,1.03,s,GRASP_EPP-SL,30,100,952.8815735434929,6.205005884170532,78
i,1,0,70,1.03,s,GRASP_EPP-SL,30,100,570.3941454329159,4.499847650527954,56
i,1,0,75,1.03,s,GRASP_EPP-SL,30,100,623.491380150714,4.758390665054321,61
i,1,0,80,1.03,s,GRASP_EPP-SL,30,100,686.3648548497458,4.793980121612549,64
i,1,0,85,1.03,s,GRASP_EPP-SL,30,100,747.7339440514567,4.373802661895752,67
i,1,0,90,1.03,s,GRASP_EPP-SL,30,100,797.5341400190009,4.998186826705933,72
i,1,0,95,1.03,s,GRASP_EPP-SL,30,100,861.8855844590844,4.619887828826904,74
i,1,0,100,1.03,s,GRASP_EPP-SL,30,100,905.9352283951661,5.31467080116272,78
i,1,1,70,1.03,s,GRASP_EPP-SL,30,100,611.9869392568103,4.588289260864258,61
i,1,1,75,1.03,s,GRASP_EPP-SL,30,100,646.9713639418985,4.563070297241211,64
i,1,1,80,1.03,s,GRASP_EPP-SL,30,100,721.9338598855525,4.265591382980347,68
i,1,1,85,1.03,s,GRASP_EPP-SL,30,100,763.88737297582,4.016944885253906,72
i,1,1,90,1.03,s,GRASP_EPP-SL,30,100,876.4065326364432,4.40497899055481,77
i,1,1,95,1.03,s,GRASP_EPP-SL,30,100,898.3782845462238,4.3374950885772705,80
i,1,1,100,1.03,s,GRASP_EPP-SL,30,100,994.0278741006721,4.746242046356201,85
i,1,2,70,1.03,s,GRASP_EPP-SL,30,100,643.941453409624,3.836855411529541,58
i,1,2,75,1.03,s,GRASP_EPP-SL,30,100,703.8526782237566,3.6822328567504883,60
i,1,2,80,1.03,s,GRASP_EPP-SL,30,100,752.9267872986626,3.5876305103302,65
i,1,2,85,1.03,s,GRASP_EPP-SL,30,100,794.1170792111458,3.9950547218322754,68
i,1,2,90,1.03,s,GRASP_EPP-SL,30,100,860.5280805631483,3.8615496158599854,73
i,1,2,95,1.03,s,GRASP_EPP-SL,30,100,926.0498103818455,3.9199509620666504,76
i,1,2,100,1.03,s,GRASP_EPP-SL,30,100,983.0564336348801,4.122811317443848,80
i,2,0,70,1.03,s,GRASP_EPP-SL,30,100,606.4658672603659,4.179877519607544,53
i,2,0,75,1.03,s,GRASP_EPP-SL,30,100,666.1860630168637,4.0276734828948975,59
i,2,0,80,1.03,s,GRASP_EPP-SL,30,100,716.9693448407523,4.348761081695557,62
i,2,0,85,1.03,s,GRASP_EPP-SL,30,100,781.3570291007288,4.225298881530762,66
i,2,0,90,1.03,s,GRASP_EPP-SL,30,100,839.3810895618838,4.452717065811157,70
i,2,0,95,1.03,s,GRASP_EPP-SL,30,100,913.9714170645589,4.9639129638671875,74
i,2,0,100,1.03,s,GRASP_EPP-SL,30,100,964.4865613834852,5.070896625518799,77
i,2,1,70,1.03,s,GRASP_EPP-SL,30,100,640.8263684897956,3.6942121982574463,56
i,2,1,75,1.03,s,GRASP_EPP-SL,30,100,691.2885369395584,3.601571559906006,61
i,2,1,80,1.03,s,GRASP_EPP-SL,30,100,740.3104371100101,3.6905055046081543,64
i,2,1,85,1.03,s,GRASP_EPP-SL,30,100,782.3821446246898,4.09224271774292,67
i,2,1,90,1.03,s,GRASP_EPP-SL,30,100,854.8265747203884,3.7569191455841064,72
i,2,1,95,1.03,s,GRASP_EPP-SL,30,100,910.022984031779,4.016859292984009,76
i,2,1,100,1.03,s,GRASP_EPP-SL,30,100,961.8208850699945,5.124519109725952,79
i,2,2,70,1.03,s,GRASP_EPP-SL,30,100,630.1136032666711,3.2085866928100586,59
i,2,2,75,1.03,s,GRASP_EPP-SL,30,100,695.5880177553761,3.5648305416107178,63
i,2,2,80,1.03,s,GRASP_EPP-SL,30,100,747.6754926693178,3.548801898956299,67
i,2,2,85,1.03,s,GRASP_EPP-SL,30,100,790.2783852730438,3.7129833698272705,71
i,2,2,90,1.03,s,GRASP_EPP-SL,30,100,851.1440797683954,3.5733227729797363,74
i,2,2,95,1.03,s,GRASP_EPP-SL,30,100,900.3834768738902,3.8353769779205322,77
i,2,2,100,1.03,s,GRASP_EPP-SL,30,100,956.7691664945997,3.8840231895446777,82
i,3,0,70,1.03,s,GRASP_EPP-SL,30,100,562.7425877536277,5.08378005027771,55
i,3,0,75,1.03,s,GRASP_EPP-SL,30,100,616.615653706219,5.1026222705841064,60
i,3,0,80,1.03,s,GRASP_EPP-SL,30,100,695.403134574619,4.307883262634277,64
i,3,0,85,1.03,s,GRASP_EPP-SL,30,100,750.8728523169399,4.091501951217651,68
i,3,0,90,1.03,s,GRASP_EPP-SL,30,100,800.8602873056531,4.387280464172363,71
i,3,0,95,1.03,s,GRASP_EPP-SL,30,100,856.2762638408183,4.7004358768463135,74
i,3,0,100,1.03,s,GRASP_EPP-SL,30,100,912.7972072302535,4.825300455093384,79
i,3,1,70,1.03,s,GRASP_EPP-SL,30,100,656.7332376438455,3.340357780456543,57
i,3,1,75,1.03,s,GRASP_EPP-SL,30,100,712.0207369912025,3.4749250411987305,60
i,3,1,80,1.03,s,GRASP_EPP-SL,30,100,766.8684966295372,3.754288911819458,63
i,3,1,85,1.03,s,GRASP_EPP-SL,30,100,844.4007879784912,3.6336402893066406,67
i,3,1,90,1.03,s,GRASP_EPP-SL,30,100,872.7821226609051,3.726057767868042,72
i,3,1,95,1.03,s,GRASP_EPP-SL,30,100,964.2635337985422,3.8137712478637695,76
i,3,1,100,1.03,s,GRASP_EPP-SL,30,100,1009.6782817491865,4.257737874984741,78
i,3,2,70,1.03,s,GRASP_EPP-SL,30,100,596.0673676506589,3.3052847385406494,55
i,3,2,75,1.03,s,GRASP_EPP-SL,30,100,660.342190529555,3.4834842681884766,59
i,3,2,80,1.03,s,GRASP_EPP-SL,30,100,696.7002395399736,3.6813573837280273,63
i,3,2,85,1.03,s,GRASP_EPP-SL,30,100,747.1657456984128,3.7079930305480957,68
i,3,2,90,1.03,s,GRASP_EPP-SL,30,100,784.0696183355875,4.426044464111328,69
i,3,2,95,1.03,s,GRASP_EPP-SL,30,100,842.1564725846422,3.592348575592041,74
i,3,2,100,1.03,s,GRASP_EPP-SL,30,100,910.0274944789219,4.028418302536011,78
i,4,0,70,1.03,s,GRASP_EPP-SL,30,100,614.3999162861529,4.0716307163238525,57
i,4,0,75,1.03,s,GRASP_EPP-SL,30,100,674.5686882952451,4.532314777374268,61
i,4,0,80,1.03,s,GRASP_EPP-SL,30,100,713.4077886261015,4.227718353271484,63
i,4,0,85,1.03,s,GRASP_EPP-SL,30,100,782.6345301947339,4.106932878494263,66
i,4,0,90,1.03,s,GRASP_EPP-SL,30,100,836.5530594599542,4.2022857666015625,70
i,4,0,95,1.03,s,GRASP_EPP-SL,30,100,897.7879737744465,4.482607364654541,74
i,4,0,100,1.03,s,GRASP_EPP-SL,30,100,948.4958231492056,4.4418885707855225,78
i,4,1,70,1.03,s,GRASP_EPP-SL,30,100,643.6257801047559,3.6858184337615967,57
i,4,1,75,1.03,s,GRASP_EPP-SL,30,100,684.9475907820479,3.604318618774414,59
i,4,1,80,1.03,s,GRASP_EPP-SL,30,100,751.6637836991521,3.7710249423980713,64
i,4,1,85,1.03,s,GRASP_EPP-SL,30,100,800.5450012498451,3.65981125831604,65
i,4,1,90,1.03,s,GRASP_EPP-SL,30,100,860.029544933349,3.9120571613311768,70
i,4,1,95,1.03,s,GRASP_EPP-SL,30,100,921.463339655251,3.9347171783447266,72
i,4,1,100,1.03,s,GRASP_EPP-SL,30,100,978.9845346472401,4.598412990570068,76
i,4,2,70,1.03,s,GRASP_EPP-SL,30,100,600.8965070698129,3.784379005432129,57
i,4,2,75,1.03,s,GRASP_EPP-SL,30,100,663.4720689349217,3.963890790939331,62
i,4,2,80,1.03,s,GRASP_EPP-SL,30,100,707.4184001500593,3.8352737426757812,64
i,4,2,85,1.03,s,GRASP_EPP-SL,30,100,769.9388150450513,3.9044995307922363,67
i,4,2,90,1.03,s,GRASP_EPP-SL,30,100,818.880257185035,4.229635953903198,71
i,4,2,95,1.03,s,GRASP_EPP-SL,30,100,886.1011446308182,4.534779071807861,75
i,4,2,100,1.03,s,GRASP_EPP-SL,30,100,964.6151491494361,4.712966442108154,80
i,5,0,70,1.03,s,GRASP_EPP-SL,30,100,671.6854313120161,4.344132900238037,56
i,5,0,75,1.03,s,GRASP_EPP-SL,30,100,696.3692807011722,4.037623167037964,57
i,5,0,80,1.03,s,GRASP_EPP-SL,30,100,787.5862250615555,4.5152812004089355,61
i,5,0,85,1.03,s,GRASP_EPP-SL,30,100,830.9196679342086,4.154088258743286,66
i,5,0,90,1.03,s,GRASP_EPP-SL,30,100,903.7612194650568,4.500316858291626,70
i,5,0,95,1.03,s,GRASP_EPP-SL,30,100,949.1856142621683,4.306860685348511,73
i,5,0,100,1.03,s,GRASP_EPP-SL,30,100,1049.1031725931616,4.6067891120910645,77
i,5,1,70,1.03,s,GRASP_EPP-SL,30,100,629.7946069214324,4.5240068435668945,56
i,5,1,75,1.03,s,GRASP_EPP-SL,30,100,679.6459831480452,3.962031126022339,60
i,5,1,80,1.03,s,GRASP_EPP-SL,30,100,727.8904606126963,4.037012100219727,64
i,5,1,85,1.03,s,GRASP_EPP-SL,30,100,774.3568073669319,3.9557151794433594,66
i,5,1,90,1.03,s,GRASP_EPP-SL,30,100,836.4425306836138,4.032577991485596,69
i,5,1,95,1.03,s,GRASP_EPP-SL,30,100,892.5801704205248,4.278408765792847,74
i,5,1,100,1.03,s,GRASP_EPP-SL,30,100,968.8746143002752,3.7951815128326416,79
i,5,2,70,1.03,s,GRASP_EPP-SL,30,100,610.9311410390218,3.3448212146759033,55
i,5,2,75,1.03,s,GRASP_EPP-SL,30,100,662.3817283481656,3.509671688079834,60
i,5,2,80,1.03,s,GRASP_EPP-SL,30,100,691.4401130735553,3.3246402740478516,62
i,5,2,85,1.03,s,GRASP_EPP-SL,30,100,755.262879484504,3.9446070194244385,65
i,5,2,90,1.03,s,GRASP_EPP-SL,30,100,804.3340440292785,3.5113046169281006,71
i,5,2,95,1.03,s,GRASP_EPP-SL,30,100,886.6007692305581,3.8335342407226562,76
i,5,2,100,1.03,s,GRASP_EPP-SL,30,100,921.4607924528109,3.863938808441162,78
