f,1,0,70,0.99,s,GRASP_EPP-PSL,30,100,553.8163635,5.81566143,53
f,1,0,75,0.99,s,GRASP_EPP-PSL,30,100,607.273613,4.576711893,54
f,1,0,80,0.99,s,GRASP_EPP-PSL,30,100,659.7623271,5.285099983,60
f,1,0,85,0.99,s,GRASP_EPP-PSL,30,100,730.4133313,4.506211042,63
f,1,0,90,0.99,s,GRASP_EPP-PSL,30,100,783.5385201,4.360902786,65
f,1,0,95,0.99,s,GRASP_EPP-PSL,30,100,823.387127,4.27582407,69
f,1,0,100,0.99,s,GRASP_EPP-PSL,30,100,897.6005528,4.46630621,73
f,1,1,70,0.99,s,GRASP_EPP-PSL,30,100,581.4472829,5.81790328,56
f,1,1,75,0.99,s,GRASP_EPP-PSL,30,100,639.5923626,6.165802002,61
f,1,1,80,0.99,s,GRASP_EPP-PSL,30,100,680.0026394,6.024199247,64
f,1,1,85,0.99,s,GRASP_EPP-PSL,30,100,737.2067275,5.24532795,67
f,1,1,90,0.99,s,GRASP_EPP-PSL,30,100,791.2554984,6.062770605,71
f,1,1,95,0.99,s,GRASP_EPP-PSL,30,100,823.2917565,6.431571245,74
f,1,1,100,0.99,s,GRASP_EPP-PSL,30,100,900.504159,5.891371965,78
f,1,2,70,0.99,s,GRASP_EPP-PSL,30,100,576.2912024,6.239624739,56
f,1,2,75,0.99,s,GRASP_EPP-PSL,30,100,641.8430099,5.404022217,61
f,1,2,80,0.99,s,GRASP_EPP-PSL,30,100,667.0815632,6.200865984,65
f,1,2,85,0.99,s,GRASP_EPP-PSL,30,100,747.3542761,5.671607018,70
f,1,2,90,0.99,s,GRASP_EPP-PSL,30,100,781.0645889,5.526976824,73
f,1,2,95,0.99,s,GRASP_EPP-PSL,30,100,832.4828741,5.985882282,77
f,1,2,100,0.99,s,GRASP_EPP-PSL,30,100,888.3816584,5.547837734,79
f,2,0,70,0.99,s,GRASP_EPP-PSL,30,100,558.8403995,4.610088825,55
f,2,0,75,0.99,s,GRASP_EPP-PSL,30,100,592.8370758,4.216540337,58
f,2,0,80,0.99,s,GRASP_EPP-PSL,30,100,653.2381961,4.569177151,61
f,2,0,85,0.99,s,GRASP_EPP-PSL,30,100,708.2559013,4.737193108,66
f,2,0,90,0.99,s,GRASP_EPP-PSL,30,100,748.2657036,4.774060249,68
f,2,0,95,0.99,s,GRASP_EPP-PSL,30,100,819.3098383,4.531290293,73
f,2,0,100,0.99,s,GRASP_EPP-PSL,30,100,880.22075,4.399976254,76
f,2,2,70,0.99,s,GRASP_EPP-PSL,30,100,590.0843112,5.00033474,56
f,2,2,75,0.99,s,GRASP_EPP-PSL,30,100,623.8621273,5.233837605,60
f,2,2,80,0.99,s,GRASP_EPP-PSL,30,100,690.0672172,5.364993334,64
f,2,2,85,0.99,s,GRASP_EPP-PSL,30,100,715.7444434,4.82421422,67
f,2,2,90,0.99,s,GRASP_EPP-PSL,30,100,773.9578867,5.41000247,71
f,2,2,95,0.99,s,GRASP_EPP-PSL,30,100,817.2770801,5.351548672,74
f,2,2,100,0.99,s,GRASP_EPP-PSL,30,100,883.9454585,5.585838318,79
f,3,0,70,0.99,s,GRASP_EPP-PSL,30,100,580.2554731,4.107908964,55
f,3,0,75,0.99,s,GRASP_EPP-PSL,30,100,634.1356928,4.027233124,57
f,3,0,80,0.99,s,GRASP_EPP-PSL,30,100,688.3707625,5.200066566,63
f,3,0,85,0.99,s,GRASP_EPP-PSL,30,100,738.7200786,4.454948664,65
f,3,0,90,0.99,s,GRASP_EPP-PSL,30,100,788.6222255,4.522215366,70
f,3,0,95,0.99,s,GRASP_EPP-PSL,30,100,846.8287673,4.325395823,74
f,3,0,100,0.99,s,GRASP_EPP-PSL,30,100,911.6243054,4.319590569,77
f,3,1,70,0.99,s,GRASP_EPP-PSL,30,100,559.9706814,6.132392883,57
f,3,1,75,0.99,s,GRASP_EPP-PSL,30,100,605.4773089,6.028550148,62
f,3,1,80,0.99,s,GRASP_EPP-PSL,30,100,671.039076,6.394145489,64
f,3,1,85,0.99,s,GRASP_EPP-PSL,30,100,717.4667845,6.395236254,69
f,3,1,90,0.99,s,GRASP_EPP-PSL,30,100,767.0483116,5.824650288,73
f,3,1,95,0.99,s,GRASP_EPP-PSL,30,100,832.0377074,5.839586496,78
f,3,1,100,0.99,s,GRASP_EPP-PSL,30,100,866.6898312,6.261905432,79
f,3,2,70,0.99,s,GRASP_EPP-PSL,30,100,529.1349866,6.406081676,60
f,3,2,75,0.99,s,GRASP_EPP-PSL,30,100,587.1383363,5.568480492,63
f,3,2,80,0.99,s,GRASP_EPP-PSL,30,100,625.744921,5.007355928,67
f,3,2,85,0.99,s,GRASP_EPP-PSL,30,100,678.4321901,5.316464186,70
f,3,2,90,0.99,s,GRASP_EPP-PSL,30,100,715.6196401,5.544754744,74
f,3,2,95,0.99,s,GRASP_EPP-PSL,30,100,775.4858155,6.27643013,78
f,3,2,100,0.99,s,GRASP_EPP-PSL,30,100,831.9266984,5.556916237,83
f,4,0,70,0.99,s,GRASP_EPP-PSL,30,100,555.4745312,3.979493618,59
f,4,0,75,0.99,s,GRASP_EPP-PSL,30,100,619.3460573,4.585516691,61
f,4,0,80,0.99,s,GRASP_EPP-PSL,30,100,640.0561968,4.520961761,64
f,4,0,85,0.99,s,GRASP_EPP-PSL,30,100,720.658982,4.150050879,66
f,4,0,90,0.99,s,GRASP_EPP-PSL,30,100,762.5385874,4.317245245,72
f,4,0,95,0.99,s,GRASP_EPP-PSL,30,100,837.6032567,4.548049212,75
f,4,0,100,0.99,s,GRASP_EPP-PSL,30,100,879.0347557,5.383404016,80
f,4,1,70,0.99,s,GRASP_EPP-PSL,30,100,618.5269346,6.984357357,57
f,4,1,75,0.99,s,GRASP_EPP-PSL,30,100,664.3070695,6.726905584,60
f,4,1,80,0.99,s,GRASP_EPP-PSL,30,100,709.7940286,6.411057949,64
f,4,1,85,0.99,s,GRASP_EPP-PSL,30,100,775.9588135,5.98555994,68
f,4,1,90,0.99,s,GRASP_EPP-PSL,30,100,815.4561959,5.921774626,71
f,4,1,95,0.99,s,GRASP_EPP-PSL,30,100,865.2522177,5.982301474,74
f,4,1,100,0.99,s,GRASP_EPP-PSL,30,100,923.6663736,5.782148361,77
f,4,2,70,0.99,s,GRASP_EPP-PSL,30,100,610.8002415,4.892654419,57
f,4,2,75,0.99,s,GRASP_EPP-PSL,30,100,641.1645412,4.646191359,59
f,4,2,80,0.99,s,GRASP_EPP-PSL,30,100,689.6346687,4.955427408,64
f,4,2,85,0.99,s,GRASP_EPP-PSL,30,100,749.8615197,5.542962551,67
f,4,2,90,0.99,s,GRASP_EPP-PSL,30,100,801.4891161,5.653217793,73
f,4,2,95,0.99,s,GRASP_EPP-PSL,30,100,835.0126237,5.164317608,74
f,4,2,100,0.99,s,GRASP_EPP-PSL,30,100,923.5790188,5.347876549,81
f,5,0,70,0.99,s,GRASP_EPP-PSL,30,100,527.842191,4.056268215,55
f,5,0,75,0.99,s,GRASP_EPP-PSL,30,100,570.6884241,4.303990364,59
f,5,0,80,0.99,s,GRASP_EPP-PSL,30,100,635.8115043,4.286355019,64
f,5,0,85,0.99,s,GRASP_EPP-PSL,30,100,680.9246711,4.248564482,67
f,5,0,90,0.99,s,GRASP_EPP-PSL,30,100,746.0122315,4.434506893,72
f,5,0,95,0.99,s,GRASP_EPP-PSL,30,100,775.4196674,4.639789104,73
f,5,0,100,0.99,s,GRASP_EPP-PSL,30,100,861.2377591,4.665945768,78
f,5,1,70,0.99,s,GRASP_EPP-PSL,30,100,569.8359124,6.449931622,57
f,5,1,75,0.99,s,GRASP_EPP-PSL,30,100,614.1524611,6.208521128,60
f,5,1,80,0.99,s,GRASP_EPP-PSL,30,100,669.6478884,6.727070093,65
f,5,1,85,0.99,s,GRASP_EPP-PSL,30,100,712.6726661,5.834628344,68
f,5,1,90,0.99,s,GRASP_EPP-PSL,30,100,771.7031381,7.474597454,70
f,5,1,95,0.99,s,GRASP_EPP-PSL,30,100,847.7645813,7.37557292,77
f,5,1,100,0.99,s,GRASP_EPP-PSL,30,100,889.4617091,9.089350462,78
f,5,2,70,0.99,s,GRASP_EPP-PSL,30,100,561.3585655,6.135868549,56
f,5,2,75,0.99,s,GRASP_EPP-PSL,30,100,606.9243017,6.950262785,59
f,5,2,80,0.99,s,GRASP_EPP-PSL,30,100,653.7267597,7.868408918,63
f,5,2,85,0.99,s,GRASP_EPP-PSL,30,100,690.9985086,8.108262777,65
f,5,2,90,0.99,s,GRASP_EPP-PSL,30,100,752.2867411,7.037116051,70
f,5,2,95,0.99,s,GRASP_EPP-PSL,30,100,805.8474566,7.364756346,75
f,5,2,100,0.99,s,GRASP_EPP-PSL,30,100,858.6413735,9.235294342,79
i,1,0,70,0.99,s,GRASP_EPP-PSL,30,100,504.0644267,5.142186165,56
i,1,0,75,0.99,s,GRASP_EPP-PSL,30,100,564.841171,5.084520578,60
i,1,0,80,0.99,s,GRASP_EPP-PSL,30,100,612.98267,4.686944008,63
i,1,0,85,0.99,s,GRASP_EPP-PSL,30,100,663.792243,4.90260458,67
i,1,0,90,0.99,s,GRASP_EPP-PSL,30,100,708.0136805,5.066484928,72
i,1,0,95,0.99,s,GRASP_EPP-PSL,30,100,773.1146465,6.845767975,75
i,1,0,100,0.99,s,GRASP_EPP-PSL,30,100,812.3400826,6.889743567,78
i,1,1,70,0.99,s,GRASP_EPP-PSL,30,100,536.5178255,5.443092585,60
i,1,1,75,0.99,s,GRASP_EPP-PSL,30,100,587.3964135,5.915836573,65
i,1,1,80,0.99,s,GRASP_EPP-PSL,30,100,642.6244572,4.671236753,69
i,1,1,85,0.99,s,GRASP_EPP-PSL,30,100,695.2248987,5.57979393,72
i,1,1,90,0.99,s,GRASP_EPP-PSL,30,100,772.2210147,5.800949335,77
i,1,1,95,0.99,s,GRASP_EPP-PSL,30,100,806.0484215,5.522850752,80
i,1,1,100,0.99,s,GRASP_EPP-PSL,30,100,886.2698367,5.640767097,85
i,1,2,70,0.99,s,GRASP_EPP-PSL,30,100,586.7560869,4.53467536,58
i,1,2,75,0.99,s,GRASP_EPP-PSL,30,100,634.8994982,4.422201633,62
i,1,2,80,0.99,s,GRASP_EPP-PSL,30,100,680.1773864,4.558574915,65
i,1,2,85,0.99,s,GRASP_EPP-PSL,30,100,710.0127481,5.147166967,68
i,1,2,90,0.99,s,GRASP_EPP-PSL,30,100,768.4416116,4.814256191,72
i,1,2,95,0.99,s,GRASP_EPP-PSL,30,100,830.7719037,4.952947855,75
i,1,2,100,0.99,s,GRASP_EPP-PSL,30,100,887.1295324,4.837990284,80
i,2,0,70,0.99,s,GRASP_EPP-PSL,30,100,530.8522412,6.002015352,54
i,2,0,75,0.99,s,GRASP_EPP-PSL,30,100,609.7820633,4.967848063,58
i,2,0,80,0.99,s,GRASP_EPP-PSL,30,100,643.6400477,5.346007824,61
i,2,0,85,0.99,s,GRASP_EPP-PSL,30,100,711.9480351,4.617399931,65
i,2,0,90,0.99,s,GRASP_EPP-PSL,30,100,769.3438301,5.098668098,69
i,2,0,95,0.99,s,GRASP_EPP-PSL,30,100,832.6510392,6.390016079,74
i,2,0,100,0.99,s,GRASP_EPP-PSL,30,100,885.8152666,5.765031815,78
i,2,1,70,0.99,s,GRASP_EPP-PSL,30,100,558.1694174,5.53492403,57
i,2,1,75,0.99,s,GRASP_EPP-PSL,30,100,598.4576447,4.400476217,61
i,2,1,80,0.99,s,GRASP_EPP-PSL,30,100,663.9006135,4.923504829,64
i,2,1,85,0.99,s,GRASP_EPP-PSL,30,100,715.3723285,5.688774109,68
i,2,1,90,0.99,s,GRASP_EPP-PSL,30,100,750.6307981,4.771631956,70
i,2,1,95,0.99,s,GRASP_EPP-PSL,30,100,804.509103,7.572844982,76
i,2,1,100,0.99,s,GRASP_EPP-PSL,30,100,872.2434669,6.77792263,79
i,2,2,70,0.99,s,GRASP_EPP-PSL,30,100,564.9848669,5.124957323,61
i,2,2,75,0.99,s,GRASP_EPP-PSL,30,100,613.0302918,6.172346115,64
i,2,2,80,0.99,s,GRASP_EPP-PSL,30,100,663.1714461,4.310379982,67
i,2,2,85,0.99,s,GRASP_EPP-PSL,30,100,713.5433808,4.367935419,73
i,2,2,90,0.99,s,GRASP_EPP-PSL,30,100,761.3935988,4.013004303,75
i,2,2,95,0.99,s,GRASP_EPP-PSL,30,100,809.5403644,4.701928616,79
i,2,2,100,0.99,s,GRASP_EPP-PSL,30,100,842.9643066,4.424628496,82
i,3,0,70,0.99,s,GRASP_EPP-PSL,30,100,515.6852553,5.393970966,57
i,3,0,75,0.99,s,GRASP_EPP-PSL,30,100,564.5442788,5.059877396,60
i,3,0,80,0.99,s,GRASP_EPP-PSL,30,100,605.0757328,5.482005358,64
i,3,0,85,0.99,s,GRASP_EPP-PSL,30,100,672.8135763,4.847320318,68
i,3,0,90,0.99,s,GRASP_EPP-PSL,30,100,718.0612212,6.4548738,71
i,3,0,95,0.99,s,GRASP_EPP-PSL,30,100,776.2733782,5.573256254,76
i,3,0,100,0.99,s,GRASP_EPP-PSL,30,100,829.5146819,6.617774725,79
i,3,1,70,0.99,s,GRASP_EPP-PSL,30,100,581.4463318,4.910177469,55
i,3,1,75,0.99,s,GRASP_EPP-PSL,30,100,639.8973449,4.393758535,61
i,3,1,80,0.99,s,GRASP_EPP-PSL,30,100,693.9074883,4.250198841,64
i,3,1,85,0.99,s,GRASP_EPP-PSL,30,100,747.4303581,4.62863946,69
i,3,1,90,0.99,s,GRASP_EPP-PSL,30,100,796.4263736,4.65064621,70
i,3,1,95,0.99,s,GRASP_EPP-PSL,30,100,856.9333746,4.158416748,76
i,3,1,100,0.99,s,GRASP_EPP-PSL,30,100,879.1406735,4.473846912,77
i,3,2,70,0.99,s,GRASP_EPP-PSL,30,100,526.6287103,4.173974276,55
i,3,2,75,0.99,s,GRASP_EPP-PSL,30,100,585.559935,3.763877869,59
i,3,2,80,0.99,s,GRASP_EPP-PSL,30,100,615.2180992,3.664010525,61
i,3,2,85,0.99,s,GRASP_EPP-PSL,30,100,674.4507804,4.242281675,66
i,3,2,90,0.99,s,GRASP_EPP-PSL,30,100,721.9340228,4.558712006,69
i,3,2,95,0.99,s,GRASP_EPP-PSL,30,100,763.5786035,4.036987066,73
i,3,2,100,0.99,s,GRASP_EPP-PSL,30,100,832.8940072,4.419010401,77
i,4,0,70,0.99,s,GRASP_EPP-PSL,30,100,551.090841,5.022364855,56
i,4,0,75,0.99,s,GRASP_EPP-PSL,30,100,611.2593233,4.791229725,60
i,4,0,80,0.99,s,GRASP_EPP-PSL,30,100,645.328257,4.552123785,63
i,4,0,85,0.99,s,GRASP_EPP-PSL,30,100,712.4436212,4.913642883,68
i,4,0,90,0.99,s,GRASP_EPP-PSL,30,100,756.4341855,4.889010429,72
i,4,0,95,0.99,s,GRASP_EPP-PSL,30,100,813.9580197,4.891008377,75
i,4,0,100,0.99,s,GRASP_EPP-PSL,30,100,865.9209237,4.844349623,78
i,4,1,70,0.99,s,GRASP_EPP-PSL,30,100,565.7653106,4.943653584,55
i,4,1,75,0.99,s,GRASP_EPP-PSL,30,100,633.7249976,4.08850646,58
i,4,1,80,0.99,s,GRASP_EPP-PSL,30,100,675.3955167,4.232915401,62
i,4,1,85,0.99,s,GRASP_EPP-PSL,30,100,710.8111595,3.974161625,66
i,4,1,90,0.99,s,GRASP_EPP-PSL,30,100,780.9028973,4.766829014,70
i,4,1,95,0.99,s,GRASP_EPP-PSL,30,100,825.4091721,4.479064703,73
i,4,1,100,0.99,s,GRASP_EPP-PSL,30,100,894.7786286,4.18919158,77
i,4,2,70,0.99,s,GRASP_EPP-PSL,30,100,532.550005,3.923244715,57
i,4,2,75,0.99,s,GRASP_EPP-PSL,30,100,597.7812794,3.876979113,60
i,4,2,80,0.99,s,GRASP_EPP-PSL,30,100,636.33193,4.475056648,64
i,4,2,85,0.99,s,GRASP_EPP-PSL,30,100,672.188988,4.15397048,68
i,4,2,90,0.99,s,GRASP_EPP-PSL,30,100,740.0098955,4.100108147,73
i,4,2,95,0.99,s,GRASP_EPP-PSL,30,100,805.0769884,4.604763269,76
i,4,2,100,0.99,s,GRASP_EPP-PSL,30,100,863.4489453,4.73900485,80
i,5,0,70,0.99,s,GRASP_EPP-PSL,30,100,581.3567528,5.111923933,57
i,5,0,75,0.99,s,GRASP_EPP-PSL,30,100,635.1502015,4.961739302,58
i,5,0,80,0.99,s,GRASP_EPP-PSL,30,100,695.396957,4.268585682,63
i,5,0,85,0.99,s,GRASP_EPP-PSL,30,100,735.4212227,4.825937271,65
i,5,0,90,0.99,s,GRASP_EPP-PSL,30,100,824.9478718,5.105346441,71
i,5,0,95,0.99,s,GRASP_EPP-PSL,30,100,861.0981665,5.697942495,73
i,5,0,100,0.99,s,GRASP_EPP-PSL,30,100,952.8547108,5.554132462,78
i,5,1,70,0.99,s,GRASP_EPP-PSL,30,100,557.1285195,4.165543079,57
i,5,1,75,0.99,s,GRASP_EPP-PSL,30,100,603.2674389,4.435456753,60
i,5,1,80,0.99,s,GRASP_EPP-PSL,30,100,663.7436165,4.976874352,64
i,5,1,85,0.99,s,GRASP_EPP-PSL,30,100,705.4448875,4.129715443,67
i,5,1,90,0.99,s,GRASP_EPP-PSL,30,100,766.8217338,5.620989561,70
i,5,1,95,0.99,s,GRASP_EPP-PSL,30,100,806.1563147,4.510959864,74
i,5,1,100,0.99,s,GRASP_EPP-PSL,30,100,881.1921889,5.057348728,80
i,5,2,70,0.99,s,GRASP_EPP-PSL,30,100,536.1891963,3.78780055,56
i,5,2,75,0.99,s,GRASP_EPP-PSL,30,100,585.4800326,3.572489738,60
i,5,2,80,0.99,s,GRASP_EPP-PSL,30,100,634.4543596,3.797529221,64
i,5,2,85,0.99,s,GRASP_EPP-PSL,30,100,694.1726188,4.913434982,66
i,5,2,90,0.99,s,GRASP_EPP-PSL,30,100,709.7542245,5.00609374,69
i,5,2,95,0.99,s,GRASP_EPP-PSL,30,100,794.960692,6.295648098,74
i,5,2,100,0.99,s,GRASP_EPP-PSL,30,100,828.1951211,4.457823753,76
f,1,0,70,0.95,s,GRASP_EPP-PSL,30,100,463.5205906,6.418871641,52
f,1,0,75,0.95,s,GRASP_EPP-PSL,30,100,514.6591064,4.719485521,57
f,1,0,80,0.95,s,GRASP_EPP-PSL,30,100,551.2752456,4.784196377,59
f,1,0,85,0.95,s,GRASP_EPP-PSL,30,100,597.0724714,4.906641483,62
f,1,0,90,0.95,s,GRASP_EPP-PSL,30,100,635.2580203,4.71732235,66
f,1,0,95,0.95,s,GRASP_EPP-PSL,30,100,674.4276096,4.673695803,68
f,1,0,100,0.95,s,GRASP_EPP-PSL,30,100,726.5979727,4.867284298,75
f,1,1,70,0.95,s,GRASP_EPP-PSL,30,100,477.7684356,7.063373327,55
f,1,1,75,0.95,s,GRASP_EPP-PSL,30,100,528.8084245,7.71224165,61
f,1,1,80,0.95,s,GRASP_EPP-PSL,30,100,555.2327906,8.053066969,64
f,1,1,85,0.95,s,GRASP_EPP-PSL,30,100,605.9494027,6.55120945,66
f,1,1,90,0.95,s,GRASP_EPP-PSL,30,100,645.3649277,7.250800133,71
f,1,1,95,0.95,s,GRASP_EPP-PSL,30,100,673.1489156,7.54985714,74
f,1,1,100,0.95,s,GRASP_EPP-PSL,30,100,737.1870058,7.206259727,78
f,1,2,70,0.95,s,GRASP_EPP-PSL,30,100,480.8426769,7.228982687,57
f,1,2,75,0.95,s,GRASP_EPP-PSL,30,100,543.234398,7.087545395,62
f,1,2,80,0.95,s,GRASP_EPP-PSL,30,100,544.3282338,7.039595604,65
f,1,2,85,0.95,s,GRASP_EPP-PSL,30,100,603.1400653,6.320989609,69
f,1,2,90,0.95,s,GRASP_EPP-PSL,30,100,627.8006349,6.671347618,74
f,1,2,95,0.95,s,GRASP_EPP-PSL,30,100,675.9561734,7.093657732,77
f,1,2,100,0.95,s,GRASP_EPP-PSL,30,100,722.6560762,6.190503836,81
f,2,0,70,0.95,s,GRASP_EPP-PSL,30,100,461.0500032,4.941814423,54
f,2,0,75,0.95,s,GRASP_EPP-PSL,30,100,495.9095643,4.81634593,58
f,2,0,80,0.95,s,GRASP_EPP-PSL,30,100,539.3474174,5.002450705,62
f,2,0,85,0.95,s,GRASP_EPP-PSL,30,100,568.3708598,5.563668251,65
f,2,0,90,0.95,s,GRASP_EPP-PSL,30,100,609.834982,6.16412735,67
f,2,0,95,0.95,s,GRASP_EPP-PSL,30,100,660.4938797,5.359878302,73
f,2,0,100,0.95,s,GRASP_EPP-PSL,30,100,711.0443788,5.669878006,76
f,2,2,70,0.95,s,GRASP_EPP-PSL,30,100,494.5867145,5.963172436,57
f,2,2,75,0.95,s,GRASP_EPP-PSL,30,100,516.7293896,6.519330502,60
f,2,2,80,0.95,s,GRASP_EPP-PSL,30,100,562.6632988,6.972757578,63
f,2,2,85,0.95,s,GRASP_EPP-PSL,30,100,590.1012391,6.332421303,65
f,2,2,90,0.95,s,GRASP_EPP-PSL,30,100,638.8499991,7.429670334,72
f,2,2,95,0.95,s,GRASP_EPP-PSL,30,100,676.3351527,5.902288198,75
f,2,2,100,0.95,s,GRASP_EPP-PSL,30,100,717.4040149,6.488709211,79
f,3,0,70,0.95,s,GRASP_EPP-PSL,30,100,471.7660229,4.504027605,56
f,3,0,75,0.95,s,GRASP_EPP-PSL,30,100,509.0477268,4.605015993,57
f,3,0,80,0.95,s,GRASP_EPP-PSL,30,100,559.9400408,5.050302505,62
f,3,0,85,0.95,s,GRASP_EPP-PSL,30,100,599.492896,7.820766449,65
f,3,0,90,0.95,s,GRASP_EPP-PSL,30,100,643.1198638,5.106434822,70
f,3,0,95,0.95,s,GRASP_EPP-PSL,30,100,689.2724113,4.390644073,72
f,3,0,100,0.95,s,GRASP_EPP-PSL,30,100,740.0227168,5.013209343,78
f,3,1,70,0.95,s,GRASP_EPP-PSL,30,100,465.4456372,8.168806314,57
f,3,1,75,0.95,s,GRASP_EPP-PSL,30,100,508.4199547,6.864360809,63
f,3,1,80,0.95,s,GRASP_EPP-PSL,30,100,542.0270875,6.003759146,65
f,3,1,85,0.95,s,GRASP_EPP-PSL,30,100,583.9474196,6.629588366,69
f,3,1,90,0.95,s,GRASP_EPP-PSL,30,100,629.9612349,6.56337285,72
f,3,1,95,0.95,s,GRASP_EPP-PSL,30,100,676.156241,6.181309462,77
f,3,1,100,0.95,s,GRASP_EPP-PSL,30,100,710.7958836,7.139739752,80
f,3,2,70,0.95,s,GRASP_EPP-PSL,30,100,447.2741057,6.220158815,61
f,3,2,75,0.95,s,GRASP_EPP-PSL,30,100,484.0217854,6.930564404,61
f,3,2,80,0.95,s,GRASP_EPP-PSL,30,100,519.7374104,6.239546061,67
f,3,2,85,0.95,s,GRASP_EPP-PSL,30,100,565.2309692,6.288518667,71
f,3,2,90,0.95,s,GRASP_EPP-PSL,30,100,587.9168444,5.770029545,75
f,3,2,95,0.95,s,GRASP_EPP-PSL,30,100,623.5076245,7.813997269,78
f,3,2,100,0.95,s,GRASP_EPP-PSL,30,100,678.0633832,6.211653233,83
f,4,0,70,0.95,s,GRASP_EPP-PSL,30,100,447.3664928,5.455689192,56
f,4,0,75,0.95,s,GRASP_EPP-PSL,30,100,504.959478,4.692358971,62
f,4,0,80,0.95,s,GRASP_EPP-PSL,30,100,537.6987514,4.1865592,65
f,4,0,85,0.95,s,GRASP_EPP-PSL,30,100,584.5729415,4.591300726,69
f,4,0,90,0.95,s,GRASP_EPP-PSL,30,100,609.4869351,6.595299482,72
f,4,0,95,0.95,s,GRASP_EPP-PSL,30,100,674.1374711,5.409413338,75
f,4,0,100,0.95,s,GRASP_EPP-PSL,30,100,706.7943029,5.920191288,80
f,4,1,70,0.95,s,GRASP_EPP-PSL,30,100,512.314687,9.112090826,56
f,4,1,75,0.95,s,GRASP_EPP-PSL,30,100,552.8253881,6.780316353,61
f,4,1,80,0.95,s,GRASP_EPP-PSL,30,100,584.6689189,6.180630684,64
f,4,1,85,0.95,s,GRASP_EPP-PSL,30,100,632.7828119,6.613497496,69
f,4,1,90,0.95,s,GRASP_EPP-PSL,30,100,667.9463078,6.610059023,71
f,4,1,95,0.95,s,GRASP_EPP-PSL,30,100,707.3746551,7.268395662,74
f,4,1,100,0.95,s,GRASP_EPP-PSL,30,100,750.9725198,6.796395302,78
f,4,2,70,0.95,s,GRASP_EPP-PSL,30,100,500.6311679,4.927977562,56
f,4,2,75,0.95,s,GRASP_EPP-PSL,30,100,523.2011116,5.206022739,60
f,4,2,80,0.95,s,GRASP_EPP-PSL,30,100,572.2676057,5.737109661,63
f,4,2,85,0.95,s,GRASP_EPP-PSL,30,100,607.5220775,6.55578804,67
f,4,2,90,0.95,s,GRASP_EPP-PSL,30,100,648.6711773,5.53011775,72
f,4,2,95,0.95,s,GRASP_EPP-PSL,30,100,690.5109349,5.328768492,75
f,4,2,100,0.95,s,GRASP_EPP-PSL,30,100,744.83362,5.86337471,80
f,5,0,70,0.95,s,GRASP_EPP-PSL,30,100,432.2381034,4.478397369,57
f,5,0,75,0.95,s,GRASP_EPP-PSL,30,100,477.041103,4.64437294,60
f,5,0,80,0.95,s,GRASP_EPP-PSL,30,100,506.8341777,4.375009298,64
f,5,0,85,0.95,s,GRASP_EPP-PSL,30,100,558.8180858,5.021517038,66
f,5,0,90,0.95,s,GRASP_EPP-PSL,30,100,593.2701234,4.906228304,71
f,5,0,95,0.95,s,GRASP_EPP-PSL,30,100,621.898709,4.990514994,73
f,5,0,100,0.95,s,GRASP_EPP-PSL,30,100,688.5324936,5.354431391,78
f,5,1,70,0.95,s,GRASP_EPP-PSL,30,100,479.4928989,7.432650805,57
f,5,1,75,0.95,s,GRASP_EPP-PSL,30,100,512.2090092,6.502193213,60
f,5,1,80,0.95,s,GRASP_EPP-PSL,30,100,548.2705897,5.542138338,63
f,5,1,85,0.95,s,GRASP_EPP-PSL,30,100,579.9711898,7.357676268,67
f,5,1,90,0.95,s,GRASP_EPP-PSL,30,100,634.3686397,6.574471712,71
f,5,1,95,0.95,s,GRASP_EPP-PSL,30,100,686.0016879,6.393124342,77
f,5,1,100,0.95,s,GRASP_EPP-PSL,30,100,728.8789764,6.961333513,79
f,5,2,70,0.95,s,GRASP_EPP-PSL,30,100,462.8515582,7.402548313,56
f,5,2,75,0.95,s,GRASP_EPP-PSL,30,100,514.4016999,6.557130814,59
f,5,2,80,0.95,s,GRASP_EPP-PSL,30,100,545.6091913,8.897809744,65
f,5,2,85,0.95,s,GRASP_EPP-PSL,30,100,575.2697829,6.246443033,67
f,5,2,90,0.95,s,GRASP_EPP-PSL,30,100,615.0850196,7.926880121,72
f,5,2,95,0.95,s,GRASP_EPP-PSL,30,100,660.4629902,6.343200684,74
f,5,2,100,0.95,s,GRASP_EPP-PSL,30,100,695.3126707,7.533967257,79
i,1,0,70,0.95,s,GRASP_EPP-PSL,30,100,428.532758,6.116853952,56
i,1,0,75,0.95,s,GRASP_EPP-PSL,30,100,471.6662207,5.68883276,60
i,1,0,80,0.95,s,GRASP_EPP-PSL,30,100,503.7697727,4.700657845,64
i,1,0,85,0.95,s,GRASP_EPP-PSL,30,100,544.0452637,4.293558359,67
i,1,0,90,0.95,s,GRASP_EPP-PSL,30,100,582.6816733,4.561233997,72
i,1,0,95,0.95,s,GRASP_EPP-PSL,30,100,620.725407,4.509492159,74
i,1,0,100,0.95,s,GRASP_EPP-PSL,30,100,659.9202845,4.688032866,78
i,1,1,70,0.95,s,GRASP_EPP-PSL,30,100,459.1699992,3.760001421,61
i,1,1,75,0.95,s,GRASP_EPP-PSL,30,100,480.0183969,3.49292016,64
i,1,1,80,0.95,s,GRASP_EPP-PSL,30,100,532.6163862,4.681308746,69
i,1,1,85,0.95,s,GRASP_EPP-PSL,30,100,564.9075198,4.304871559,72
i,1,1,90,0.95,s,GRASP_EPP-PSL,30,100,624.6217138,4.213086605,77
i,1,1,95,0.95,s,GRASP_EPP-PSL,30,100,660.0249883,4.060422421,80
i,1,1,100,0.95,s,GRASP_EPP-PSL,30,100,720.8435126,4.424420118,85
i,1,2,70,0.95,s,GRASP_EPP-PSL,30,100,474.0751895,3.928929806,57
i,1,2,75,0.95,s,GRASP_EPP-PSL,30,100,509.0210042,3.572727919,60
i,1,2,80,0.95,s,GRASP_EPP-PSL,30,100,549.5336506,3.696249962,65
i,1,2,85,0.95,s,GRASP_EPP-PSL,30,100,597.2439102,4.40383935,70
i,1,2,90,0.95,s,GRASP_EPP-PSL,30,100,638.7610012,4.01519084,72
i,1,2,95,0.95,s,GRASP_EPP-PSL,30,100,660.3749937,4.102594376,76
i,1,2,100,0.95,s,GRASP_EPP-PSL,30,100,712.746776,4.47939992,80
i,2,0,70,0.95,s,GRASP_EPP-PSL,30,100,444.9749973,4.112487078,55
i,2,0,75,0.95,s,GRASP_EPP-PSL,30,100,485.1826209,4.374489784,59
i,2,0,80,0.95,s,GRASP_EPP-PSL,30,100,519.5341286,4.263865948,62
i,2,0,85,0.95,s,GRASP_EPP-PSL,30,100,581.184782,5.046073437,67
i,2,0,90,0.95,s,GRASP_EPP-PSL,30,100,623.3606604,5.631588697,70
i,2,0,95,0.95,s,GRASP_EPP-PSL,30,100,664.27242,4.905587196,74
i,2,0,100,0.95,s,GRASP_EPP-PSL,30,100,701.0500885,4.600557566,76
i,2,1,70,0.95,s,GRASP_EPP-PSL,30,100,469.0805084,3.491040945,57
i,2,1,75,0.95,s,GRASP_EPP-PSL,30,100,501.150826,3.886663437,60
i,2,1,80,0.95,s,GRASP_EPP-PSL,30,100,548.7924905,4.184693575,64
i,2,1,85,0.95,s,GRASP_EPP-PSL,30,100,579.2341831,4.208610773,66
i,2,1,90,0.95,s,GRASP_EPP-PSL,30,100,626.6435219,4.331574917,71
i,2,1,95,0.95,s,GRASP_EPP-PSL,30,100,664.3181555,4.940959692,76
i,2,1,100,0.95,s,GRASP_EPP-PSL,30,100,705.557325,5.317126513,79
i,2,2,70,0.95,s,GRASP_EPP-PSL,30,100,455.544236,4.128826618,59
i,2,2,75,0.95,s,GRASP_EPP-PSL,30,100,493.9533954,3.878421068,64
i,2,2,80,0.95,s,GRASP_EPP-PSL,30,100,545.8733488,3.515724182,67
i,2,2,85,0.95,s,GRASP_EPP-PSL,30,100,566.9594299,3.866291285,71
i,2,2,90,0.95,s,GRASP_EPP-PSL,30,100,618.0860283,4.374999762,74
i,2,2,95,0.95,s,GRASP_EPP-PSL,30,100,654.3542578,6.488753557,77
i,2,2,100,0.95,s,GRASP_EPP-PSL,30,100,698.4517671,6.081309557,82
i,3,0,70,0.95,s,GRASP_EPP-PSL,30,100,413.6912559,5.003040075,55
i,3,0,75,0.95,s,GRASP_EPP-PSL,30,100,465.9653777,5.962411165,60
i,3,0,80,0.95,s,GRASP_EPP-PSL,30,100,505.8180972,5.049033165,64
i,3,0,85,0.95,s,GRASP_EPP-PSL,30,100,545.2648104,5.130542517,68
i,3,0,90,0.95,s,GRASP_EPP-PSL,30,100,583.341108,4.772965193,71
i,3,0,95,0.95,s,GRASP_EPP-PSL,30,100,626.2062203,4.715918779,75
i,3,0,100,0.95,s,GRASP_EPP-PSL,30,100,669.2568582,5.065027952,79
i,3,1,70,0.95,s,GRASP_EPP-PSL,30,100,483.2515117,4.558562517,56
i,3,1,75,0.95,s,GRASP_EPP-PSL,30,100,531.8604609,4.516418934,61
i,3,1,80,0.95,s,GRASP_EPP-PSL,30,100,558.01845,4.590445757,63
i,3,1,85,0.95,s,GRASP_EPP-PSL,30,100,617.8273314,4.741230011,69
i,3,1,90,0.95,s,GRASP_EPP-PSL,30,100,644.689939,4.771326303,71
i,3,1,95,0.95,s,GRASP_EPP-PSL,30,100,701.6607115,4.08727622,76
i,3,1,100,0.95,s,GRASP_EPP-PSL,30,100,728.9470197,4.840776443,77
i,3,2,70,0.95,s,GRASP_EPP-PSL,30,100,436.9505443,3.747129679,55
i,3,2,75,0.95,s,GRASP_EPP-PSL,30,100,490.6784682,3.713920355,58
i,3,2,80,0.95,s,GRASP_EPP-PSL,30,100,504.4896388,3.906852484,63
i,3,2,85,0.95,s,GRASP_EPP-PSL,30,100,550.9869743,3.660051584,66
i,3,2,90,0.95,s,GRASP_EPP-PSL,30,100,582.580002,4.028133631,70
i,3,2,95,0.95,s,GRASP_EPP-PSL,30,100,625.9504547,3.892243385,74
i,3,2,100,0.95,s,GRASP_EPP-PSL,30,100,666.4599836,5.143565893,77
i,4,0,70,0.95,s,GRASP_EPP-PSL,30,100,460.6819829,4.422446012,58
i,4,0,75,0.95,s,GRASP_EPP-PSL,30,100,501.9161704,4.315089464,61
i,4,0,80,0.95,s,GRASP_EPP-PSL,30,100,524.2761227,4.682366848,63
i,4,0,85,0.95,s,GRASP_EPP-PSL,30,100,580.0929833,4.667827606,68
i,4,0,90,0.95,s,GRASP_EPP-PSL,30,100,600.9338536,5.96024251,70
i,4,0,95,0.95,s,GRASP_EPP-PSL,30,100,656.4929358,5.366024971,75
i,4,0,100,0.95,s,GRASP_EPP-PSL,30,100,698.6963684,4.46872592,78
i,4,1,70,0.95,s,GRASP_EPP-PSL,30,100,468.3998827,3.984382868,56
i,4,1,75,0.95,s,GRASP_EPP-PSL,30,100,511.8858557,3.918748617,61
i,4,1,80,0.95,s,GRASP_EPP-PSL,30,100,548.5314427,4.087670565,62
i,4,1,85,0.95,s,GRASP_EPP-PSL,30,100,587.3656223,3.913375378,65
i,4,1,90,0.95,s,GRASP_EPP-PSL,30,100,627.0594634,3.96069479,70
i,4,1,95,0.95,s,GRASP_EPP-PSL,30,100,667.9906054,3.8314991,72
i,4,1,100,0.95,s,GRASP_EPP-PSL,30,100,718.9186703,4.119990349,77
i,4,2,70,0.95,s,GRASP_EPP-PSL,30,100,442.7502937,3.782201052,55
i,4,2,75,0.95,s,GRASP_EPP-PSL,30,100,492.0360089,3.88329649,63
i,4,2,80,0.95,s,GRASP_EPP-PSL,30,100,507.168364,4.204142809,64
i,4,2,85,0.95,s,GRASP_EPP-PSL,30,100,566.362451,4.204535007,69
i,4,2,90,0.95,s,GRASP_EPP-PSL,30,100,600.8930596,4.486736298,73
i,4,2,95,0.95,s,GRASP_EPP-PSL,30,100,647.9753267,6.525788307,76
i,4,2,100,0.95,s,GRASP_EPP-PSL,30,100,700.8604325,7.527651548,80
i,5,0,70,0.95,s,GRASP_EPP-PSL,30,100,496.723025,5.091762066,57
i,5,0,75,0.95,s,GRASP_EPP-PSL,30,100,499.3245154,4.891636133,57
i,5,0,80,0.95,s,GRASP_EPP-PSL,30,100,575.0664374,5.078502178,64
i,5,0,85,0.95,s,GRASP_EPP-PSL,30,100,603.8057099,5.198646784,65
i,5,0,90,0.95,s,GRASP_EPP-PSL,30,100,665.7031827,5.193177938,71
i,5,0,95,0.95,s,GRASP_EPP-PSL,30,100,701.6967158,5.993527174,74
i,5,0,100,0.95,s,GRASP_EPP-PSL,30,100,761.4357218,6.534217834,79
i,5,1,70,0.95,s,GRASP_EPP-PSL,30,100,461.0229679,5.084393501,53
i,5,1,75,0.95,s,GRASP_EPP-PSL,30,100,487.9722146,4.213167667,60
i,5,1,80,0.95,s,GRASP_EPP-PSL,30,100,539.0493114,4.019477129,63
i,5,1,85,0.95,s,GRASP_EPP-PSL,30,100,566.4177265,4.164520264,67
i,5,1,90,0.95,s,GRASP_EPP-PSL,30,100,620.2537946,4.824399471,70
i,5,1,95,0.95,s,GRASP_EPP-PSL,30,100,658.9260892,4.549963474,75
i,5,1,100,0.95,s,GRASP_EPP-PSL,30,100,716.9380755,4.321329355,79
i,5,2,70,0.95,s,GRASP_EPP-PSL,30,100,452.2930492,3.252358913,55
i,5,2,75,0.95,s,GRASP_EPP-PSL,30,100,486.1054901,3.713409185,60
i,5,2,80,0.95,s,GRASP_EPP-PSL,30,100,507.559597,4.290808439,61
i,5,2,85,0.95,s,GRASP_EPP-PSL,30,100,560.7129901,3.739640474,65
i,5,2,90,0.95,s,GRASP_EPP-PSL,30,100,588.5122898,4.123233557,72
i,5,2,95,0.95,s,GRASP_EPP-PSL,30,100,635.5396714,4.095406294,74
i,5,2,100,0.95,s,GRASP_EPP-PSL,30,100,671.2385557,4.813086271,78
f,1,0,70,1.03,s,GRASP_EPP-PSL,30,100,674.9365111,4.338389874,52
f,1,0,75,1.03,s,GRASP_EPP-PSL,30,100,727.3780043,4.862662792,55
f,1,0,80,1.03,s,GRASP_EPP-PSL,30,100,817.0497397,5.690113068,59
f,1,0,85,1.03,s,GRASP_EPP-PSL,30,100,881.3469112,6.265458584,62
f,1,0,90,1.03,s,GRASP_EPP-PSL,30,100,942.7593674,7.517921209,64
f,1,0,95,1.03,s,GRASP_EPP-PSL,30,100,998.6475354,5.248620749,68
f,1,0,100,1.03,s,GRASP_EPP-PSL,30,100,1094.150577,5.00627923,73
f,1,1,70,1.03,s,GRASP_EPP-PSL,30,100,701.591604,6.208431959,55
f,1,1,75,1.03,s,GRASP_EPP-PSL,30,100,753.115723,6.490541935,59
f,1,1,80,1.03,s,GRASP_EPP-PSL,30,100,822.240586,5.688527822,64
f,1,1,85,1.03,s,GRASP_EPP-PSL,30,100,887.8890016,6.539661407,66
f,1,1,90,1.03,s,GRASP_EPP-PSL,30,100,955.6726032,6.348208427,70
f,1,1,95,1.03,s,GRASP_EPP-PSL,30,100,984.216966,6.303618908,73
f,1,1,100,1.03,s,GRASP_EPP-PSL,30,100,1109.148511,6.004252672,77
f,1,2,70,1.03,s,GRASP_EPP-PSL,30,100,698.773937,6.931382656,57
f,1,2,75,1.03,s,GRASP_EPP-PSL,30,100,772.8738248,6.363794804,64
f,1,2,80,1.03,s,GRASP_EPP-PSL,30,100,795.986442,5.785229206,64
f,1,2,85,1.03,s,GRASP_EPP-PSL,30,100,907.5451614,6.009278536,69
f,1,2,90,1.03,s,GRASP_EPP-PSL,30,100,940.9840392,5.878848314,73
f,1,2,95,1.03,s,GRASP_EPP-PSL,30,100,1003.530277,6.484532595,76
f,1,2,100,1.03,s,GRASP_EPP-PSL,30,100,1086.533112,5.953602791,80
f,2,0,70,1.03,s,GRASP_EPP-PSL,30,100,673.2809527,4.485863447,55
f,2,0,75,1.03,s,GRASP_EPP-PSL,30,100,731.0835219,4.070961237,58
f,2,0,80,1.03,s,GRASP_EPP-PSL,30,100,801.8902203,4.43703413,60
f,2,0,85,1.03,s,GRASP_EPP-PSL,30,100,857.2719761,4.821511984,65
f,2,0,90,1.03,s,GRASP_EPP-PSL,30,100,908.8230285,4.70266819,67
f,2,0,95,1.03,s,GRASP_EPP-PSL,30,100,1010.415531,5.842731237,73
f,2,0,100,1.03,s,GRASP_EPP-PSL,30,100,1070.364221,6.485924006,76
f,2,2,70,1.03,s,GRASP_EPP-PSL,30,100,705.6363378,6.049007893,56
f,2,2,75,1.03,s,GRASP_EPP-PSL,30,100,754.1540671,5.038414955,60
f,2,2,80,1.03,s,GRASP_EPP-PSL,30,100,817.5840498,5.325555086,63
f,2,2,85,1.03,s,GRASP_EPP-PSL,30,100,867.861262,4.993257046,66
f,2,2,90,1.03,s,GRASP_EPP-PSL,30,100,932.7523909,5.627347469,71
f,2,2,95,1.03,s,GRASP_EPP-PSL,30,100,1011.633719,5.472457886,74
f,2,2,100,1.03,s,GRASP_EPP-PSL,30,100,1078.010688,5.89142704,78
f,3,0,70,1.03,s,GRASP_EPP-PSL,30,100,681.5764176,4.876921177,55
f,3,0,75,1.03,s,GRASP_EPP-PSL,30,100,774.0200266,4.188087225,58
f,3,0,80,1.03,s,GRASP_EPP-PSL,30,100,819.5712767,4.51686883,62
f,3,0,85,1.03,s,GRASP_EPP-PSL,30,100,902.8262318,5.656765223,64
f,3,0,90,1.03,s,GRASP_EPP-PSL,30,100,972.9749796,4.538805962,70
f,3,0,95,1.03,s,GRASP_EPP-PSL,30,100,1039.715412,6.151786804,72
f,3,0,100,1.03,s,GRASP_EPP-PSL,30,100,1119.347386,5.708858013,77
f,3,1,70,1.03,s,GRASP_EPP-PSL,30,100,681.6418185,7.797795296,59
f,3,1,75,1.03,s,GRASP_EPP-PSL,30,100,739.1116181,7.805438757,61
f,3,1,80,1.03,s,GRASP_EPP-PSL,30,100,792.3623056,5.953570127,66
f,3,1,85,1.03,s,GRASP_EPP-PSL,30,100,850.0616158,7.165122271,70
f,3,1,90,1.03,s,GRASP_EPP-PSL,30,100,933.2888282,6.87336731,72
f,3,1,95,1.03,s,GRASP_EPP-PSL,30,100,1015.531035,6.654113293,77
f,3,1,100,1.03,s,GRASP_EPP-PSL,30,100,1075.732071,6.074558735,79
f,3,2,70,1.03,s,GRASP_EPP-PSL,30,100,640.1357977,6.92628932,59
f,3,2,75,1.03,s,GRASP_EPP-PSL,30,100,703.6406677,6.633677721,62
f,3,2,80,1.03,s,GRASP_EPP-PSL,30,100,761.8167254,6.314466476,68
f,3,2,85,1.03,s,GRASP_EPP-PSL,30,100,834.5606876,6.33904767,71
f,3,2,90,1.03,s,GRASP_EPP-PSL,30,100,884.1612508,7.436977863,74
f,3,2,95,1.03,s,GRASP_EPP-PSL,30,100,938.2247496,8.518258333,78
f,3,2,100,1.03,s,GRASP_EPP-PSL,30,100,1023.577898,6.35327363,83
f,4,0,70,1.03,s,GRASP_EPP-PSL,30,100,661.1531101,4.376224279,57
f,4,0,75,1.03,s,GRASP_EPP-PSL,30,100,740.2840386,5.076445103,62
f,4,0,80,1.03,s,GRASP_EPP-PSL,30,100,793.4579268,4.550830126,64
f,4,0,85,1.03,s,GRASP_EPP-PSL,30,100,879.0010387,4.865137339,69
f,4,0,90,1.03,s,GRASP_EPP-PSL,30,100,926.8912809,4.919466496,72
f,4,0,95,1.03,s,GRASP_EPP-PSL,30,100,1020.918284,5.739198923,77
f,4,0,100,1.03,s,GRASP_EPP-PSL,30,100,1079.530199,5.49421978,80
f,4,1,70,1.03,s,GRASP_EPP-PSL,30,100,743.2459638,7.265836,57
f,4,1,75,1.03,s,GRASP_EPP-PSL,30,100,809.2235186,6.017179251,61
f,4,1,80,1.03,s,GRASP_EPP-PSL,30,100,858.9589562,6.007802486,64
f,4,1,85,1.03,s,GRASP_EPP-PSL,30,100,926.2574693,5.62183094,68
f,4,1,90,1.03,s,GRASP_EPP-PSL,30,100,990.7712531,6.122811079,70
f,4,1,95,1.03,s,GRASP_EPP-PSL,30,100,1071.432413,6.557846785,74
f,4,1,100,1.03,s,GRASP_EPP-PSL,30,100,1124.396582,7.611060858,78
f,4,2,70,1.03,s,GRASP_EPP-PSL,30,100,734.3729543,4.655938864,56
f,4,2,75,1.03,s,GRASP_EPP-PSL,30,100,789.3397185,4.817583561,61
f,4,2,80,1.03,s,GRASP_EPP-PSL,30,100,851.860309,5.602795362,65
f,4,2,85,1.03,s,GRASP_EPP-PSL,30,100,917.5996453,4.627415657,68
f,4,2,90,1.03,s,GRASP_EPP-PSL,30,100,978.8527354,4.825800419,72
f,4,2,95,1.03,s,GRASP_EPP-PSL,30,100,1040.8561,4.962053299,75
f,4,2,100,1.03,s,GRASP_EPP-PSL,30,100,1126.763331,5.527119637,80
f,5,0,70,1.03,s,GRASP_EPP-PSL,30,100,633.4240445,4.596335411,55
f,5,0,75,1.03,s,GRASP_EPP-PSL,30,100,713.5420051,4.75822711,61
f,5,0,80,1.03,s,GRASP_EPP-PSL,30,100,755.3039838,4.452873468,63
f,5,0,85,1.03,s,GRASP_EPP-PSL,30,100,833.7768723,5.459929943,66
f,5,0,90,1.03,s,GRASP_EPP-PSL,30,100,902.1053247,6.375856161,70
f,5,0,95,1.03,s,GRASP_EPP-PSL,30,100,978.7306585,6.458066225,74
f,5,0,100,1.03,s,GRASP_EPP-PSL,30,100,1045.300451,6.324293852,77
f,5,1,70,1.03,s,GRASP_EPP-PSL,30,100,685.4482407,6.648690462,56
f,5,1,75,1.03,s,GRASP_EPP-PSL,30,100,747.9727092,5.862744093,61
f,5,1,80,1.03,s,GRASP_EPP-PSL,30,100,801.3278358,6.37084794,63
f,5,1,85,1.03,s,GRASP_EPP-PSL,30,100,858.8261063,6.180397987,68
f,5,1,90,1.03,s,GRASP_EPP-PSL,30,100,938.2704867,6.445243597,70
f,5,1,95,1.03,s,GRASP_EPP-PSL,30,100,1032.737516,6.63098526,77
f,5,1,100,1.03,s,GRASP_EPP-PSL,30,100,1089.667988,6.487698793,78
f,5,2,70,1.03,s,GRASP_EPP-PSL,30,100,667.4907244,5.977155924,57
f,5,2,75,1.03,s,GRASP_EPP-PSL,30,100,717.6719448,5.507446527,59
f,5,2,80,1.03,s,GRASP_EPP-PSL,30,100,777.4762319,5.979656935,63
f,5,2,85,1.03,s,GRASP_EPP-PSL,30,100,838.4908727,6.278069735,67
f,5,2,90,1.03,s,GRASP_EPP-PSL,30,100,909.7324424,6.348387003,70
f,5,2,95,1.03,s,GRASP_EPP-PSL,30,100,978.64811,6.314980984,76
f,5,2,100,1.03,s,GRASP_EPP-PSL,30,100,1042.13379,7.191828489,78
i,1,0,70,1.03,s,GRASP_EPP-PSL,30,100,630.6530314,5.787880182,58
i,1,0,75,1.03,s,GRASP_EPP-PSL,30,100,683.1107111,5.023995399,60
i,1,0,80,1.03,s,GRASP_EPP-PSL,30,100,734.2991125,4.822263956,63
i,1,0,85,1.03,s,GRASP_EPP-PSL,30,100,818.0946246,5.356929302,67
i,1,0,90,1.03,s,GRASP_EPP-PSL,30,100,878.9446991,4.954769135,71
i,1,0,95,1.03,s,GRASP_EPP-PSL,30,100,949.5686734,4.891616344,75
i,1,0,100,1.03,s,GRASP_EPP-PSL,30,100,1001.592496,5.608021736,77
i,1,1,70,1.03,s,GRASP_EPP-PSL,30,100,660.2019085,4.193759918,61
i,1,1,75,1.03,s,GRASP_EPP-PSL,30,100,701.8125946,4.288994789,64
i,1,1,80,1.03,s,GRASP_EPP-PSL,30,100,792.7605034,5.827167273,68
i,1,1,85,1.03,s,GRASP_EPP-PSL,30,100,838.5107079,4.378230333,72
i,1,1,90,1.03,s,GRASP_EPP-PSL,30,100,968.186303,4.551635981,77
i,1,1,95,1.03,s,GRASP_EPP-PSL,30,100,998.0365543,4.302327871,80
i,1,1,100,1.03,s,GRASP_EPP-PSL,30,100,1099.072513,4.841611385,85
i,1,2,70,1.03,s,GRASP_EPP-PSL,30,100,699.2424744,3.804924726,59
i,1,2,75,1.03,s,GRASP_EPP-PSL,30,100,760.5791643,3.95701623,60
i,1,2,80,1.03,s,GRASP_EPP-PSL,30,100,810.5536162,3.997566462,64
i,1,2,85,1.03,s,GRASP_EPP-PSL,30,100,883.5213126,4.297711372,69
i,1,2,90,1.03,s,GRASP_EPP-PSL,30,100,966.5057675,4.10684371,74
i,1,2,95,1.03,s,GRASP_EPP-PSL,30,100,1024.846603,4.252863407,76
i,1,2,100,1.03,s,GRASP_EPP-PSL,30,100,1090.325099,4.932137012,80
i,2,0,70,1.03,s,GRASP_EPP-PSL,30,100,649.1782069,4.521936655,54
i,2,0,75,1.03,s,GRASP_EPP-PSL,30,100,743.0869199,4.766895056,59
i,2,0,80,1.03,s,GRASP_EPP-PSL,30,100,782.2966773,5.505528688,62
i,2,0,85,1.03,s,GRASP_EPP-PSL,30,100,863.9435736,5.442382813,67
i,2,0,90,1.03,s,GRASP_EPP-PSL,30,100,937.1607662,5.224171638,69
i,2,0,95,1.03,s,GRASP_EPP-PSL,30,100,1011.921176,4.859625101,74
i,2,0,100,1.03,s,GRASP_EPP-PSL,30,100,1093.186212,4.565002441,77
i,2,1,70,1.03,s,GRASP_EPP-PSL,30,100,687.7314694,6.224673986,57
i,2,1,75,1.03,s,GRASP_EPP-PSL,30,100,721.2201592,4.580159187,61
i,2,1,80,1.03,s,GRASP_EPP-PSL,30,100,815.0142055,4.25304842,64
i,2,1,85,1.03,s,GRASP_EPP-PSL,30,100,854.0443174,6.200331688,68
i,2,1,90,1.03,s,GRASP_EPP-PSL,30,100,930.286843,4.229825497,71
i,2,1,95,1.03,s,GRASP_EPP-PSL,30,100,1007.505199,6.977183342,75
i,2,1,100,1.03,s,GRASP_EPP-PSL,30,100,1058.650323,6.03447628,79
i,2,2,70,1.03,s,GRASP_EPP-PSL,30,100,676.9327155,4.040892839,61
i,2,2,75,1.03,s,GRASP_EPP-PSL,30,100,739.8273515,5.017070055,64
i,2,2,80,1.03,s,GRASP_EPP-PSL,30,100,805.8617625,5.227252007,66
i,2,2,85,1.03,s,GRASP_EPP-PSL,30,100,874.7490139,4.494894266,73
i,2,2,90,1.03,s,GRASP_EPP-PSL,30,100,920.5526602,4.309598923,74
i,2,2,95,1.03,s,GRASP_EPP-PSL,30,100,988.0313005,4.186110973,78
i,2,2,100,1.03,s,GRASP_EPP-PSL,30,100,1057.786194,4.561270952,81
i,3,0,70,1.03,s,GRASP_EPP-PSL,30,100,626.9073485,4.905670404,57
i,3,0,75,1.03,s,GRASP_EPP-PSL,30,100,688.5259419,4.682607889,58
i,3,0,80,1.03,s,GRASP_EPP-PSL,30,100,749.3025665,4.905698776,63
i,3,0,85,1.03,s,GRASP_EPP-PSL,30,100,808.3981485,4.970448971,67
i,3,0,90,1.03,s,GRASP_EPP-PSL,30,100,885.5793344,5.597979069,71
i,3,0,95,1.03,s,GRASP_EPP-PSL,30,100,948.0000946,4.936114788,75
i,3,0,100,1.03,s,GRASP_EPP-PSL,30,100,1028.00446,5.198156595,78
i,3,1,70,1.03,s,GRASP_EPP-PSL,30,100,687.3950128,4.940169811,56
i,3,1,75,1.03,s,GRASP_EPP-PSL,30,100,776.5796723,4.098008394,60
i,3,1,80,1.03,s,GRASP_EPP-PSL,30,100,817.7718819,4.055158615,62
i,3,1,85,1.03,s,GRASP_EPP-PSL,30,100,905.3626128,4.571349382,68
i,3,1,90,1.03,s,GRASP_EPP-PSL,30,100,967.0724693,4.986386061,71
i,3,1,95,1.03,s,GRASP_EPP-PSL,30,100,1066.089494,4.155053377,76
i,3,1,100,1.03,s,GRASP_EPP-PSL,30,100,1102.927801,4.900354862,77
i,3,2,70,1.03,s,GRASP_EPP-PSL,30,100,650.015219,4.63788414,56
i,3,2,75,1.03,s,GRASP_EPP-PSL,30,100,712.576563,4.009117126,58
i,3,2,80,1.03,s,GRASP_EPP-PSL,30,100,756.630904,3.862559319,62
i,3,2,85,1.03,s,GRASP_EPP-PSL,30,100,836.9217619,7.10076499,66
i,3,2,90,1.03,s,GRASP_EPP-PSL,30,100,877.5032515,4.30858469,69
i,3,2,95,1.03,s,GRASP_EPP-PSL,30,100,937.1987788,4.087290049,74
i,3,2,100,1.03,s,GRASP_EPP-PSL,30,100,1007.600963,4.090860367,77
i,4,0,70,1.03,s,GRASP_EPP-PSL,30,100,661.1901045,4.591138124,56
i,4,0,75,1.03,s,GRASP_EPP-PSL,30,100,738.1827259,6.63729763,61
i,4,0,80,1.03,s,GRASP_EPP-PSL,30,100,786.6716124,5.457844019,64
i,4,0,85,1.03,s,GRASP_EPP-PSL,30,100,859.5121941,6.106178522,67
i,4,0,90,1.03,s,GRASP_EPP-PSL,30,100,926.9947345,5.037884474,71
i,4,0,95,1.03,s,GRASP_EPP-PSL,30,100,1001.831213,4.861101866,74
i,4,0,100,1.03,s,GRASP_EPP-PSL,30,100,1068.535592,5.53793478,79
i,4,1,70,1.03,s,GRASP_EPP-PSL,30,100,701.6727571,4.127677917,55
i,4,1,75,1.03,s,GRASP_EPP-PSL,30,100,750.4141176,5.942323923,59
i,4,1,80,1.03,s,GRASP_EPP-PSL,30,100,820.1701863,6.208746195,62
i,4,1,85,1.03,s,GRASP_EPP-PSL,30,100,871.953835,4.638587952,67
i,4,1,90,1.03,s,GRASP_EPP-PSL,30,100,956.543798,4.144159079,70
i,4,1,95,1.03,s,GRASP_EPP-PSL,30,100,985.5557449,5.159867764,72
i,4,1,100,1.03,s,GRASP_EPP-PSL,30,100,1100.163848,5.287954569,78
i,4,2,70,1.03,s,GRASP_EPP-PSL,30,100,633.533194,6.950011969,57
i,4,2,75,1.03,s,GRASP_EPP-PSL,30,100,731.7163936,4.474704027,62
i,4,2,80,1.03,s,GRASP_EPP-PSL,30,100,769.5044299,3.96043849,64
i,4,2,85,1.03,s,GRASP_EPP-PSL,30,100,837.2158355,4.091989517,67
i,4,2,90,1.03,s,GRASP_EPP-PSL,30,100,907.99746,4.220463991,72
i,4,2,95,1.03,s,GRASP_EPP-PSL,30,100,961.5136918,4.826407433,75
i,4,2,100,1.03,s,GRASP_EPP-PSL,30,100,1068.558115,4.782219887,80
i,5,0,70,1.03,s,GRASP_EPP-PSL,30,100,718.7412438,4.640692234,55
i,5,0,75,1.03,s,GRASP_EPP-PSL,30,100,765.1217326,5.019115925,59
i,5,0,80,1.03,s,GRASP_EPP-PSL,30,100,859.6985261,7.216990471,63
i,5,0,85,1.03,s,GRASP_EPP-PSL,30,100,894.1464156,4.459672928,65
i,5,0,90,1.03,s,GRASP_EPP-PSL,30,100,986.2847432,4.567406893,71
i,5,0,95,1.03,s,GRASP_EPP-PSL,30,100,1040.746098,4.660020351,73
i,5,0,100,1.03,s,GRASP_EPP-PSL,30,100,1161.623186,5.016540527,79
i,5,1,70,1.03,s,GRASP_EPP-PSL,30,100,663.0560778,4.187624931,55
i,5,1,75,1.03,s,GRASP_EPP-PSL,30,100,731.5366731,3.964712858,60
i,5,1,80,1.03,s,GRASP_EPP-PSL,30,100,809.0989004,4.683780193,65
i,5,1,85,1.03,s,GRASP_EPP-PSL,30,100,862.937693,6.210222483,67
i,5,1,90,1.03,s,GRASP_EPP-PSL,30,100,943.2273718,6.110905409,69
i,5,1,95,1.03,s,GRASP_EPP-PSL,30,100,978.045213,4.526222467,74
i,5,1,100,1.03,s,GRASP_EPP-PSL,30,100,1085.072239,4.416362047,79
i,5,2,70,1.03,s,GRASP_EPP-PSL,30,100,650.9476949,4.329072714,55
i,5,2,75,1.03,s,GRASP_EPP-PSL,30,100,707.9937519,3.903851986,61
i,5,2,80,1.03,s,GRASP_EPP-PSL,30,100,761.1235659,3.985463858,64
i,5,2,85,1.03,s,GRASP_EPP-PSL,30,100,835.1990151,3.676648617,67
i,5,2,90,1.03,s,GRASP_EPP-PSL,30,100,878.7200652,4.100953579,68
i,5,2,95,1.03,s,GRASP_EPP-PSL,30,100,963.6825465,3.731691599,73
i,5,2,100,1.03,s,GRASP_EPP-PSL,30,100,1008.303904,4.555052042,76
