i,4,0,70,0.99,s,VNS_EPP-SL,30,100,150,498.47510594856766,24.623167037963867,88
i,4,0,75,0.99,s,VNS_EPP-SL,30,100,150,554.5891542561285,27.26396870613098,88
i,4,0,80,0.99,s,VNS_EPP-SL,30,100,150,573.5662107992525,31.974329948425293,88
i,4,0,85,0.99,s,VNS_EPP-SL,30,100,150,644.8975130714401,30.04558277130127,88
i,4,0,90,0.99,s,VNS_EPP-SL,30,100,150,689.6695092080281,31.903563261032104,88
i,4,0,95,0.99,s,VNS_EPP-SL,30,100,150,732.5933926165671,32.72704005241394,88
i,4,0,100,0.99,s,VNS_EPP-SL,30,100,150,776.4338643142975,33.12311792373657,88
i,5,2,70,0.99,s,VNS_EPP-SL,30,100,150,495.63820079294004,28.335538148880005,88
i,5,2,75,0.99,s,VNS_EPP-SL,30,100,150,537.0898846786444,28.813112497329712,88
i,5,2,80,0.99,s,VNS_EPP-SL,30,100,150,569.4375522458919,28.345439672470093,88
i,5,2,85,0.99,s,VNS_EPP-SL,30,100,150,629.958872192996,29.63063883781433,88
i,5,2,90,0.99,s,VNS_EPP-SL,30,100,150,669.7452164543388,29.934302806854248,88
i,5,2,95,0.99,s,VNS_EPP-SL,30,100,150,719.9128249944235,31.558112621307373,88
i,5,2,100,0.99,s,VNS_EPP-SL,30,100,150,753.844775820587,31.606568098068237,88
f,1,0,70,0.99,s,VNS_EPP-SL,30,100,150,507.91730198100265,27.489465713500977,88
f,1,0,75,0.99,s,VNS_EPP-SL,30,100,150,563.855948231839,28.35560178756714,88
f,1,0,80,0.99,s,VNS_EPP-SL,30,100,150,615.7538252865479,28.325180768966675,88
f,1,0,85,0.99,s,VNS_EPP-SL,30,100,150,651.272529220222,29.435723304748535,88
f,1,0,90,0.99,s,VNS_EPP-SL,30,100,150,706.282231893121,29.79261589050293,88
f,1,0,95,0.99,s,VNS_EPP-SL,30,100,150,740.9759515445771,30.373775243759155,88
f,1,0,100,0.99,s,VNS_EPP-SL,30,100,150,813.549679491583,31.825154066085815,88
i,1,1,70,0.99,s,VNS_EPP-SL,30,100,150,508.7366498104892,28.16824698448181,88
i,1,1,75,0.99,s,VNS_EPP-SL,30,100,150,545.6578854699703,30.21287965774536,88
i,1,1,80,0.99,s,VNS_EPP-SL,30,100,150,597.7456186446268,30.20980739593506,88
i,1,1,85,0.99,s,VNS_EPP-SL,30,100,150,644.1961755407493,30.61898112297058,88
i,1,1,90,0.99,s,VNS_EPP-SL,30,100,150,707.1318906002109,31.676475763320923,88
i,1,1,95,0.99,s,VNS_EPP-SL,30,100,150,743.2486667808614,32.6600866317749,88
i,1,1,100,0.99,s,VNS_EPP-SL,30,100,150,805.6964510635265,34.05501961708069,88
i,5,0,70,0.99,s,VNS_EPP-SL,30,100,150,556.603391447219,28.018883228302002,88
i,5,0,75,0.99,s,VNS_EPP-SL,30,100,150,579.6728485221163,27.873560667037964,88
i,5,0,80,0.99,s,VNS_EPP-SL,30,100,150,649.7614740712933,28.876307010650635,88
i,5,0,85,0.99,s,VNS_EPP-SL,30,100,150,681.5904179688894,30.064712524414062,88
i,5,0,90,0.99,s,VNS_EPP-SL,30,100,150,746.1313953226697,30.320106029510498,88
i,5,0,95,0.99,s,VNS_EPP-SL,30,100,150,785.6306429860708,31.247644186019897,88
i,5,0,100,0.99,s,VNS_EPP-SL,30,100,150,856.5565603259571,32.95620679855347,88
i,4,1,70,0.99,s,VNS_EPP-SL,30,100,150,509.6313416792618,27.293299913406372,88
i,4,1,75,0.99,s,VNS_EPP-SL,30,100,150,572.1449916900299,28.06547236442566,88
i,4,1,80,0.99,s,VNS_EPP-SL,30,100,150,618.9294058947856,29.372103691101074,88
i,4,1,85,0.99,s,VNS_EPP-SL,30,100,150,659.011829725072,29.275547742843628,88
i,4,1,90,0.99,s,VNS_EPP-SL,30,100,150,700.978373120292,30.417360067367554,88
i,4,1,95,0.99,s,VNS_EPP-SL,30,100,150,736.3139909712951,31.167871236801147,88
i,4,1,100,0.99,s,VNS_EPP-SL,30,100,150,805.7967406273232,31.882991790771484,88
f,4,0,70,0.99,s,VNS_EPP-SL,30,100,150,494.50318916754316,27.733773469924927,88
f,4,0,75,0.99,s,VNS_EPP-SL,30,100,150,563.8009136905915,28.482441663742065,88
f,4,0,80,0.99,s,VNS_EPP-SL,30,100,150,595.8503452865933,28.730109453201294,88
f,4,0,85,0.99,s,VNS_EPP-SL,30,100,150,651.3070759706479,30.16250705718994,88
f,4,0,90,0.99,s,VNS_EPP-SL,30,100,150,680.5929806788358,30.941970586776733,88
f,4,0,95,0.99,s,VNS_EPP-SL,30,100,150,752.8620285317431,30.94928812980652,88
f,4,0,100,0.99,s,VNS_EPP-SL,30,100,150,788.4716010860844,32.711472272872925,88
i,1,0,70,0.99,s,VNS_EPP-SL,30,100,150,481.00910922544085,27.625049591064453,88
i,1,0,75,0.99,s,VNS_EPP-SL,30,100,150,526.2565628843065,28.22877550125122,88
i,1,0,80,0.99,s,VNS_EPP-SL,30,100,150,554.6136529825466,29.105565786361694,88
i,1,0,85,0.99,s,VNS_EPP-SL,30,100,150,604.5213757414343,30.028815507888794,88
i,1,0,90,0.99,s,VNS_EPP-SL,30,100,150,657.4059519636356,30.411884307861328,88
i,1,0,95,0.99,s,VNS_EPP-SL,30,100,150,696.0129528554531,30.393892288208008,88
i,1,0,100,0.99,s,VNS_EPP-SL,30,100,150,739.314299887815,31.752246141433716,88
f,3,0,70,0.99,s,VNS_EPP-SL,30,100,150,518.5072626570435,26.571059942245483,88
f,3,0,75,0.99,s,VNS_EPP-SL,30,100,150,574.3285212065425,27.38858985900879,88
f,3,0,80,0.99,s,VNS_EPP-SL,30,100,150,626.8329322088144,29.266242742538452,88
f,3,0,85,0.99,s,VNS_EPP-SL,30,100,150,665.3612277262049,28.10743546485901,88
f,3,0,90,0.99,s,VNS_EPP-SL,30,100,150,717.1652978642758,29.705272674560547,88
f,3,0,95,0.99,s,VNS_EPP-SL,30,100,150,765.786908540016,30.368627548217773,88
f,3,0,100,0.99,s,VNS_EPP-SL,30,100,150,820.3945431948847,30.950083255767822,88
f,1,1,70,0.99,s,VNS_EPP-SL,30,100,150,540.340072771965,27.02504253387451,88
f,1,1,75,0.99,s,VNS_EPP-SL,30,100,150,589.3193071742064,28.357041358947754,88
f,1,1,80,0.99,s,VNS_EPP-SL,30,100,150,626.2160496427011,28.33500599861145,88
f,1,1,85,0.99,s,VNS_EPP-SL,30,100,150,677.8353757920622,28.946202039718628,88
f,1,1,90,0.99,s,VNS_EPP-SL,30,100,150,720.3459221222349,30.090373039245605,88
f,1,1,95,0.99,s,VNS_EPP-SL,30,100,150,737.7609621490736,30.858742237091064,88
f,1,1,100,0.99,s,VNS_EPP-SL,30,100,150,814.7236091634865,31.92749524116516,88
f,1,2,70,0.99,s,VNS_EPP-SL,30,100,150,548.3748731035895,27.45678734779358,88
f,1,2,75,0.99,s,VNS_EPP-SL,30,100,150,596.215427888088,27.99407410621643,88
f,1,2,80,0.99,s,VNS_EPP-SL,30,100,150,617.5282284145111,28.80885148048401,88
f,1,2,85,0.99,s,VNS_EPP-SL,30,100,150,687.4224346795692,29.11910343170166,88
f,1,2,90,0.99,s,VNS_EPP-SL,30,100,150,702.2403627201007,30.289318084716797,88
f,1,2,95,0.99,s,VNS_EPP-SL,30,100,150,758.5218840993592,30.95141625404358,88
f,1,2,100,0.99,s,VNS_EPP-SL,30,100,150,806.6861478192819,32.18275308609009,88
i,2,1,70,0.99,s,VNS_EPP-SL,30,100,150,528.3131488487963,26.77541756629944,88
i,2,1,75,0.99,s,VNS_EPP-SL,30,100,150,566.5475214903885,27.40059781074524,88
i,2,1,80,0.99,s,VNS_EPP-SL,30,100,150,611.2441230994572,28.867319107055664,88
i,2,1,85,0.99,s,VNS_EPP-SL,30,100,150,653.407682586188,29.253103256225586,88
i,2,1,90,0.99,s,VNS_EPP-SL,30,100,150,688.8350061317625,29.738823175430298,88
i,2,1,95,0.99,s,VNS_EPP-SL,30,100,150,749.5891164498623,30.490188598632812,88
i,2,1,100,0.99,s,VNS_EPP-SL,30,100,150,790.8295628528623,31.68192195892334,88
i,2,2,70,0.99,s,VNS_EPP-SL,30,100,150,522.7971721785349,27.3638973236084,88
i,2,2,75,0.99,s,VNS_EPP-SL,30,100,150,571.6093003102255,28.510952949523926,88
i,2,2,80,0.99,s,VNS_EPP-SL,30,100,150,616.6257656241359,29.36705994606018,88
i,2,2,85,0.99,s,VNS_EPP-SL,30,100,150,647.7051915044307,28.857624292373657,88
i,2,2,90,0.99,s,VNS_EPP-SL,30,100,150,701.723092731293,30.875147342681885,88
i,2,2,95,0.99,s,VNS_EPP-SL,30,100,150,730.3461061979938,30.465023040771484,88
i,2,2,100,0.99,s,VNS_EPP-SL,30,100,150,777.0972864936037,31.94588327407837,88
i,4,2,70,0.99,s,VNS_EPP-SL,30,100,150,499.3929497354202,27.09235715866089,88
i,4,2,75,0.99,s,VNS_EPP-SL,30,100,150,548.5324977886636,28.17376399040222,88
i,4,2,80,0.99,s,VNS_EPP-SL,30,100,150,590.629726494909,28.642276287078857,88
i,4,2,85,0.99,s,VNS_EPP-SL,30,100,150,627.3708725334351,29.251505136489868,88
i,4,2,90,0.99,s,VNS_EPP-SL,30,100,150,676.8035929647368,30.081395626068115,88
i,4,2,95,0.99,s,VNS_EPP-SL,30,100,150,727.0932481970166,30.857803106307983,88
i,4,2,100,0.99,s,VNS_EPP-SL,30,100,150,787.6991970138075,30.991933584213257,88
f,5,0,70,0.99,s,VNS_EPP-SL,30,100,150,482.8271402439666,26.596425771713257,88
f,5,0,75,0.99,s,VNS_EPP-SL,30,100,150,539.9383873311447,27.63725781440735,88
f,5,0,80,0.99,s,VNS_EPP-SL,30,100,150,561.1261937150612,29.006142139434814,88
f,5,0,85,0.99,s,VNS_EPP-SL,30,100,150,617.0039750229308,29.156187057495117,88
f,5,0,90,0.99,s,VNS_EPP-SL,30,100,150,658.9252866071354,29.74442410469055,88
f,5,0,95,0.99,s,VNS_EPP-SL,30,100,150,705.4503661896457,30.014495372772217,88
f,5,0,100,0.99,s,VNS_EPP-SL,30,100,150,774.0342167535538,31.26468515396118,88
i,1,2,70,0.99,s,VNS_EPP-SL,30,100,150,537.6107283060934,27.150115251541138,88
i,1,2,75,0.99,s,VNS_EPP-SL,30,100,150,580.8515983647312,27.216289043426514,88
i,1,2,80,0.99,s,VNS_EPP-SL,30,100,150,611.8798990023336,28.063909769058228,88
i,1,2,85,0.99,s,VNS_EPP-SL,30,100,150,663.6953240929571,29.739851474761963,88
i,1,2,90,0.99,s,VNS_EPP-SL,30,100,150,711.7028710252928,30.688698530197144,88
i,1,2,95,0.99,s,VNS_EPP-SL,30,100,150,751.7217675681037,30.03023409843445,88
i,1,2,100,0.99,s,VNS_EPP-SL,30,100,150,802.3775629676564,31.672710418701172,88
i,5,1,70,0.99,s,VNS_EPP-SL,30,100,150,502.98732090529984,26.953120231628418,88
i,5,1,75,0.99,s,VNS_EPP-SL,30,100,150,554.3362912471056,27.88953685760498,88
i,5,1,80,0.99,s,VNS_EPP-SL,30,100,150,610.687963505162,27.629265069961548,88
i,5,1,85,0.99,s,VNS_EPP-SL,30,100,150,639.7675961582711,28.158302307128906,88
i,5,1,90,0.99,s,VNS_EPP-SL,30,100,150,675.7194876630147,29.376046419143677,88
i,5,1,95,0.99,s,VNS_EPP-SL,30,100,150,716.1859948482157,30.249118089675903,88
i,5,1,100,0.99,s,VNS_EPP-SL,30,100,150,793.247785994609,31.70975089073181,88
f,4,2,70,0.99,s,VNS_EPP-SL,30,100,150,556.2722394775167,26.74158024787903,88
f,4,2,75,0.99,s,VNS_EPP-SL,30,100,150,585.6276106449055,27.265809297561646,88
f,4,2,80,0.99,s,VNS_EPP-SL,30,100,150,634.9914433582774,27.91543436050415,88
f,4,2,85,0.99,s,VNS_EPP-SL,30,100,150,681.6008928067818,28.580387115478516,88
f,4,2,90,0.99,s,VNS_EPP-SL,30,100,150,735.5763257086329,29.937495708465576,88
f,4,2,95,0.99,s,VNS_EPP-SL,30,100,150,763.7819379713101,30.044011116027832,88
f,4,2,100,0.99,s,VNS_EPP-SL,30,100,150,834.2996364422401,31.665524005889893,88
f,4,1,70,0.99,s,VNS_EPP-SL,30,100,150,579.8858665607323,27.547568798065186,88
f,4,1,75,0.99,s,VNS_EPP-SL,30,100,150,617.2271073821644,28.03745174407959,88
f,4,1,80,0.99,s,VNS_EPP-SL,30,100,150,632.8066934743085,28.420459270477295,88
f,4,1,85,0.99,s,VNS_EPP-SL,30,100,150,709.7386231639052,29.340245962142944,88
f,4,1,90,0.99,s,VNS_EPP-SL,30,100,150,748.4618146233453,32.08799409866333,88
f,4,1,95,0.99,s,VNS_EPP-SL,30,100,150,785.9003421634104,32.49306535720825,88
f,4,1,100,0.99,s,VNS_EPP-SL,30,100,150,844.7471634074192,33.573336601257324,88
f,3,1,70,0.99,s,VNS_EPP-SL,30,100,150,528.8553641815173,28.637017488479614,88
f,3,1,75,0.99,s,VNS_EPP-SL,30,100,150,556.8506190290299,28.151206016540527,88
f,3,1,80,0.99,s,VNS_EPP-SL,30,100,150,602.3130047081956,29.605891704559326,88
f,3,1,85,0.99,s,VNS_EPP-SL,30,100,150,648.3994785030202,30.519200801849365,88
f,3,1,90,0.99,s,VNS_EPP-SL,30,100,150,695.7950485244986,30.91859722137451,88
f,3,1,95,0.99,s,VNS_EPP-SL,30,100,150,746.4741101439898,31.77112913131714,88
f,3,1,100,0.99,s,VNS_EPP-SL,30,100,150,782.6495909103339,32.0636990070343,88
i,3,0,70,0.99,s,VNS_EPP-SL,30,100,150,468.60474620062223,27.529057264328003,88
i,3,0,75,0.99,s,VNS_EPP-SL,30,100,150,512.2050224920273,27.70755100250244,88
i,3,0,80,0.99,s,VNS_EPP-SL,30,100,150,563.635645171682,28.677624225616455,88
i,3,0,85,0.99,s,VNS_EPP-SL,30,100,150,610.2257331159523,29.593252182006836,88
i,3,0,90,0.99,s,VNS_EPP-SL,30,100,150,649.836229349886,30.914825439453125,88
i,3,0,95,0.99,s,VNS_EPP-SL,30,100,150,703.3339491341696,31.103448390960693,88
i,3,0,100,0.99,s,VNS_EPP-SL,30,100,150,742.6086494173306,31.308064222335815,88
f,2,2,70,0.99,s,VNS_EPP-SL,30,100,150,542.3999602582186,27.568166971206665,88
f,2,2,75,0.99,s,VNS_EPP-SL,30,100,150,579.5194226375114,28.393117666244507,88
f,2,2,80,0.99,s,VNS_EPP-SL,30,100,150,625.567684635748,29.413331270217896,88
f,2,2,85,0.99,s,VNS_EPP-SL,30,100,150,666.1199975283495,29.19257402420044,88
f,2,2,90,0.99,s,VNS_EPP-SL,30,100,150,705.5957973152036,30.447458505630493,88
f,2,2,95,0.99,s,VNS_EPP-SL,30,100,150,752.7930245841583,30.548680067062378,88
f,2,2,100,0.99,s,VNS_EPP-SL,30,100,150,805.6285432665067,31.539846181869507,88
i,2,0,70,0.99,s,VNS_EPP-SL,30,100,150,490.15812439512365,26.26608896255493,88
i,2,0,75,0.99,s,VNS_EPP-SL,30,100,150,555.8210910800406,27.297204732894897,88
i,2,0,80,0.99,s,VNS_EPP-SL,30,100,150,592.8099031532707,27.623461961746216,88
i,2,0,85,0.99,s,VNS_EPP-SL,30,100,150,655.3032544683302,28.71045470237732,88
i,2,0,90,0.99,s,VNS_EPP-SL,30,100,150,700.5788472291553,28.735708475112915,88
i,2,0,95,0.99,s,VNS_EPP-SL,30,100,150,744.5529756644307,30.423192024230957,88
i,2,0,100,0.99,s,VNS_EPP-SL,30,100,150,788.1415959381811,30.887078762054443,88
f,3,2,70,0.99,s,VNS_EPP-SL,30,100,150,496.1310230520603,26.821961879730225,88
f,3,2,75,0.99,s,VNS_EPP-SL,30,100,150,541.4723007468166,27.822256803512573,88
f,3,2,80,0.99,s,VNS_EPP-SL,30,100,150,578.7576946675083,28.523133516311646,88
f,3,2,85,0.99,s,VNS_EPP-SL,30,100,150,620.2532646186316,29.478821277618408,88
f,3,2,90,0.99,s,VNS_EPP-SL,30,100,150,660.5866316848056,30.39575743675232,88
f,3,2,95,0.99,s,VNS_EPP-SL,30,100,150,701.6340442816345,31.400357484817505,88
f,3,2,100,0.99,s,VNS_EPP-SL,30,100,150,758.8733101710043,32.163055658340454,88
f,5,2,70,0.99,s,VNS_EPP-SL,30,100,150,531.4240186270188,26.85358166694641,88
f,5,2,75,0.99,s,VNS_EPP-SL,30,100,150,564.8892997830203,27.109464406967163,88
f,5,2,80,0.99,s,VNS_EPP-SL,30,100,150,602.2978674060112,28.05466103553772,88
f,5,2,85,0.99,s,VNS_EPP-SL,30,100,150,629.4241513123543,28.366568565368652,88
f,5,2,90,0.99,s,VNS_EPP-SL,30,100,150,680.1626940153977,28.89468479156494,88
f,5,2,95,0.99,s,VNS_EPP-SL,30,100,150,739.4408052185428,29.828176975250244,88
f,5,2,100,0.99,s,VNS_EPP-SL,30,100,150,777.7638030717384,30.60965585708618,88
i,3,1,70,0.99,s,VNS_EPP-SL,30,100,150,549.064025384159,26.710845708847046,88
i,3,1,75,0.99,s,VNS_EPP-SL,30,100,150,607.4482293279274,27.838404893875122,88
i,3,1,80,0.99,s,VNS_EPP-SL,30,100,150,623.3530462264575,27.241140365600586,88
i,3,1,85,0.99,s,VNS_EPP-SL,30,100,150,698.0478145655518,28.90661859512329,88
i,3,1,90,0.99,s,VNS_EPP-SL,30,100,150,728.6591525873412,29.596994161605835,88
i,3,1,95,0.99,s,VNS_EPP-SL,30,100,150,789.7091668610124,30.732752084732056,88
i,3,1,100,0.99,s,VNS_EPP-SL,30,100,150,807.2616245289047,30.986671686172485,88
f,5,1,70,0.99,s,VNS_EPP-SL,30,100,150,532.5087377323426,27.311588764190674,88
f,5,1,75,0.99,s,VNS_EPP-SL,30,100,150,579.1915884515013,27.695740222930908,88
f,5,1,80,0.99,s,VNS_EPP-SL,30,100,150,626.9230041848932,28.440029859542847,88
f,5,1,85,0.99,s,VNS_EPP-SL,30,100,150,655.1455314829193,28.34923481941223,88
f,5,1,90,0.99,s,VNS_EPP-SL,30,100,150,714.9019241803186,29.892937421798706,88
f,5,1,95,0.99,s,VNS_EPP-SL,30,100,150,771.9412501559419,30.9493248462677,88
f,5,1,100,0.99,s,VNS_EPP-SL,30,100,150,806.1641481986803,31.615082025527954,88
i,3,2,70,0.99,s,VNS_EPP-SL,30,100,150,480.7832343307014,25.796940088272095,88
i,3,2,75,0.99,s,VNS_EPP-SL,30,100,150,539.9736155267266,27.163697481155396,88
i,3,2,80,0.99,s,VNS_EPP-SL,30,100,150,560.2826189016696,26.800771236419678,88
i,3,2,85,0.99,s,VNS_EPP-SL,30,100,150,615.3071562970841,28.656076908111572,88
i,3,2,90,0.99,s,VNS_EPP-SL,30,100,150,650.0238961058228,29.45033597946167,88
i,3,2,95,0.99,s,VNS_EPP-SL,30,100,150,703.5852139079077,29.83353042602539,88
i,3,2,100,0.99,s,VNS_EPP-SL,30,100,150,745.4406378862413,30.541993618011475,88
f,2,0,70,0.99,s,VNS_EPP-SL,30,100,150,510.9663437646785,26.301090955734253,88
f,2,0,75,0.99,s,VNS_EPP-SL,30,100,150,552.4930294529098,27.27504301071167,88
f,2,0,80,0.99,s,VNS_EPP-SL,30,100,150,590.0807457190703,27.26141905784607,88
f,2,0,85,0.99,s,VNS_EPP-SL,30,100,150,642.8338783176121,27.826695919036865,88
f,2,0,90,0.99,s,VNS_EPP-SL,30,100,150,687.4628436901406,28.181233882904053,88
f,2,0,95,0.99,s,VNS_EPP-SL,30,100,150,736.2527447549148,29.888720512390137,88
f,2,0,100,0.99,s,VNS_EPP-SL,30,100,150,779.0490770988918,29.997364282608032,88
i,4,0,70,0.95,s,VNS_EPP-SL,30,100,150,415.46409289696754,26.551040649414062,88
i,4,0,75,0.95,s,VNS_EPP-SL,30,100,150,457.75053910479,27.08341145515442,88
i,4,0,80,0.95,s,VNS_EPP-SL,30,100,150,479.76319501828914,27.453422784805298,88
i,4,0,85,0.95,s,VNS_EPP-SL,30,100,150,523.9398183972235,28.808257818222046,88
i,4,0,90,0.95,s,VNS_EPP-SL,30,100,150,549.2097411555523,30.143179893493652,88
i,4,0,95,0.95,s,VNS_EPP-SL,30,100,150,585.936824581456,29.85180902481079,88
i,4,0,100,0.95,s,VNS_EPP-SL,30,100,150,617.548982804492,30.668070077896118,88
i,5,2,70,0.95,s,VNS_EPP-SL,30,100,150,404.96652961857006,26.477702379226685,88
i,5,2,75,0.95,s,VNS_EPP-SL,30,100,150,443.7410654733473,26.71855354309082,88
i,5,2,80,0.95,s,VNS_EPP-SL,30,100,150,468.2457558703017,27.680344581604004,88
i,5,2,85,0.95,s,VNS_EPP-SL,30,100,150,506.8899990427917,27.740803480148315,88
i,5,2,90,0.95,s,VNS_EPP-SL,30,100,150,537.3266349563428,28.720858812332153,88
i,5,2,95,0.95,s,VNS_EPP-SL,30,100,150,577.6084998139248,30.18894672393799,88
i,5,2,100,0.95,s,VNS_EPP-SL,30,100,150,606.6068828353299,30.272079944610596,88
f,1,0,70,0.95,s,VNS_EPP-SL,30,100,150,430.281817498135,25.76788640022278,88
f,1,0,75,0.95,s,VNS_EPP-SL,30,100,150,460.3228046233251,25.861178159713745,88
f,1,0,80,0.95,s,VNS_EPP-SL,30,100,150,504.1265814515071,26.862142324447632,88
f,1,0,85,0.95,s,VNS_EPP-SL,30,100,150,539.2536052758967,27.162248849868774,88
f,1,0,90,0.95,s,VNS_EPP-SL,30,100,150,573.3115400426011,28.533501386642456,88
f,1,0,95,0.95,s,VNS_EPP-SL,30,100,150,609.5110292017813,29.187678813934326,88
f,1,0,100,0.95,s,VNS_EPP-SL,30,100,150,647.7732701685944,29.607301950454712,88
i,1,1,70,0.95,s,VNS_EPP-SL,30,100,150,410.4666480126019,26.692847967147827,88
i,1,1,75,0.95,s,VNS_EPP-SL,30,100,150,442.19713512602516,27.702036380767822,88
i,1,1,80,0.95,s,VNS_EPP-SL,30,100,150,486.0838940568982,28.02349019050598,88
i,1,1,85,0.95,s,VNS_EPP-SL,30,100,150,511.9842743465446,29.795212030410767,88
i,1,1,90,0.95,s,VNS_EPP-SL,30,100,150,570.8991363494795,30.611897945404053,88
i,1,1,95,0.95,s,VNS_EPP-SL,30,100,150,591.4475095718669,31.007811784744263,88
i,1,1,100,0.95,s,VNS_EPP-SL,30,100,150,645.8776455469668,32.11227536201477,88
i,5,0,70,0.95,s,VNS_EPP-SL,30,100,150,445.23927266514363,26.336488962173462,88
i,5,0,75,0.95,s,VNS_EPP-SL,30,100,150,470.730194563841,25.99618697166443,88
i,5,0,80,0.95,s,VNS_EPP-SL,30,100,150,527.1247169276372,27.66856336593628,88
i,5,0,85,0.95,s,VNS_EPP-SL,30,100,150,549.9543203676133,27.828227043151855,88
i,5,0,90,0.95,s,VNS_EPP-SL,30,100,150,600.1373205869817,29.424510717391968,88
i,5,0,95,0.95,s,VNS_EPP-SL,30,100,150,627.9172061353914,28.834827661514282,88
i,5,0,100,0.95,s,VNS_EPP-SL,30,100,150,690.6575376150524,30.238069534301758,88
i,4,1,70,0.95,s,VNS_EPP-SL,30,100,150,433.5716453662706,25.989630460739136,88
i,4,1,75,0.95,s,VNS_EPP-SL,30,100,150,471.4931351441658,26.85016417503357,88
i,4,1,80,0.95,s,VNS_EPP-SL,30,100,150,499.59035270181363,26.89979100227356,88
i,4,1,85,0.95,s,VNS_EPP-SL,30,100,150,536.2898496827919,27.77694058418274,88
i,4,1,90,0.95,s,VNS_EPP-SL,30,100,150,562.087698970828,27.974268436431885,88
i,4,1,95,0.95,s,VNS_EPP-SL,30,100,150,601.6831144612277,29.282514095306396,88
i,4,1,100,0.95,s,VNS_EPP-SL,30,100,150,643.5988328223331,30.38281750679016,88
f,4,0,70,0.95,s,VNS_EPP-SL,30,100,150,399.9819749588331,26.256879806518555,88
f,4,0,75,0.95,s,VNS_EPP-SL,30,100,150,458.1026388574593,27.42458939552307,88
f,4,0,80,0.95,s,VNS_EPP-SL,30,100,150,480.21303516793523,27.53261160850525,88
f,4,0,85,0.95,s,VNS_EPP-SL,30,100,150,524.0533970001555,28.21070694923401,88
f,4,0,90,0.95,s,VNS_EPP-SL,30,100,150,558.0732945705537,29.1454656124115,88
f,4,0,95,0.95,s,VNS_EPP-SL,30,100,150,608.2109505047647,29.676620960235596,88
f,4,0,100,0.95,s,VNS_EPP-SL,30,100,150,633.9356490705179,31.211847066879272,88
i,1,0,70,0.95,s,VNS_EPP-SL,30,100,150,392.988807078735,26.139960050582886,88
i,1,0,75,0.95,s,VNS_EPP-SL,30,100,150,438.5943203411011,27.35621953010559,88
i,1,0,80,0.95,s,VNS_EPP-SL,30,100,150,458.0396205919551,28.134018898010254,88
i,1,0,85,0.95,s,VNS_EPP-SL,30,100,150,499.53627489682043,28.467003345489502,88
i,1,0,90,0.95,s,VNS_EPP-SL,30,100,150,520.5896977984527,29.048035144805908,88
i,1,0,95,0.95,s,VNS_EPP-SL,30,100,150,561.7497577220634,29.43310236930847,88
i,1,0,100,0.95,s,VNS_EPP-SL,30,100,150,595.5400385056979,31.088690042495728,88
f,3,0,70,0.95,s,VNS_EPP-SL,30,100,150,431.03294855899725,26.47762393951416,88
f,3,0,75,0.95,s,VNS_EPP-SL,30,100,150,472.93304254487026,27.11237335205078,88
f,3,0,80,0.95,s,VNS_EPP-SL,30,100,150,506.0398369607766,27.96628475189209,88
f,3,0,85,0.95,s,VNS_EPP-SL,30,100,150,537.8151101925923,28.563923358917236,88
f,3,0,90,0.95,s,VNS_EPP-SL,30,100,150,586.9507714504258,29.45241069793701,88
f,3,0,95,0.95,s,VNS_EPP-SL,30,100,150,623.7449243320654,29.766044855117798,88
f,3,0,100,0.95,s,VNS_EPP-SL,30,100,150,663.4094539719358,30.838717222213745,88
f,1,1,70,0.95,s,VNS_EPP-SL,30,100,150,446.12948637514916,27.00602126121521,88
f,1,1,75,0.95,s,VNS_EPP-SL,30,100,150,483.0727739820789,28.740980625152588,88
f,1,1,80,0.95,s,VNS_EPP-SL,30,100,150,512.8700895429662,28.663540601730347,88
f,1,1,85,0.95,s,VNS_EPP-SL,30,100,150,550.7181467714156,30.255253314971924,88
f,1,1,90,0.95,s,VNS_EPP-SL,30,100,150,588.6449793728391,30.659251928329468,88
f,1,1,95,0.95,s,VNS_EPP-SL,30,100,150,614.7940888201405,31.517982721328735,88
f,1,1,100,0.95,s,VNS_EPP-SL,30,100,150,667.5301547593889,31.717892169952393,88
f,1,2,70,0.95,s,VNS_EPP-SL,30,100,150,446.8678808502126,28.115516185760498,88
f,1,2,75,0.95,s,VNS_EPP-SL,30,100,150,492.3862100865506,29.14339780807495,88
f,1,2,80,0.95,s,VNS_EPP-SL,30,100,150,505.3880311547585,28.62309455871582,88
f,1,2,85,0.95,s,VNS_EPP-SL,30,100,150,551.1250388071252,29.953830003738403,88
f,1,2,90,0.95,s,VNS_EPP-SL,30,100,150,581.6467423592069,30.264480113983154,88
f,1,2,95,0.95,s,VNS_EPP-SL,30,100,150,612.7928170353396,30.87751817703247,88
f,1,2,100,0.95,s,VNS_EPP-SL,30,100,150,654.5126276261332,31.90393614768982,88
i,2,1,70,0.95,s,VNS_EPP-SL,30,100,150,434.2694452708934,27.19767689704895,88
i,2,1,75,0.95,s,VNS_EPP-SL,30,100,150,460.61040464831075,28.241710424423218,88
i,2,1,80,0.95,s,VNS_EPP-SL,30,100,150,510.0191790214026,29.1289381980896,88
i,2,1,85,0.95,s,VNS_EPP-SL,30,100,150,527.7849634800318,29.316081762313843,88
i,2,1,90,0.95,s,VNS_EPP-SL,30,100,150,563.8041772314015,30.210394859313965,88
i,2,1,95,0.95,s,VNS_EPP-SL,30,100,150,601.4231878040495,30.61402440071106,88
i,2,1,100,0.95,s,VNS_EPP-SL,30,100,150,634.9003135689966,32.12492871284485,88
i,2,2,70,0.95,s,VNS_EPP-SL,30,100,150,423.21622188692044,28.02419376373291,88
i,2,2,75,0.95,s,VNS_EPP-SL,30,100,150,451.5726748217407,28.11108136177063,88
i,2,2,80,0.95,s,VNS_EPP-SL,30,100,150,493.75451576600386,28.73545265197754,88
i,2,2,85,0.95,s,VNS_EPP-SL,30,100,150,522.0021078200722,29.8227117061615,88
i,2,2,90,0.95,s,VNS_EPP-SL,30,100,150,562.0574554533259,31.257234573364258,88
i,2,2,95,0.95,s,VNS_EPP-SL,30,100,150,594.0643947296015,31.185423612594604,88
i,2,2,100,0.95,s,VNS_EPP-SL,30,100,150,630.4089288437953,31.596333980560303,88
i,4,2,70,0.95,s,VNS_EPP-SL,30,100,150,411.44311972567465,26.970343112945557,88
i,4,2,75,0.95,s,VNS_EPP-SL,30,100,150,449.47588814560237,27.975861072540283,88
i,4,2,80,0.95,s,VNS_EPP-SL,30,100,150,478.2712159431934,28.60992407798767,88
i,4,2,85,0.95,s,VNS_EPP-SL,30,100,150,503.83110824570963,29.348243713378906,88
i,4,2,90,0.95,s,VNS_EPP-SL,30,100,150,549.0840511257932,30.55871343612671,88
i,4,2,95,0.95,s,VNS_EPP-SL,30,100,150,585.9074690608585,31.465559720993042,88
i,4,2,100,0.95,s,VNS_EPP-SL,30,100,150,632.823344791366,32.192896127700806,88
f,5,0,70,0.95,s,VNS_EPP-SL,30,100,150,399.0175598355055,27.534464359283447,88
f,5,0,75,0.95,s,VNS_EPP-SL,30,100,150,431.09729790625335,27.797553777694702,88
f,5,0,80,0.95,s,VNS_EPP-SL,30,100,150,457.5244340387742,28.488790273666382,88
f,5,0,85,0.95,s,VNS_EPP-SL,30,100,150,505.6218255176582,29.25793170928955,88
f,5,0,90,0.95,s,VNS_EPP-SL,30,100,150,533.9873556729209,29.715874671936035,88
f,5,0,95,0.95,s,VNS_EPP-SL,30,100,150,557.4263784429534,31.07676339149475,88
f,5,0,100,0.95,s,VNS_EPP-SL,30,100,150,616.2045153400094,32.22682189941406,88
i,1,2,70,0.95,s,VNS_EPP-SL,30,100,150,447.7914232371191,27.64846634864807,88
i,1,2,75,0.95,s,VNS_EPP-SL,30,100,150,468.2139421414356,28.053102016448975,88
i,1,2,80,0.95,s,VNS_EPP-SL,30,100,150,502.47470577424224,28.625580310821533,88
i,1,2,85,0.95,s,VNS_EPP-SL,30,100,150,539.4427789732072,29.641845703125,88
i,1,2,90,0.95,s,VNS_EPP-SL,30,100,150,576.3125229952649,30.608988046646118,88
i,1,2,95,0.95,s,VNS_EPP-SL,30,100,150,609.9640985557303,31.716537952423096,88
i,1,2,100,0.95,s,VNS_EPP-SL,30,100,150,648.8787215215461,32.12364053726196,88
i,5,1,70,0.95,s,VNS_EPP-SL,30,100,150,425.29110594337027,27.456866979599,88
i,5,1,75,0.95,s,VNS_EPP-SL,30,100,150,453.3906172258817,27.909472703933716,88
i,5,1,80,0.95,s,VNS_EPP-SL,30,100,150,494.15284452872294,28.40445852279663,88
i,5,1,85,0.95,s,VNS_EPP-SL,30,100,150,516.1861393693783,28.94432830810547,88
i,5,1,90,0.95,s,VNS_EPP-SL,30,100,150,562.2934965771585,29.619956254959106,88
i,5,1,95,0.95,s,VNS_EPP-SL,30,100,150,588.4195753881354,30.24041724205017,88
i,5,1,100,0.95,s,VNS_EPP-SL,30,100,150,643.790888204862,31.6579647064209,88
f,4,2,70,0.95,s,VNS_EPP-SL,30,100,150,459.4670393349882,26.137122631072998,88
f,4,2,75,0.95,s,VNS_EPP-SL,30,100,150,490.4280040602704,27.776726484298706,88
f,4,2,80,0.95,s,VNS_EPP-SL,30,100,150,524.4114937290792,27.918559551239014,88
f,4,2,85,0.95,s,VNS_EPP-SL,30,100,150,551.2557171179718,28.379645824432373,88
f,4,2,90,0.95,s,VNS_EPP-SL,30,100,150,591.0086761194656,29.757019996643066,88
f,4,2,95,0.95,s,VNS_EPP-SL,30,100,150,628.686195848407,31.25774908065796,88
f,4,2,100,0.95,s,VNS_EPP-SL,30,100,150,671.0420915655244,31.59164071083069,88
f,4,1,70,0.95,s,VNS_EPP-SL,30,100,150,470.2150244186892,27.381513118743896,88
f,4,1,75,0.95,s,VNS_EPP-SL,30,100,150,509.28177995419753,28.29846453666687,88
f,4,1,80,0.95,s,VNS_EPP-SL,30,100,150,545.2880793249393,28.75537371635437,88
f,4,1,85,0.95,s,VNS_EPP-SL,30,100,150,575.9897943228483,28.536601781845093,88
f,4,1,90,0.95,s,VNS_EPP-SL,30,100,150,605.1605115309501,29.094125509262085,88
f,4,1,95,0.95,s,VNS_EPP-SL,30,100,150,646.5092036518723,30.648099899291992,88
f,4,1,100,0.95,s,VNS_EPP-SL,30,100,150,685.0467578916682,30.64960241317749,88
f,3,1,70,0.95,s,VNS_EPP-SL,30,100,150,433.1464895621933,27.38312029838562,88
f,3,1,75,0.95,s,VNS_EPP-SL,30,100,150,461.6347257572234,28.176788568496704,88
f,3,1,80,0.95,s,VNS_EPP-SL,30,100,150,489.76698149560184,28.60265278816223,88
f,3,1,85,0.95,s,VNS_EPP-SL,30,100,150,527.9649760154861,28.384228467941284,88
f,3,1,90,0.95,s,VNS_EPP-SL,30,100,150,572.4582756095691,29.909945964813232,88
f,3,1,95,0.95,s,VNS_EPP-SL,30,100,150,606.6419805694026,30.984716415405273,88
f,3,1,100,0.95,s,VNS_EPP-SL,30,100,150,631.4937731041178,31.5278217792511,88
i,3,0,70,0.95,s,VNS_EPP-SL,30,100,150,391.4758642063887,26.51565718650818,88
i,3,0,75,0.95,s,VNS_EPP-SL,30,100,150,422.3373083144796,27.531992197036743,88
i,3,0,80,0.95,s,VNS_EPP-SL,30,100,150,462.26901127595187,27.542705059051514,88
i,3,0,85,0.95,s,VNS_EPP-SL,30,100,150,496.56311709012886,28.356060028076172,88
i,3,0,90,0.95,s,VNS_EPP-SL,30,100,150,531.9018020047222,29.78432273864746,88
i,3,0,95,0.95,s,VNS_EPP-SL,30,100,150,567.56927143227,29.823078393936157,88
i,3,0,100,0.95,s,VNS_EPP-SL,30,100,150,603.2465261013865,31.07967233657837,88
f,2,2,70,0.95,s,VNS_EPP-SL,30,100,150,458.1980883158208,26.27364683151245,88
f,2,2,75,0.95,s,VNS_EPP-SL,30,100,150,470.9671261641429,27.562064170837402,88
f,2,2,80,0.95,s,VNS_EPP-SL,30,100,150,514.1270808594242,27.797490119934082,88
f,2,2,85,0.95,s,VNS_EPP-SL,30,100,150,545.3352786587117,28.914526224136353,88
f,2,2,90,0.95,s,VNS_EPP-SL,30,100,150,577.1417814431572,28.811222076416016,88
f,2,2,95,0.95,s,VNS_EPP-SL,30,100,150,609.5474144610798,30.405831575393677,88
f,2,2,100,0.95,s,VNS_EPP-SL,30,100,150,650.7942642820789,30.70732045173645,88
i,2,0,70,0.95,s,VNS_EPP-SL,30,100,150,403.3430074543198,26.24594521522522,88
i,2,0,75,0.95,s,VNS_EPP-SL,30,100,150,454.2651824123064,27.139095306396484,88
i,2,0,80,0.95,s,VNS_EPP-SL,30,100,150,483.34871091752274,28.052695274353027,88
i,2,0,85,0.95,s,VNS_EPP-SL,30,100,150,529.6390244921325,31.76203417778015,88
i,2,0,90,0.95,s,VNS_EPP-SL,30,100,150,567.5014995611742,30.00230646133423,88
i,2,0,95,0.95,s,VNS_EPP-SL,30,100,150,597.9485845758235,32.828901290893555,88
i,2,0,100,0.95,s,VNS_EPP-SL,30,100,150,630.277509191763,30.628138065338135,88
f,3,2,70,0.95,s,VNS_EPP-SL,30,100,150,407.95009040826625,28.78979802131653,88
f,3,2,75,0.95,s,VNS_EPP-SL,30,100,150,442.2158422582294,29.41500997543335,88
f,3,2,80,0.95,s,VNS_EPP-SL,30,100,150,468.00823297302355,30.621176719665527,88
f,3,2,85,0.95,s,VNS_EPP-SL,30,100,150,507.590585766563,30.4630708694458,88
f,3,2,90,0.95,s,VNS_EPP-SL,30,100,150,534.1375853090295,30.63296151161194,88
f,3,2,95,0.95,s,VNS_EPP-SL,30,100,150,577.0262428394691,31.79379892349243,88
f,3,2,100,0.95,s,VNS_EPP-SL,30,100,150,614.8511225046897,31.987365245819092,88
f,5,2,70,0.95,s,VNS_EPP-SL,30,100,150,423.18212467121623,26.34357786178589,88
f,5,2,75,0.95,s,VNS_EPP-SL,30,100,150,462.4746043309449,27.103137254714966,88
f,5,2,80,0.95,s,VNS_EPP-SL,30,100,150,498.05564545909476,28.627772092819214,88
f,5,2,85,0.95,s,VNS_EPP-SL,30,100,150,534.140049640315,28.88442325592041,88
f,5,2,90,0.95,s,VNS_EPP-SL,30,100,150,554.4713489334669,29.506165742874146,88
f,5,2,95,0.95,s,VNS_EPP-SL,30,100,150,600.1538801165276,30.448435068130493,88
f,5,2,100,0.95,s,VNS_EPP-SL,30,100,150,634.6152255775972,30.655903577804565,88
i,3,1,70,0.95,s,VNS_EPP-SL,30,100,150,439.32863791786895,26.628040313720703,88
i,3,1,75,0.95,s,VNS_EPP-SL,30,100,150,484.3255843288,27.042968034744263,88
i,3,1,80,0.95,s,VNS_EPP-SL,30,100,150,508.7240538032569,27.26323914527893,88
i,3,1,85,0.95,s,VNS_EPP-SL,30,100,150,559.6976885632374,27.757952213287354,88
i,3,1,90,0.95,s,VNS_EPP-SL,30,100,150,581.1070394196026,28.66645359992981,88
i,3,1,95,0.95,s,VNS_EPP-SL,30,100,150,639.634646926061,30.1954288482666,88
i,3,1,100,0.95,s,VNS_EPP-SL,30,100,150,659.427937160353,29.720953464508057,88
f,5,1,70,0.95,s,VNS_EPP-SL,30,100,150,439.2261777249785,26.853983640670776,88
f,5,1,75,0.95,s,VNS_EPP-SL,30,100,150,477.70113789038123,26.883331537246704,88
f,5,1,80,0.95,s,VNS_EPP-SL,30,100,150,510.7547272488514,27.815852165222168,88
f,5,1,85,0.95,s,VNS_EPP-SL,30,100,150,541.3574778707375,28.835688829421997,88
f,5,1,90,0.95,s,VNS_EPP-SL,30,100,150,580.6358939776743,29.29211664199829,88
f,5,1,95,0.95,s,VNS_EPP-SL,30,100,150,626.1416041717723,30.54242253303528,88
f,5,1,100,0.95,s,VNS_EPP-SL,30,100,150,656.4441739589441,30.445424556732178,88
i,3,2,70,0.95,s,VNS_EPP-SL,30,100,150,394.51992048932584,26.6115403175354,88
i,3,2,75,0.95,s,VNS_EPP-SL,30,100,150,434.5518355521422,26.16042399406433,88
i,3,2,80,0.95,s,VNS_EPP-SL,30,100,150,465.439303485997,26.588663339614868,88
i,3,2,85,0.95,s,VNS_EPP-SL,30,100,150,501.37548743312726,27.492761611938477,88
i,3,2,90,0.95,s,VNS_EPP-SL,30,100,150,532.7129856833988,28.378469705581665,88
i,3,2,95,0.95,s,VNS_EPP-SL,30,100,150,565.017026415626,29.076613187789917,88
i,3,2,100,0.95,s,VNS_EPP-SL,30,100,150,601.1473535500155,30.19596552848816,88
f,2,0,70,0.95,s,VNS_EPP-SL,30,100,150,419.9520297961289,25.61891269683838,88
f,2,0,75,0.95,s,VNS_EPP-SL,30,100,150,454.8985041840748,26.3110933303833,88
f,2,0,80,0.95,s,VNS_EPP-SL,30,100,150,493.17564731820073,26.831944704055786,88
f,2,0,85,0.95,s,VNS_EPP-SL,30,100,150,520.9225746631746,28.065206050872803,88
f,2,0,90,0.95,s,VNS_EPP-SL,30,100,150,556.6521961288418,28.652414798736572,88
f,2,0,95,0.95,s,VNS_EPP-SL,30,100,150,596.8481522548291,28.05024528503418,88
f,2,0,100,0.95,s,VNS_EPP-SL,30,100,150,633.651927951891,30.197253704071045,88
i,4,0,70,1.03,s,VNS_EPP-SL,30,100,150,607.6586379307766,25.738742113113403,88
i,4,0,75,1.03,s,VNS_EPP-SL,30,100,150,675.1519723792508,27.68453884124756,88
i,4,0,80,1.03,s,VNS_EPP-SL,30,100,150,714.0523781687333,26.43807816505432,88
i,4,0,85,1.03,s,VNS_EPP-SL,30,100,150,783.9775986201919,27.800581455230713,88
i,4,0,90,1.03,s,VNS_EPP-SL,30,100,150,831.2821137444541,28.475847959518433,88
i,4,0,95,1.03,s,VNS_EPP-SL,30,100,150,883.7947870518907,28.67224431037903,88
i,4,0,100,1.03,s,VNS_EPP-SL,30,100,150,948.9637296341626,30.59141206741333,88
i,5,2,70,1.03,s,VNS_EPP-SL,30,100,150,605.1734522230234,27.5642831325531,88
i,5,2,75,1.03,s,VNS_EPP-SL,30,100,150,665.2145010725222,27.626544952392578,88
i,5,2,80,1.03,s,VNS_EPP-SL,30,100,150,712.9940405626025,27.02983331680298,88
i,5,2,85,1.03,s,VNS_EPP-SL,30,100,150,765.7324803134231,27.651809692382812,88
i,5,2,90,1.03,s,VNS_EPP-SL,30,100,150,808.196527129603,27.55083465576172,88
i,5,2,95,1.03,s,VNS_EPP-SL,30,100,150,883.5127334197039,28.860597610473633,88
i,5,2,100,1.03,s,VNS_EPP-SL,30,100,150,930.0680449397655,29.38984227180481,88
f,1,0,70,1.03,s,VNS_EPP-SL,30,100,150,617.951119483751,24.754279136657715,88
f,1,0,75,1.03,s,VNS_EPP-SL,30,100,150,678.9880753774687,24.91438603401184,88
f,1,0,80,1.03,s,VNS_EPP-SL,30,100,150,735.6446178451968,26.28909397125244,88
f,1,0,85,1.03,s,VNS_EPP-SL,30,100,150,804.2362066726347,26.493480920791626,88
f,1,0,90,1.03,s,VNS_EPP-SL,30,100,150,858.2550685819629,27.336541414260864,88
f,1,0,95,1.03,s,VNS_EPP-SL,30,100,150,914.2063764484188,27.879026412963867,88
f,1,0,100,1.03,s,VNS_EPP-SL,30,100,150,972.909483386827,28.651031732559204,88
i,1,1,70,1.03,s,VNS_EPP-SL,30,100,150,587.2702872761881,26.017550945281982,88
i,1,1,75,1.03,s,VNS_EPP-SL,30,100,150,654.410878125797,27.329237461090088,88
i,1,1,80,1.03,s,VNS_EPP-SL,30,100,150,719.297781265051,27.50494146347046,88
i,1,1,85,1.03,s,VNS_EPP-SL,30,100,150,763.9831892877091,27.93582320213318,88
i,1,1,90,1.03,s,VNS_EPP-SL,30,100,150,850.6651384296315,29.38974094390869,88
i,1,1,95,1.03,s,VNS_EPP-SL,30,100,150,906.5544932749394,30.17063617706299,88
i,1,1,100,1.03,s,VNS_EPP-SL,30,100,150,987.6402050785819,30.551424503326416,88
i,5,0,70,1.03,s,VNS_EPP-SL,30,100,150,660.0593111650255,25.934206247329712,88
i,5,0,75,1.03,s,VNS_EPP-SL,30,100,150,694.4399720661551,25.847679615020752,88
i,5,0,80,1.03,s,VNS_EPP-SL,30,100,150,757.54956349374,26.88462209701538,88
i,5,0,85,1.03,s,VNS_EPP-SL,30,100,150,814.5558566492422,27.421444416046143,88
i,5,0,90,1.03,s,VNS_EPP-SL,30,100,150,906.2980249075806,28.296170711517334,88
i,5,0,95,1.03,s,VNS_EPP-SL,30,100,150,948.9720643367789,28.47918677330017,88
i,5,0,100,1.03,s,VNS_EPP-SL,30,100,150,1039.1751585266302,29.964447021484375,88
i,4,1,70,1.03,s,VNS_EPP-SL,30,100,150,646.0042595696608,25.52165675163269,88
i,4,1,75,1.03,s,VNS_EPP-SL,30,100,150,691.3900434794849,25.916682481765747,88
i,4,1,80,1.03,s,VNS_EPP-SL,30,100,150,735.0174335553361,26.68093466758728,88
i,4,1,85,1.03,s,VNS_EPP-SL,30,100,150,789.0059673644238,26.971832036972046,88
i,4,1,90,1.03,s,VNS_EPP-SL,30,100,150,840.6381810217725,27.870091199874878,88
i,4,1,95,1.03,s,VNS_EPP-SL,30,100,150,904.8154450256606,28.373370885849,88
i,4,1,100,1.03,s,VNS_EPP-SL,30,100,150,983.1492461526731,29.50593614578247,88
f,4,0,70,1.03,s,VNS_EPP-SL,30,100,150,588.9874751152136,25.977858781814575,88
f,4,0,75,1.03,s,VNS_EPP-SL,30,100,150,666.7919405452062,26.127124786376953,88
f,4,0,80,1.03,s,VNS_EPP-SL,30,100,150,726.737298113205,26.87169623374939,88
f,4,0,85,1.03,s,VNS_EPP-SL,30,100,150,788.2141627012024,27.693005084991455,88
f,4,0,90,1.03,s,VNS_EPP-SL,30,100,150,824.8079340453137,28.404649257659912,88
f,4,0,95,1.03,s,VNS_EPP-SL,30,100,150,926.6116387969444,29.92974352836609,88
f,4,0,100,1.03,s,VNS_EPP-SL,30,100,150,964.7071079782465,29.61543583869934,88
i,1,0,70,1.03,s,VNS_EPP-SL,30,100,150,572.278516495088,25.590599060058594,88
i,1,0,75,1.03,s,VNS_EPP-SL,30,100,150,633.7301990283692,26.260269165039062,88
i,1,0,80,1.03,s,VNS_EPP-SL,30,100,150,667.199606811877,26.958013772964478,88
i,1,0,85,1.03,s,VNS_EPP-SL,30,100,150,743.379671494893,27.58042287826538,88
i,1,0,90,1.03,s,VNS_EPP-SL,30,100,150,785.0644611746662,28.380810737609863,88
i,1,0,95,1.03,s,VNS_EPP-SL,30,100,150,848.4260320616091,28.99870467185974,88
i,1,0,100,1.03,s,VNS_EPP-SL,30,100,150,903.9851789798469,30.025324821472168,88
f,3,0,70,1.03,s,VNS_EPP-SL,30,100,150,634.2318972748436,25.11530041694641,88
f,3,0,75,1.03,s,VNS_EPP-SL,30,100,150,698.2832362649181,25.26116681098938,88
f,3,0,80,1.03,s,VNS_EPP-SL,30,100,150,740.4583977386011,26.81235098838806,88
f,3,0,85,1.03,s,VNS_EPP-SL,30,100,150,816.1761352008967,27.062544345855713,88
f,3,0,90,1.03,s,VNS_EPP-SL,30,100,150,880.1833778956607,27.852909803390503,88
f,3,0,95,1.03,s,VNS_EPP-SL,30,100,150,923.3855818111372,28.70807194709778,88
f,3,0,100,1.03,s,VNS_EPP-SL,30,100,150,1005.8090132014704,29.236396074295044,88
f,1,1,70,1.03,s,VNS_EPP-SL,30,100,150,649.3650594220591,25.385249853134155,88
f,1,1,75,1.03,s,VNS_EPP-SL,30,100,150,707.8666238811626,26.09337043762207,88
f,1,1,80,1.03,s,VNS_EPP-SL,30,100,150,752.3811888699512,26.92644762992859,88
f,1,1,85,1.03,s,VNS_EPP-SL,30,100,150,800.9309557852853,27.794156312942505,88
f,1,1,90,1.03,s,VNS_EPP-SL,30,100,150,870.3756942160513,29.29236078262329,88
f,1,1,95,1.03,s,VNS_EPP-SL,30,100,150,928.3350651954642,28.73331594467163,88
f,1,1,100,1.03,s,VNS_EPP-SL,30,100,150,1007.0826556928192,29.817058086395264,88
f,1,2,70,1.03,s,VNS_EPP-SL,30,100,150,651.8816858271358,26.69041347503662,88
f,1,2,75,1.03,s,VNS_EPP-SL,30,100,150,719.7383663333693,26.777947902679443,88
f,1,2,80,1.03,s,VNS_EPP-SL,30,100,150,754.8789407391904,27.02372169494629,88
f,1,2,85,1.03,s,VNS_EPP-SL,30,100,150,822.6368620102745,28.063020944595337,88
f,1,2,90,1.03,s,VNS_EPP-SL,30,100,150,857.5923181752731,29.617528676986694,88
f,1,2,95,1.03,s,VNS_EPP-SL,30,100,150,919.0429637242316,29.036921739578247,88
f,1,2,100,1.03,s,VNS_EPP-SL,30,100,150,982.3075497231298,30.042027235031128,88
i,2,1,70,1.03,s,VNS_EPP-SL,30,100,150,621.5170604914662,25.600825786590576,88
i,2,1,75,1.03,s,VNS_EPP-SL,30,100,150,670.8963089128931,26.924732208251953,88
i,2,1,80,1.03,s,VNS_EPP-SL,30,100,150,728.1383241797021,27.215738534927368,88
i,2,1,85,1.03,s,VNS_EPP-SL,30,100,150,785.8895203285613,27.47843337059021,88
i,2,1,90,1.03,s,VNS_EPP-SL,30,100,150,845.047460557975,28.600005388259888,88
i,2,1,95,1.03,s,VNS_EPP-SL,30,100,150,912.6851965209823,29.08477544784546,88
i,2,1,100,1.03,s,VNS_EPP-SL,30,100,150,967.0065200303457,30.11886715888977,88
i,2,2,70,1.03,s,VNS_EPP-SL,30,100,150,627.8222116945655,26.348315477371216,88
i,2,2,75,1.03,s,VNS_EPP-SL,30,100,150,678.2733534622083,26.475921869277954,88
i,2,2,80,1.03,s,VNS_EPP-SL,30,100,150,734.3384076786286,27.114195108413696,88
i,2,2,85,1.03,s,VNS_EPP-SL,30,100,150,791.3736691163899,28.30718183517456,88
i,2,2,90,1.03,s,VNS_EPP-SL,30,100,150,853.662760639696,28.68327498435974,88
i,2,2,95,1.03,s,VNS_EPP-SL,30,100,150,899.8026344026932,30.27176022529602,88
i,2,2,100,1.03,s,VNS_EPP-SL,30,100,150,951.4975955912444,30.13222885131836,88
i,4,2,70,1.03,s,VNS_EPP-SL,30,100,150,585.2468890939327,25.505263805389404,88
i,4,2,75,1.03,s,VNS_EPP-SL,30,100,150,656.4664722497271,27.290485858917236,88
i,4,2,80,1.03,s,VNS_EPP-SL,30,100,150,711.0383578357087,28.46957540512085,88
i,4,2,85,1.03,s,VNS_EPP-SL,30,100,150,761.7252329817628,28.438182592391968,88
i,4,2,90,1.03,s,VNS_EPP-SL,30,100,150,812.1354856047179,29.37520718574524,88
i,4,2,95,1.03,s,VNS_EPP-SL,30,100,150,886.8400308903571,30.425387144088745,88
i,4,2,100,1.03,s,VNS_EPP-SL,30,100,150,958.1140101538012,31.668133974075317,88
f,5,0,70,1.03,s,VNS_EPP-SL,30,100,150,566.3062110958782,27.390268087387085,88
f,5,0,75,1.03,s,VNS_EPP-SL,30,100,150,652.9084134703273,29.78483271598816,88
f,5,0,80,1.03,s,VNS_EPP-SL,30,100,150,688.1066321084654,32.13634443283081,88
f,5,0,85,1.03,s,VNS_EPP-SL,30,100,150,745.4638731431647,31.548360109329224,88
f,5,0,90,1.03,s,VNS_EPP-SL,30,100,150,806.1752338501742,34.25274586677551,88
f,5,0,95,1.03,s,VNS_EPP-SL,30,100,150,859.8151741704161,33.67907452583313,88
f,5,0,100,1.03,s,VNS_EPP-SL,30,100,150,940.1478540600049,36.88806891441345,88
i,1,2,70,1.03,s,VNS_EPP-SL,30,100,150,627.2223512182418,32.947009801864624,88
i,1,2,75,1.03,s,VNS_EPP-SL,30,100,150,708.7051587206374,33.30694627761841,88
i,1,2,80,1.03,s,VNS_EPP-SL,30,100,150,749.7917436154077,31.897174835205078,88
i,1,2,85,1.03,s,VNS_EPP-SL,30,100,150,813.6848255548374,29.65958261489868,88
i,1,2,90,1.03,s,VNS_EPP-SL,30,100,150,871.8741584226285,31.71713137626648,88
i,1,2,95,1.03,s,VNS_EPP-SL,30,100,150,917.9613541984587,32.0586097240448,88
i,1,2,100,1.03,s,VNS_EPP-SL,30,100,150,981.3711457049588,36.13559556007385,88
i,5,1,70,1.03,s,VNS_EPP-SL,30,100,150,613.8660332362865,28.292941331863403,88
i,5,1,75,1.03,s,VNS_EPP-SL,30,100,150,662.5117672803051,31.840534210205078,88
i,5,1,80,1.03,s,VNS_EPP-SL,30,100,150,723.1271838940798,28.628226041793823,88
i,5,1,85,1.03,s,VNS_EPP-SL,30,100,150,776.0393685369619,27.945586919784546,88
i,5,1,90,1.03,s,VNS_EPP-SL,30,100,150,839.9856035848921,32.381067752838135,88
i,5,1,95,1.03,s,VNS_EPP-SL,30,100,150,883.2323727661064,29.45938801765442,88
i,5,1,100,1.03,s,VNS_EPP-SL,30,100,150,969.5661737105638,32.65771842002869,88
f,4,2,70,1.03,s,VNS_EPP-SL,30,100,150,675.3970606574603,26.89705753326416,88
f,4,2,75,1.03,s,VNS_EPP-SL,30,100,150,720.1669136754751,26.912282943725586,88
f,4,2,80,1.03,s,VNS_EPP-SL,30,100,150,769.7897869436272,26.56267786026001,88
f,4,2,85,1.03,s,VNS_EPP-SL,30,100,150,819.2781646618896,27.605398416519165,88
f,4,2,90,1.03,s,VNS_EPP-SL,30,100,150,881.6623467657809,28.485960006713867,88
f,4,2,95,1.03,s,VNS_EPP-SL,30,100,150,919.2540997987741,29.179934978485107,88
f,4,2,100,1.03,s,VNS_EPP-SL,30,100,150,1016.5154490542742,29.66018033027649,88
f,4,1,70,1.03,s,VNS_EPP-SL,30,100,150,681.8586437416456,26.566246271133423,88
f,4,1,75,1.03,s,VNS_EPP-SL,30,100,150,741.6514172147749,26.98859930038452,88
f,4,1,80,1.03,s,VNS_EPP-SL,30,100,150,793.35426710791,27.097351551055908,88
f,4,1,85,1.03,s,VNS_EPP-SL,30,100,150,839.5835706410875,27.968709707260132,88
f,4,1,90,1.03,s,VNS_EPP-SL,30,100,150,897.5817941563088,29.101664781570435,88
f,4,1,95,1.03,s,VNS_EPP-SL,30,100,150,957.0149620706335,30.343074798583984,88
f,4,1,100,1.03,s,VNS_EPP-SL,30,100,150,1024.254000990219,29.763241052627563,88
f,3,1,70,1.03,s,VNS_EPP-SL,30,100,150,628.5701895547968,25.73869037628174,88
f,3,1,75,1.03,s,VNS_EPP-SL,30,100,150,666.7350281189334,26.366902828216553,88
f,3,1,80,1.03,s,VNS_EPP-SL,30,100,150,729.8251920603291,27.9525887966156,88
f,3,1,85,1.03,s,VNS_EPP-SL,30,100,150,786.9135124993948,27.959885597229004,88
f,3,1,90,1.03,s,VNS_EPP-SL,30,100,150,837.9122611146349,29.17116117477417,88
f,3,1,95,1.03,s,VNS_EPP-SL,30,100,150,923.6588989441691,29.20940613746643,88
f,3,1,100,1.03,s,VNS_EPP-SL,30,100,150,952.4977528629133,30.388455867767334,88
i,3,0,70,1.03,s,VNS_EPP-SL,30,100,150,575.9150167126247,25.465515613555908,88
i,3,0,75,1.03,s,VNS_EPP-SL,30,100,150,622.8566091801941,26.03834867477417,88
i,3,0,80,1.03,s,VNS_EPP-SL,30,100,150,683.7493497244812,28.102027654647827,88
i,3,0,85,1.03,s,VNS_EPP-SL,30,100,150,734.9506157407711,27.48860239982605,88
i,3,0,90,1.03,s,VNS_EPP-SL,30,100,150,790.3164159450873,27.902774810791016,88
i,3,0,95,1.03,s,VNS_EPP-SL,30,100,150,846.5205431059976,29.46660017967224,88
i,3,0,100,1.03,s,VNS_EPP-SL,30,100,150,916.4747183650526,29.47156000137329,88
f,2,2,70,1.03,s,VNS_EPP-SL,30,100,150,645.9491061305524,25.454728364944458,88
f,2,2,75,1.03,s,VNS_EPP-SL,30,100,150,695.3785663777097,26.33696961402893,88
f,2,2,80,1.03,s,VNS_EPP-SL,30,100,150,751.9907228242176,27.05074119567871,88
f,2,2,85,1.03,s,VNS_EPP-SL,30,100,150,806.2664126707451,26.918739318847656,88
f,2,2,90,1.03,s,VNS_EPP-SL,30,100,150,854.5372554310751,28.238434076309204,88
f,2,2,95,1.03,s,VNS_EPP-SL,30,100,150,905.637421560429,28.93052864074707,88
f,2,2,100,1.03,s,VNS_EPP-SL,30,100,150,972.0336325643555,29.621153354644775,88
i,2,0,70,1.03,s,VNS_EPP-SL,30,100,150,584.0621992059554,25.08882784843445,88
i,2,0,75,1.03,s,VNS_EPP-SL,30,100,150,668.0148604065162,25.92573380470276,88
i,2,0,80,1.03,s,VNS_EPP-SL,30,100,150,718.2552580804517,26.100291967391968,88
i,2,0,85,1.03,s,VNS_EPP-SL,30,100,150,779.0757016075626,27.096598625183105,88
i,2,0,90,1.03,s,VNS_EPP-SL,30,100,150,844.6305382478407,28.794169425964355,88
i,2,0,95,1.03,s,VNS_EPP-SL,30,100,150,895.3985198031775,30.488882541656494,88
i,2,0,100,1.03,s,VNS_EPP-SL,30,100,150,967.5281066748875,30.663830280303955,88
f,3,2,70,1.03,s,VNS_EPP-SL,30,100,150,601.1892631797289,26.93781590461731,88
f,3,2,75,1.03,s,VNS_EPP-SL,30,100,150,635.3279831601747,27.96568775177002,88
f,3,2,80,1.03,s,VNS_EPP-SL,30,100,150,687.2401984367074,28.486682653427124,88
f,3,2,85,1.03,s,VNS_EPP-SL,30,100,150,754.150133489442,29.400601625442505,88
f,3,2,90,1.03,s,VNS_EPP-SL,30,100,150,791.1838308439037,30.126272916793823,88
f,3,2,95,1.03,s,VNS_EPP-SL,30,100,150,850.2851238427437,31.51306390762329,88
f,3,2,100,1.03,s,VNS_EPP-SL,30,100,150,925.2573449085384,32.43737578392029,88
f,5,2,70,1.03,s,VNS_EPP-SL,30,100,150,610.9874262336741,27.615094900131226,88
f,5,2,75,1.03,s,VNS_EPP-SL,30,100,150,676.3243299768397,29.274052619934082,88
f,5,2,80,1.03,s,VNS_EPP-SL,30,100,150,718.166314228317,29.367449045181274,88
f,5,2,85,1.03,s,VNS_EPP-SL,30,100,150,787.3074991793557,29.906601905822754,88
f,5,2,90,1.03,s,VNS_EPP-SL,30,100,150,830.3282798370606,32.70932698249817,88
f,5,2,95,1.03,s,VNS_EPP-SL,30,100,150,887.4517503728434,31.755998373031616,88
f,5,2,100,1.03,s,VNS_EPP-SL,30,100,150,951.4905159038957,32.48131704330444,88
i,3,1,70,1.03,s,VNS_EPP-SL,30,100,150,637.6642015309379,26.752137660980225,88
i,3,1,75,1.03,s,VNS_EPP-SL,30,100,150,732.0357209847613,28.68921995162964,88
i,3,1,80,1.03,s,VNS_EPP-SL,30,100,150,753.2672608420908,28.445446968078613,88
i,3,1,85,1.03,s,VNS_EPP-SL,30,100,150,836.3140209841423,31.9795663356781,88
i,3,1,90,1.03,s,VNS_EPP-SL,30,100,150,857.4656414973958,29.931386947631836,88
i,3,1,95,1.03,s,VNS_EPP-SL,30,100,150,960.6211977542258,31.32498264312744,88
i,3,1,100,1.03,s,VNS_EPP-SL,30,100,150,988.6611037987503,30.741117000579834,88
f,5,1,70,1.03,s,VNS_EPP-SL,30,100,150,624.8835198277374,28.031476497650146,88
f,5,1,75,1.03,s,VNS_EPP-SL,30,100,150,700.1850882380645,27.930848360061646,88
f,5,1,80,1.03,s,VNS_EPP-SL,30,100,150,750.8162078513355,27.87863779067993,88
f,5,1,85,1.03,s,VNS_EPP-SL,30,100,150,799.3421822401974,28.623588800430298,88
f,5,1,90,1.03,s,VNS_EPP-SL,30,100,150,869.5010658272382,29.12906050682068,88
f,5,1,95,1.03,s,VNS_EPP-SL,30,100,150,930.1118343071585,32.07625126838684,88
f,5,1,100,1.03,s,VNS_EPP-SL,30,100,150,984.410598277384,31.3621928691864,88
i,3,2,70,1.03,s,VNS_EPP-SL,30,100,150,590.7707497084999,25.863168239593506,88
i,3,2,75,1.03,s,VNS_EPP-SL,30,100,150,646.6077214347167,26.574706554412842,88
i,3,2,80,1.03,s,VNS_EPP-SL,30,100,150,680.0403906822132,27.92547059059143,88
i,3,2,85,1.03,s,VNS_EPP-SL,30,100,150,749.4357176611134,27.733428478240967,88
i,3,2,90,1.03,s,VNS_EPP-SL,30,100,150,786.1242326649614,29.629363775253296,88
i,3,2,95,1.03,s,VNS_EPP-SL,30,100,150,853.2668625087581,29.59232997894287,88
i,3,2,100,1.03,s,VNS_EPP-SL,30,100,150,914.9179091366515,30.168200254440308,88
f,2,0,70,1.03,s,VNS_EPP-SL,30,100,150,612.593662826645,25.944627046585083,88
f,2,0,75,1.03,s,VNS_EPP-SL,30,100,150,669.8386259872316,25.27102518081665,88
f,2,0,80,1.03,s,VNS_EPP-SL,30,100,150,724.4981844340803,26.231925010681152,88
f,2,0,85,1.03,s,VNS_EPP-SL,30,100,150,790.1368663789816,27.186091661453247,88
f,2,0,90,1.03,s,VNS_EPP-SL,30,100,150,828.0008338958025,27.513665676116943,88
f,2,0,95,1.03,s,VNS_EPP-SL,30,100,150,910.8944303038004,28.813037872314453,88
f,2,0,100,1.03,s,VNS_EPP-SL,30,100,150,966.7877226235562,29.166914701461792,88
