i,4,0,70,0.99,s,VNS_EPP-PSL,30,100,150,547.4272154851,30.3242795467,88
i,4,0,75,0.99,s,VNS_EPP-PSL,30,100,150,603.7956636673,30.5430278778,88
i,4,0,80,0.99,s,VNS_EPP-PSL,30,100,150,630.477288034,30.3557741642,88
i,4,0,85,0.99,s,VNS_EPP-PSL,30,100,150,694.9372859694,31.8023159504,88
i,4,0,90,0.99,s,VNS_EPP-PSL,30,100,150,730.282500764,32.9762108326,88
i,4,0,95,0.99,s,VNS_EPP-PSL,30,100,150,802.8946726898,36.9755802155,88
i,4,0,100,0.99,s,VNS_EPP-PSL,30,100,150,838.9885222017,34.8344333172,88
i,5,2,70,0.99,s,VNS_EPP-PSL,30,100,150,523.6543242375,28.8284342289,88
i,5,2,75,0.99,s,VNS_EPP-PSL,30,100,150,571.3937741427,31.5423119068,88
i,5,2,80,0.99,s,VNS_EPP-PSL,30,100,150,615.0805070888,30.5907702446,88
i,5,2,85,0.99,s,VNS_EPP-PSL,30,100,150,675.5811923613,30.9201226234,88
i,5,2,90,0.99,s,VNS_EPP-PSL,30,100,150,706.3521704895,32.265848875,88
i,5,2,95,0.99,s,VNS_EPP-PSL,30,100,150,756.7609755312,33.0473201275,88
i,5,2,100,0.99,s,VNS_EPP-PSL,30,100,150,821.3123151423,33.7782099247,88
f,1,0,70,0.99,s,VNS_EPP-PSL,30,100,150,559.8264698895,28.0420758724,88
f,1,0,75,0.99,s,VNS_EPP-PSL,30,100,150,601.1870425473,28.7080938816,88
f,1,0,80,0.99,s,VNS_EPP-PSL,30,100,150,652.8919309759,29.5031745434,88
f,1,0,85,0.99,s,VNS_EPP-PSL,30,100,150,708.1519808769,31.1504290104,88
f,1,0,90,0.99,s,VNS_EPP-PSL,30,100,150,772.4796931144,31.2837605476,88
f,1,0,95,0.99,s,VNS_EPP-PSL,30,100,150,818.0716921952,31.7829110622,88
f,1,0,100,0.99,s,VNS_EPP-PSL,30,100,150,877.619974306,33.4206860065,88
i,1,1,70,0.99,s,VNS_EPP-PSL,30,100,150,538.937149209,29.9126591682,88
i,1,1,75,0.99,s,VNS_EPP-PSL,30,100,150,566.9185438684,31.1119413376,88
i,1,1,80,0.99,s,VNS_EPP-PSL,30,100,150,640.3911542134,31.7747225761,88
i,1,1,85,0.99,s,VNS_EPP-PSL,30,100,150,682.3901348425,32.1724247932,88
i,1,1,90,0.99,s,VNS_EPP-PSL,30,100,150,753.7351006078,33.9786343575,88
i,1,1,95,0.99,s,VNS_EPP-PSL,30,100,150,795.9368853147,34.2834460735,88
i,1,1,100,0.99,s,VNS_EPP-PSL,30,100,150,878.4359301888,35.5723888874,88
i,5,0,70,0.99,s,VNS_EPP-PSL,30,100,150,578.3691404676,29.372064352,88
i,5,0,75,0.99,s,VNS_EPP-PSL,30,100,150,616.9947955486,30.0910849571,88
i,5,0,80,0.99,s,VNS_EPP-PSL,30,100,150,688.0643873734,30.8760674,88
i,5,0,85,0.99,s,VNS_EPP-PSL,30,100,150,736.6910009326,31.1815183163,88
i,5,0,90,0.99,s,VNS_EPP-PSL,30,100,150,818.5082592297,32.5954415798,88
i,5,0,95,0.99,s,VNS_EPP-PSL,30,100,150,844.8806399778,32.909788847,88
i,5,0,100,0.99,s,VNS_EPP-PSL,30,100,150,930.3771842712,34.0847971439,88
i,4,1,70,0.99,s,VNS_EPP-PSL,30,100,150,539.9295245978,29.188126564,88
i,4,1,75,0.99,s,VNS_EPP-PSL,30,100,150,619.1129910254,29.4197883606,88
i,4,1,80,0.99,s,VNS_EPP-PSL,30,100,150,652.818194157,30.9470746517,88
i,4,1,85,0.99,s,VNS_EPP-PSL,30,100,150,698.0612683289,30.6810355186,88
i,4,1,90,0.99,s,VNS_EPP-PSL,30,100,150,763.022266676,31.5134193897,88
i,4,1,95,0.99,s,VNS_EPP-PSL,30,100,150,817.3911071587,32.5888712406,88
i,4,1,100,0.99,s,VNS_EPP-PSL,30,100,150,873.1906011141,33.6000771523,88
f,4,0,70,0.99,s,VNS_EPP-PSL,30,100,150,536.1741788372,29.972080946,88
f,4,0,75,0.99,s,VNS_EPP-PSL,30,100,150,601.2942172215,30.4263796806,88
f,4,0,80,0.99,s,VNS_EPP-PSL,30,100,150,638.9833727095,30.3869435787,88
f,4,0,85,0.99,s,VNS_EPP-PSL,30,100,150,714.2323730862,31.7426273823,88
f,4,0,90,0.99,s,VNS_EPP-PSL,30,100,150,737.6270005526,32.9416563511,88
f,4,0,95,0.99,s,VNS_EPP-PSL,30,100,150,814.8336349489,33.4560961723,88
f,4,0,100,0.99,s,VNS_EPP-PSL,30,100,150,863.6817892738,35.0495641232,88
i,1,0,70,0.99,s,VNS_EPP-PSL,30,100,150,495.5816177639,29.6576936245,88
i,1,0,75,0.99,s,VNS_EPP-PSL,30,100,150,551.1764581894,29.6910126209,88
i,1,0,80,0.99,s,VNS_EPP-PSL,30,100,150,590.7859531671,31.0882925987,88
i,1,0,85,0.99,s,VNS_EPP-PSL,30,100,150,664.6859863099,31.7580652237,88
i,1,0,90,0.99,s,VNS_EPP-PSL,30,100,150,701.5608118823,32.0831403732,88
i,1,0,95,0.99,s,VNS_EPP-PSL,30,100,150,745.2742307821,33.0307052135,88
i,1,0,100,0.99,s,VNS_EPP-PSL,30,100,150,810.1745742333,33.8202676773,88
f,3,0,70,0.99,s,VNS_EPP-PSL,30,100,150,562.7928987035,28.9722430706,88
f,3,0,75,0.99,s,VNS_EPP-PSL,30,100,150,614.5408728159,29.9040448666,88
f,3,0,80,0.99,s,VNS_EPP-PSL,30,100,150,670.4154102834,30.1299436092,88
f,3,0,85,0.99,s,VNS_EPP-PSL,30,100,150,711.0051087097,30.7976815701,88
f,3,0,90,0.99,s,VNS_EPP-PSL,30,100,150,779.2033675858,32.7698786259,88
f,3,0,95,0.99,s,VNS_EPP-PSL,30,100,150,840.2107782195,32.2893218994,88
f,3,0,100,0.99,s,VNS_EPP-PSL,30,100,150,894.0863538961,33.5789625645,88
f,1,1,70,0.99,s,VNS_EPP-PSL,30,100,150,559.9874795692,29.815076828,88
f,1,1,75,0.99,s,VNS_EPP-PSL,30,100,150,622.8191485345,30.378269434,88
f,1,1,80,0.99,s,VNS_EPP-PSL,30,100,150,665.880268991,30.8953640461,88
f,1,1,85,0.99,s,VNS_EPP-PSL,30,100,150,712.1838684727,31.6164062023,88
f,1,1,90,0.99,s,VNS_EPP-PSL,30,100,150,778.5997307485,32.7456841469,88
f,1,1,95,0.99,s,VNS_EPP-PSL,30,100,150,810.7254323112,33.5265927315,88
f,1,1,100,0.99,s,VNS_EPP-PSL,30,100,150,895.2436008838,34.4947943687,88
f,1,2,70,0.99,s,VNS_EPP-PSL,30,100,150,571.1040916728,29.4740927219,88
f,1,2,75,0.99,s,VNS_EPP-PSL,30,100,150,642.944532088,30.4697217941,88
f,1,2,80,0.99,s,VNS_EPP-PSL,30,100,150,654.5858254066,31.5562155247,88
f,1,2,85,0.99,s,VNS_EPP-PSL,30,100,150,722.4969013533,31.6278278828,88
f,1,2,90,0.99,s,VNS_EPP-PSL,30,100,150,760.8847371254,33.1291236877,88
f,1,2,95,0.99,s,VNS_EPP-PSL,30,100,150,817.3287423316,34.3476209641,88
f,1,2,100,0.99,s,VNS_EPP-PSL,30,100,150,873.1947436354,34.4376256466,88
i,2,1,70,0.99,s,VNS_EPP-PSL,30,100,150,551.3029353556,29.352481842,88
i,2,1,75,0.99,s,VNS_EPP-PSL,30,100,150,603.2444041986,29.6587033272,88
i,2,1,80,0.99,s,VNS_EPP-PSL,30,100,150,659.2744757694,30.335013628,88
i,2,1,85,0.99,s,VNS_EPP-PSL,30,100,150,709.9884510043,31.6624302864,88
i,2,1,90,0.99,s,VNS_EPP-PSL,30,100,150,745.4455059593,32.0345752239,88
i,2,1,95,0.99,s,VNS_EPP-PSL,30,100,150,807.6569272973,33.2672524452,88
i,2,1,100,0.99,s,VNS_EPP-PSL,30,100,150,846.6846722578,34.5680813789,88
i,2,2,70,0.99,s,VNS_EPP-PSL,30,100,150,545.3978610623,29.7297055721,88
i,2,2,75,0.99,s,VNS_EPP-PSL,30,100,150,599.3526188349,30.893052578,88
i,2,2,80,0.99,s,VNS_EPP-PSL,30,100,150,667.7167644891,30.6178896427,88
i,2,2,85,0.99,s,VNS_EPP-PSL,30,100,150,687.7264482707,32.349063158,88
i,2,2,90,0.99,s,VNS_EPP-PSL,30,100,150,733.9860098968,32.7237308025,88
i,2,2,95,0.99,s,VNS_EPP-PSL,30,100,150,794.6584698238,33.6006402969,88
i,2,2,100,0.99,s,VNS_EPP-PSL,30,100,150,834.6093819884,34.8568491936,88
i,4,2,70,0.99,s,VNS_EPP-PSL,30,100,150,522.915436023,29.2148442268,88
i,4,2,75,0.99,s,VNS_EPP-PSL,30,100,150,581.1241157366,30.1759538651,88
i,4,2,80,0.99,s,VNS_EPP-PSL,30,100,150,619.2747951779,31.2447879314,88
i,4,2,85,0.99,s,VNS_EPP-PSL,30,100,150,676.5009923877,32.0544071198,88
i,4,2,90,0.99,s,VNS_EPP-PSL,30,100,150,730.7191805119,32.7224252224,88
i,4,2,95,0.99,s,VNS_EPP-PSL,30,100,150,793.8481479524,34.1455025673,88
i,4,2,100,0.99,s,VNS_EPP-PSL,30,100,150,859.067034467,35.1541531086,88
f,5,0,70,0.99,s,VNS_EPP-PSL,30,100,150,512.6052259679,29.0492401123,88
f,5,0,75,0.99,s,VNS_EPP-PSL,30,100,150,574.2733376355,31.9682114124,88
f,5,0,80,0.99,s,VNS_EPP-PSL,30,100,150,606.2559887695,30.9568305016,88
f,5,0,85,0.99,s,VNS_EPP-PSL,30,100,150,673.3185106345,33.2026488781,88
f,5,0,90,0.99,s,VNS_EPP-PSL,30,100,150,734.9465538669,32.4755251408,88
f,5,0,95,0.99,s,VNS_EPP-PSL,30,100,150,772.0434676137,34.7537248135,88
f,5,0,100,0.99,s,VNS_EPP-PSL,30,100,150,838.3358450009,35.8807544708,88
i,1,2,70,0.99,s,VNS_EPP-PSL,30,100,150,573.1444684703,34.3421618938,88
i,1,2,75,0.99,s,VNS_EPP-PSL,30,100,150,613.2638328745,35.870036602,88
i,1,2,80,0.99,s,VNS_EPP-PSL,30,100,150,658.5763804357,35.8957257271,88
i,1,2,85,0.99,s,VNS_EPP-PSL,30,100,150,716.3426580242,36.7774076462,88
i,1,2,90,0.99,s,VNS_EPP-PSL,30,100,150,764.5251926157,39.1885285378,88
i,1,2,95,0.99,s,VNS_EPP-PSL,30,100,150,822.511025839,37.5091707706,88
i,1,2,100,0.99,s,VNS_EPP-PSL,30,100,150,871.9286911671,39.5460538864,88
i,5,1,70,0.99,s,VNS_EPP-PSL,30,100,150,547.9382599495,30.1197192669,88
i,5,1,75,0.99,s,VNS_EPP-PSL,30,100,150,601.0432809491,30.8850717545,88
i,5,1,80,0.99,s,VNS_EPP-PSL,30,100,150,647.4743873084,31.0006549358,88
i,5,1,85,0.99,s,VNS_EPP-PSL,30,100,150,699.2126605212,32.9747087955,88
i,5,1,90,0.99,s,VNS_EPP-PSL,30,100,150,748.34048615,32.7414309978,88
i,5,1,95,0.99,s,VNS_EPP-PSL,30,100,150,793.3098871388,33.3365907669,88
i,5,1,100,0.99,s,VNS_EPP-PSL,30,100,150,870.6730884852,35.2929704189,88
f,4,2,70,0.99,s,VNS_EPP-PSL,30,100,150,596.0847761587,31.6562476158,88
f,4,2,75,0.99,s,VNS_EPP-PSL,30,100,150,634.9529482303,30.9524760246,88
f,4,2,80,0.99,s,VNS_EPP-PSL,30,100,150,676.3674833603,31.9230582714,88
f,4,2,85,0.99,s,VNS_EPP-PSL,30,100,150,724.5269600487,31.642154932,88
f,4,2,90,0.99,s,VNS_EPP-PSL,30,100,150,782.4450840166,32.7069129944,88
f,4,2,95,0.99,s,VNS_EPP-PSL,30,100,150,835.566477808,33.4660542011,88
f,4,2,100,0.99,s,VNS_EPP-PSL,30,100,150,909.9183529565,35.7920308113,88
f,4,1,70,0.99,s,VNS_EPP-PSL,30,100,150,602.9228061347,29.4048812389,88
f,4,1,75,0.99,s,VNS_EPP-PSL,30,100,150,654.7004320997,30.8892345428,88
f,4,1,80,0.99,s,VNS_EPP-PSL,30,100,150,699.1568436783,31.132686615,88
f,4,1,85,0.99,s,VNS_EPP-PSL,30,100,150,756.1662063286,31.8849327564,88
f,4,1,90,0.99,s,VNS_EPP-PSL,30,100,150,798.4207002665,32.0187206268,88
f,4,1,95,0.99,s,VNS_EPP-PSL,30,100,150,846.0232563762,33.1088631153,88
f,4,1,100,0.99,s,VNS_EPP-PSL,30,100,150,906.5836843692,34.8382782936,88
f,3,1,70,0.99,s,VNS_EPP-PSL,30,100,150,550.143602832,29.5249304771,88
f,3,1,75,0.99,s,VNS_EPP-PSL,30,100,150,607.3321016312,30.9434006214,88
f,3,1,80,0.99,s,VNS_EPP-PSL,30,100,150,649.7621981989,31.2412104607,88
f,3,1,85,0.99,s,VNS_EPP-PSL,30,100,150,698.7481880975,31.7565026283,88
f,3,1,90,0.99,s,VNS_EPP-PSL,30,100,150,758.2167952708,32.6156978607,88
f,3,1,95,0.99,s,VNS_EPP-PSL,30,100,150,805.7308876553,34.5216431618,88
f,3,1,100,0.99,s,VNS_EPP-PSL,30,100,150,846.9880460101,34.5574924946,88
i,3,0,70,0.99,s,VNS_EPP-PSL,30,100,150,492.8510410993,28.8089187145,88
i,3,0,75,0.99,s,VNS_EPP-PSL,30,100,150,544.1096252373,30.2524945736,88
i,3,0,80,0.99,s,VNS_EPP-PSL,30,100,150,606.5000372306,30.4624931812,88
i,3,0,85,0.99,s,VNS_EPP-PSL,30,100,150,647.1699870985,31.7333323956,88
i,3,0,90,0.99,s,VNS_EPP-PSL,30,100,150,704.1308153162,32.258054018,88
i,3,0,95,0.99,s,VNS_EPP-PSL,30,100,150,757.8848238619,33.7029745579,88
i,3,0,100,0.99,s,VNS_EPP-PSL,30,100,150,819.3313847977,34.0608487129,88
f,2,2,70,0.99,s,VNS_EPP-PSL,30,100,150,580.0965507569,30.1232895851,88
f,2,2,75,0.99,s,VNS_EPP-PSL,30,100,150,615.1460814711,29.9703607559,88
f,2,2,80,0.99,s,VNS_EPP-PSL,30,100,150,661.0375933345,30.7112631798,88
f,2,2,85,0.99,s,VNS_EPP-PSL,30,100,150,709.7004547559,31.0103025436,88
f,2,2,90,0.99,s,VNS_EPP-PSL,30,100,150,772.924940726,32.9880781174,88
f,2,2,95,0.99,s,VNS_EPP-PSL,30,100,150,805.748219091,32.6396956444,88
f,2,2,100,0.99,s,VNS_EPP-PSL,30,100,150,873.4168016673,35.2529025078,88
i,2,0,70,0.99,s,VNS_EPP-PSL,30,100,150,526.5599735114,28.6918418407,88
i,2,0,75,0.99,s,VNS_EPP-PSL,30,100,150,586.0152487669,29.4938635826,88
i,2,0,80,0.99,s,VNS_EPP-PSL,30,100,150,638.1528605555,30.6292123795,88
i,2,0,85,0.99,s,VNS_EPP-PSL,30,100,150,705.5751905433,31.8312814236,88
i,2,0,90,0.99,s,VNS_EPP-PSL,30,100,150,755.9728410766,31.7062022686,88
i,2,0,95,0.99,s,VNS_EPP-PSL,30,100,150,815.9472854687,33.4852526188,88
i,2,0,100,0.99,s,VNS_EPP-PSL,30,100,150,865.6336696323,34.2163529396,88
f,3,2,70,0.99,s,VNS_EPP-PSL,30,100,150,526.3172408472,29.554620266,88
f,3,2,75,0.99,s,VNS_EPP-PSL,30,100,150,570.5906369716,31.2353711128,88
f,3,2,80,0.99,s,VNS_EPP-PSL,30,100,150,610.9892602858,31.1955971718,88
f,3,2,85,0.99,s,VNS_EPP-PSL,30,100,150,678.1617431483,32.5000865459,88
f,3,2,90,0.99,s,VNS_EPP-PSL,30,100,150,704.5151205837,33.8422746658,88
f,3,2,95,0.99,s,VNS_EPP-PSL,30,100,150,760.1696073264,34.5660438538,88
f,3,2,100,0.99,s,VNS_EPP-PSL,30,100,150,819.6200064995,35.6847195625,88
f,5,2,70,0.99,s,VNS_EPP-PSL,30,100,150,549.7222003403,29.0205495358,88
f,5,2,75,0.99,s,VNS_EPP-PSL,30,100,150,593.3834105989,30.7518627644,88
f,5,2,80,0.99,s,VNS_EPP-PSL,30,100,150,647.9578452002,31.4831361771,88
f,5,2,85,0.99,s,VNS_EPP-PSL,30,100,150,693.9483682411,31.4938633442,88
f,5,2,90,0.99,s,VNS_EPP-PSL,30,100,150,734.7369228905,32.5753388405,88
f,5,2,95,0.99,s,VNS_EPP-PSL,30,100,150,797.097283505,33.3341667652,88
f,5,2,100,0.99,s,VNS_EPP-PSL,30,100,150,842.2013130108,35.0013787746,88
i,3,1,70,0.99,s,VNS_EPP-PSL,30,100,150,565.7644249226,28.9835131168,88
i,3,1,75,0.99,s,VNS_EPP-PSL,30,100,150,621.603890612,30.3309800625,88
i,3,1,80,0.99,s,VNS_EPP-PSL,30,100,150,662.8267327241,29.9516885281,88
i,3,1,85,0.99,s,VNS_EPP-PSL,30,100,150,728.0472900866,32.0723862648,88
i,3,1,90,0.99,s,VNS_EPP-PSL,30,100,150,785.1734088873,32.3615159988,88
i,3,1,95,0.99,s,VNS_EPP-PSL,30,100,150,856.8294729963,33.111433506,88
i,3,1,100,0.99,s,VNS_EPP-PSL,30,100,150,883.7539844435,34.2222979069,88
f,5,1,70,0.99,s,VNS_EPP-PSL,30,100,150,559.9962120057,29.9248065948,88
f,5,1,75,0.99,s,VNS_EPP-PSL,30,100,150,608.0811302128,30.6387736797,88
f,5,1,80,0.99,s,VNS_EPP-PSL,30,100,150,660.4621121308,31.3290891647,88
f,5,1,85,0.99,s,VNS_EPP-PSL,30,100,150,706.4124419667,32.3084080219,88
f,5,1,90,0.99,s,VNS_EPP-PSL,30,100,150,764.3227095941,32.9908852577,88
f,5,1,95,0.99,s,VNS_EPP-PSL,30,100,150,826.6108617608,33.7723562717,88
f,5,1,100,0.99,s,VNS_EPP-PSL,30,100,150,879.0565327058,35.0507850647,88
i,3,2,70,0.99,s,VNS_EPP-PSL,30,100,150,524.5282424786,28.8017265797,88
i,3,2,75,0.99,s,VNS_EPP-PSL,30,100,150,576.5880590136,29.8008842468,88
i,3,2,80,0.99,s,VNS_EPP-PSL,30,100,150,615.2438087088,30.1203820705,88
i,3,2,85,0.99,s,VNS_EPP-PSL,30,100,150,658.1674931208,31.0434446335,88
i,3,2,90,0.99,s,VNS_EPP-PSL,30,100,150,697.4023868314,31.3723523617,88
i,3,2,95,0.99,s,VNS_EPP-PSL,30,100,150,747.208847734,32.8065085411,88
i,3,2,100,0.99,s,VNS_EPP-PSL,30,100,150,808.2738404815,33.5867526531,88
f,2,0,70,0.99,s,VNS_EPP-PSL,30,100,150,550.3945123495,29.4654321671,88
f,2,0,75,0.99,s,VNS_EPP-PSL,30,100,150,594.2577929285,29.441511631,88
f,2,0,80,0.99,s,VNS_EPP-PSL,30,100,150,649.8397154312,30.7316601276,88
f,2,0,85,0.99,s,VNS_EPP-PSL,30,100,150,683.6568167626,31.1704063416,88
f,2,0,90,0.99,s,VNS_EPP-PSL,30,100,150,724.3154793398,31.598921299,88
f,2,0,95,0.99,s,VNS_EPP-PSL,30,100,150,806.784986621,32.6848237514,88
f,2,0,100,0.99,s,VNS_EPP-PSL,30,100,150,857.0794577495,33.8129658699,88
i,4,0,70,0.95,s,VNS_EPP-PSL,30,100,150,450.7229278079,29.9271042347,88
i,4,0,75,0.95,s,VNS_EPP-PSL,30,100,150,501.4264929514,29.7038981915,88
i,4,0,80,0.95,s,VNS_EPP-PSL,30,100,150,517.8110946232,31.0654158592,88
i,4,0,85,0.95,s,VNS_EPP-PSL,30,100,150,566.9884560123,32.0170404911,88
i,4,0,90,0.95,s,VNS_EPP-PSL,30,100,150,607.7130999647,32.8165438175,88
i,4,0,95,0.95,s,VNS_EPP-PSL,30,100,150,646.9715092636,32.685328722,88
i,4,0,100,0.95,s,VNS_EPP-PSL,30,100,150,694.9822075517,34.6516156197,88
i,5,2,70,0.95,s,VNS_EPP-PSL,30,100,150,424.2752045139,27.8048770428,88
i,5,2,75,0.95,s,VNS_EPP-PSL,30,100,150,478.2325700562,30.1137990952,88
i,5,2,80,0.95,s,VNS_EPP-PSL,30,100,150,513.3024706236,30.7747898102,88
i,5,2,85,0.95,s,VNS_EPP-PSL,30,100,150,539.3159042757,30.224019289,88
i,5,2,90,0.95,s,VNS_EPP-PSL,30,100,150,565.3553968939,31.7708787918,88
i,5,2,95,0.95,s,VNS_EPP-PSL,30,100,150,632.2142625783,33.6974315643,88
i,5,2,100,0.95,s,VNS_EPP-PSL,30,100,150,664.3873655796,33.2489044666,88
f,1,0,70,0.95,s,VNS_EPP-PSL,30,100,150,462.7540466342,28.7577488422,88
f,1,0,75,0.95,s,VNS_EPP-PSL,30,100,150,500.2348222062,30.0620408058,88
f,1,0,80,0.95,s,VNS_EPP-PSL,30,100,150,545.8037015853,30.1787269115,88
f,1,0,85,0.95,s,VNS_EPP-PSL,30,100,150,567.8819307788,30.8941712379,88
f,1,0,90,0.95,s,VNS_EPP-PSL,30,100,150,630.7367695746,31.5353951454,88
f,1,0,95,0.95,s,VNS_EPP-PSL,30,100,150,665.4610144067,31.475966692,88
f,1,0,100,0.95,s,VNS_EPP-PSL,30,100,150,718.329256455,33.3938770294,88
i,1,1,70,0.95,s,VNS_EPP-PSL,30,100,150,439.0846190316,30.4472339153,88
i,1,1,75,0.95,s,VNS_EPP-PSL,30,100,150,468.79854217,34.7890799046,88
i,1,1,80,0.95,s,VNS_EPP-PSL,30,100,150,521.3287124326,36.8210158348,88
i,1,1,85,0.95,s,VNS_EPP-PSL,30,100,150,560.6844462852,33.1809375286,88
i,1,1,90,0.95,s,VNS_EPP-PSL,30,100,150,622.2958093283,34.0494229794,88
i,1,1,95,0.95,s,VNS_EPP-PSL,30,100,150,650.579506405,33.8883104324,88
i,1,1,100,0.95,s,VNS_EPP-PSL,30,100,150,708.2492102143,36.1291902065,88
i,5,0,70,0.95,s,VNS_EPP-PSL,30,100,150,478.2780431789,29.5196852684,88
i,5,0,75,0.95,s,VNS_EPP-PSL,30,100,150,500.7683414015,30.9875977039,88
i,5,0,80,0.95,s,VNS_EPP-PSL,30,100,150,563.7492986732,31.0387086868,88
i,5,0,85,0.95,s,VNS_EPP-PSL,30,100,150,596.826109113,31.6020429134,88
i,5,0,90,0.95,s,VNS_EPP-PSL,30,100,150,650.1725604001,32.9645116329,88
i,5,0,95,0.95,s,VNS_EPP-PSL,30,100,150,689.7167366598,33.3141121864,88
i,5,0,100,0.95,s,VNS_EPP-PSL,30,100,150,759.1328456498,35.1531927586,88
i,4,1,70,0.95,s,VNS_EPP-PSL,30,100,150,470.6340939244,28.6528832912,88
i,4,1,75,0.95,s,VNS_EPP-PSL,30,100,150,492.8849196481,30.3035919666,88
i,4,1,80,0.95,s,VNS_EPP-PSL,30,100,150,534.1927342069,31.3482527733,88
i,4,1,85,0.95,s,VNS_EPP-PSL,30,100,150,571.6416893494,30.7558903694,88
i,4,1,90,0.95,s,VNS_EPP-PSL,30,100,150,614.2583889868,32.3265855312,88
i,4,1,95,0.95,s,VNS_EPP-PSL,30,100,150,648.2908281227,32.7243609428,88
i,4,1,100,0.95,s,VNS_EPP-PSL,30,100,150,708.3201856178,34.0840489864,88
f,4,0,70,0.95,s,VNS_EPP-PSL,30,100,150,428.9400105103,29.5388720036,88
f,4,0,75,0.95,s,VNS_EPP-PSL,30,100,150,490.4198653615,29.9766643047,88
f,4,0,80,0.95,s,VNS_EPP-PSL,30,100,150,523.7769159242,30.4989283085,88
f,4,0,85,0.95,s,VNS_EPP-PSL,30,100,150,574.8647851632,32.1285274029,88
f,4,0,90,0.95,s,VNS_EPP-PSL,30,100,150,607.3757500331,33.380450964,88
f,4,0,95,0.95,s,VNS_EPP-PSL,30,100,150,661.3290136995,33.4554781914,88
f,4,0,100,0.95,s,VNS_EPP-PSL,30,100,150,699.5503478054,34.7333831787,88
i,1,0,70,0.95,s,VNS_EPP-PSL,30,100,150,417.6677426687,28.8671331406,88
i,1,0,75,0.95,s,VNS_EPP-PSL,30,100,150,461.1933333763,29.6781747341,88
i,1,0,80,0.95,s,VNS_EPP-PSL,30,100,150,489.3962499471,31.5227582455,88
i,1,0,85,0.95,s,VNS_EPP-PSL,30,100,150,529.637391577,31.6197690964,88
i,1,0,90,0.95,s,VNS_EPP-PSL,30,100,150,570.476817943,32.8793969154,88
i,1,0,95,0.95,s,VNS_EPP-PSL,30,100,150,610.4049604721,32.6121020317,88
i,1,0,100,0.95,s,VNS_EPP-PSL,30,100,150,650.8891611894,34.7596673965,88
f,3,0,70,0.95,s,VNS_EPP-PSL,30,100,150,473.0509970275,29.4723439217,88
f,3,0,75,0.95,s,VNS_EPP-PSL,30,100,150,512.0075874009,29.0448396206,88
f,3,0,80,0.95,s,VNS_EPP-PSL,30,100,150,546.7651874812,30.9601809978,88
f,3,0,85,0.95,s,VNS_EPP-PSL,30,100,150,588.7985257447,30.7236993313,88
f,3,0,90,0.95,s,VNS_EPP-PSL,30,100,150,638.5790968813,32.4558196068,88
f,3,0,95,0.95,s,VNS_EPP-PSL,30,100,150,680.2219055211,32.7453351021,88
f,3,0,100,0.95,s,VNS_EPP-PSL,30,100,150,727.9343490623,33.1926920414,88
f,1,1,70,0.95,s,VNS_EPP-PSL,30,100,150,482.6845579567,29.3421812057,88
f,1,1,75,0.95,s,VNS_EPP-PSL,30,100,150,518.5921975358,30.3683981895,88
f,1,1,80,0.95,s,VNS_EPP-PSL,30,100,150,546.5202140079,31.4241175652,88
f,1,1,85,0.95,s,VNS_EPP-PSL,30,100,150,589.5475867409,32.3524215221,88
f,1,1,90,0.95,s,VNS_EPP-PSL,30,100,150,634.1088499374,32.743127346,88
f,1,1,95,0.95,s,VNS_EPP-PSL,30,100,150,652.9983528641,32.8595373631,88
f,1,1,100,0.95,s,VNS_EPP-PSL,30,100,150,736.0751688251,35.0893292427,88
f,1,2,70,0.95,s,VNS_EPP-PSL,30,100,150,475.3247151947,29.9106106758,88
f,1,2,75,0.95,s,VNS_EPP-PSL,30,100,150,526.3181813224,31.2212033272,88
f,1,2,80,0.95,s,VNS_EPP-PSL,30,100,150,542.5797175021,31.0407812595,88
f,1,2,85,0.95,s,VNS_EPP-PSL,30,100,150,598.9292138124,33.1271021366,88
f,1,2,90,0.95,s,VNS_EPP-PSL,30,100,150,622.606791571,33.3045248985,88
f,1,2,95,0.95,s,VNS_EPP-PSL,30,100,150,668.9241275604,33.5524599552,88
f,1,2,100,0.95,s,VNS_EPP-PSL,30,100,150,709.687518952,35.3753948212,88
i,2,1,70,0.95,s,VNS_EPP-PSL,30,100,150,463.7563726136,29.9494078159,88
i,2,1,75,0.95,s,VNS_EPP-PSL,30,100,150,492.259494171,29.5243535042,88
i,2,1,80,0.95,s,VNS_EPP-PSL,30,100,150,538.6934038999,30.4971249104,88
i,2,1,85,0.95,s,VNS_EPP-PSL,30,100,150,571.2954305622,31.1325416565,88
i,2,1,90,0.95,s,VNS_EPP-PSL,30,100,150,611.6724275738,32.333427906,88
i,2,1,95,0.95,s,VNS_EPP-PSL,30,100,150,656.5592337087,33.0528638363,88
i,2,1,100,0.95,s,VNS_EPP-PSL,30,100,150,694.0951831849,33.9071252346,88
i,2,2,70,0.95,s,VNS_EPP-PSL,30,100,150,450.1060870913,29.7636482716,88
i,2,2,75,0.95,s,VNS_EPP-PSL,30,100,150,495.1956659844,30.3097038269,88
i,2,2,80,0.95,s,VNS_EPP-PSL,30,100,150,536.6133513488,31.4846868515,88
i,2,2,85,0.95,s,VNS_EPP-PSL,30,100,150,560.072044033,31.6318719387,88
i,2,2,90,0.95,s,VNS_EPP-PSL,30,100,150,607.472626485,33.0539844036,88
i,2,2,95,0.95,s,VNS_EPP-PSL,30,100,150,643.605584432,33.7951853275,88
i,2,2,100,0.95,s,VNS_EPP-PSL,30,100,150,680.3430308624,35.0385363102,88
i,4,2,70,0.95,s,VNS_EPP-PSL,30,100,150,429.4046893636,29.9292399883,88
i,4,2,75,0.95,s,VNS_EPP-PSL,30,100,150,476.2162460611,30.6842746735,88
i,4,2,80,0.95,s,VNS_EPP-PSL,30,100,150,513.5109789887,30.9951889515,88
i,4,2,85,0.95,s,VNS_EPP-PSL,30,100,150,547.8035442198,31.2243919373,88
i,4,2,90,0.95,s,VNS_EPP-PSL,30,100,150,594.4277994641,32.6009678841,88
i,4,2,95,0.95,s,VNS_EPP-PSL,30,100,150,635.2510875465,33.4060044289,88
i,4,2,100,0.95,s,VNS_EPP-PSL,30,100,150,692.0821688143,34.8098285198,88
f,5,0,70,0.95,s,VNS_EPP-PSL,30,100,150,425.6421275289,29.3131439686,88
f,5,0,75,0.95,s,VNS_EPP-PSL,30,100,150,470.1860666838,30.0425632,88
f,5,0,80,0.95,s,VNS_EPP-PSL,30,100,150,508.3336626565,30.8034117222,88
f,5,0,85,0.95,s,VNS_EPP-PSL,30,100,150,542.4528740186,30.8735566139,88
f,5,0,90,0.95,s,VNS_EPP-PSL,30,100,150,583.7666794785,32.3665754795,88
f,5,0,95,0.95,s,VNS_EPP-PSL,30,100,150,612.7501254118,32.3977143764,88
f,5,0,100,0.95,s,VNS_EPP-PSL,30,100,150,679.9086216919,34.6621677876,88
i,1,2,70,0.95,s,VNS_EPP-PSL,30,100,150,466.7004445362,29.120652914,88
i,1,2,75,0.95,s,VNS_EPP-PSL,30,100,150,507.2034578873,30.3242313862,88
i,1,2,80,0.95,s,VNS_EPP-PSL,30,100,150,544.4952999309,31.631333828,88
i,1,2,85,0.95,s,VNS_EPP-PSL,30,100,150,586.8273841162,31.8609323502,88
i,1,2,90,0.95,s,VNS_EPP-PSL,30,100,150,633.0511611648,32.9826471806,88
i,1,2,95,0.95,s,VNS_EPP-PSL,30,100,150,665.5762890962,33.5467665195,88
i,1,2,100,0.95,s,VNS_EPP-PSL,30,100,150,708.7467151723,34.6465232372,88
i,5,1,70,0.95,s,VNS_EPP-PSL,30,100,150,462.2648792928,29.8981304169,88
i,5,1,75,0.95,s,VNS_EPP-PSL,30,100,150,475.6954208319,30.3344204426,88
i,5,1,80,0.95,s,VNS_EPP-PSL,30,100,150,535.8854339518,30.940356493,88
i,5,1,85,0.95,s,VNS_EPP-PSL,30,100,150,561.0080213132,31.764680624,88
i,5,1,90,0.95,s,VNS_EPP-PSL,30,100,150,605.5709396602,31.848221302,88
i,5,1,95,0.95,s,VNS_EPP-PSL,30,100,150,648.7855348321,32.5623934269,88
i,5,1,100,0.95,s,VNS_EPP-PSL,30,100,150,705.2514974947,34.5881710052,88
f,4,2,70,0.95,s,VNS_EPP-PSL,30,100,150,501.2155444325,29.2436106205,88
f,4,2,75,0.95,s,VNS_EPP-PSL,30,100,150,526.2376595564,30.3192942142,88
f,4,2,80,0.95,s,VNS_EPP-PSL,30,100,150,553.8904848732,31.0419576168,88
f,4,2,85,0.95,s,VNS_EPP-PSL,30,100,150,601.8614779817,31.7704567909,88
f,4,2,90,0.95,s,VNS_EPP-PSL,30,100,150,640.1602964678,32.0179567337,88
f,4,2,95,0.95,s,VNS_EPP-PSL,30,100,150,683.911673076,33.5150196552,88
f,4,2,100,0.95,s,VNS_EPP-PSL,30,100,150,736.9389099938,34.3286345005,88
f,4,1,70,0.95,s,VNS_EPP-PSL,30,100,150,507.8132552003,31.0319159031,88
f,4,1,75,0.95,s,VNS_EPP-PSL,30,100,150,540.4146258055,30.3946027756,88
f,4,1,80,0.95,s,VNS_EPP-PSL,30,100,150,570.4099232722,31.8853919506,88
f,4,1,85,0.95,s,VNS_EPP-PSL,30,100,150,627.8959556971,32.3255856037,88
f,4,1,90,0.95,s,VNS_EPP-PSL,30,100,150,665.3914369112,33.0476078987,88
f,4,1,95,0.95,s,VNS_EPP-PSL,30,100,150,700.2627033831,34.4338099957,88
f,4,1,100,0.95,s,VNS_EPP-PSL,30,100,150,737.9122518756,34.4447629452,88
f,3,1,70,0.95,s,VNS_EPP-PSL,30,100,150,456.6037930227,29.7598924637,88
f,3,1,75,0.95,s,VNS_EPP-PSL,30,100,150,490.1908075273,30.8189861774,88
f,3,1,80,0.95,s,VNS_EPP-PSL,30,100,150,540.410510605,31.0944378376,88
f,3,1,85,0.95,s,VNS_EPP-PSL,30,100,150,574.9172072016,31.9951760769,88
f,3,1,90,0.95,s,VNS_EPP-PSL,30,100,150,624.4361208246,33.0805234909,88
f,3,1,95,0.95,s,VNS_EPP-PSL,30,100,150,665.7427783913,34.2912437916,88
f,3,1,100,0.95,s,VNS_EPP-PSL,30,100,150,696.7138705285,34.8513622284,88
i,3,0,70,0.95,s,VNS_EPP-PSL,30,100,150,422.8087876559,30.306707859,88
i,3,0,75,0.95,s,VNS_EPP-PSL,30,100,150,446.3299724576,29.9624223709,88
i,3,0,80,0.95,s,VNS_EPP-PSL,30,100,150,495.7062568693,31.0080549717,88
i,3,0,85,0.95,s,VNS_EPP-PSL,30,100,150,543.044926685,33.1676068306,88
i,3,0,90,0.95,s,VNS_EPP-PSL,30,100,150,579.8304697045,32.6895747185,88
i,3,0,95,0.95,s,VNS_EPP-PSL,30,100,150,617.7124887532,34.5787196159,88
i,3,0,100,0.95,s,VNS_EPP-PSL,30,100,150,664.1111493239,35.5232617855,88
f,2,2,70,0.95,s,VNS_EPP-PSL,30,100,150,477.6195957346,33.1923379898,88
f,2,2,75,0.95,s,VNS_EPP-PSL,30,100,150,505.1981187055,33.2755515575,88
f,2,2,80,0.95,s,VNS_EPP-PSL,30,100,150,544.884240187,31.9698622227,88
f,2,2,85,0.95,s,VNS_EPP-PSL,30,100,150,586.0916539709,33.2312352657,88
f,2,2,90,0.95,s,VNS_EPP-PSL,30,100,150,630.6520449662,40.7272956371,88
f,2,2,95,0.95,s,VNS_EPP-PSL,30,100,150,666.048163556,38.8951478004,88
f,2,2,100,0.95,s,VNS_EPP-PSL,30,100,150,700.5891515945,36.2618601322,88
i,2,0,70,0.95,s,VNS_EPP-PSL,30,100,150,431.677050579,28.7559337616,88
i,2,0,75,0.95,s,VNS_EPP-PSL,30,100,150,490.9115953804,30.1770751476,88
i,2,0,80,0.95,s,VNS_EPP-PSL,30,100,150,506.2707381988,31.0854876041,88
i,2,0,85,0.95,s,VNS_EPP-PSL,30,100,150,575.1489361822,31.8427717686,88
i,2,0,90,0.95,s,VNS_EPP-PSL,30,100,150,613.4102885026,31.8877511024,88
i,2,0,95,0.95,s,VNS_EPP-PSL,30,100,150,661.0854411346,33.3943743706,88
i,2,0,100,0.95,s,VNS_EPP-PSL,30,100,150,704.3671521599,34.5094821453,88
f,3,2,70,0.95,s,VNS_EPP-PSL,30,100,150,436.6654338795,29.5587468147,88
f,3,2,75,0.95,s,VNS_EPP-PSL,30,100,150,473.7473756328,30.6926705837,88
f,3,2,80,0.95,s,VNS_EPP-PSL,30,100,150,503.219461991,31.2156648636,88
f,3,2,85,0.95,s,VNS_EPP-PSL,30,100,150,542.0773914047,32.3042695522,88
f,3,2,90,0.95,s,VNS_EPP-PSL,30,100,150,585.81976608,34.2821207047,88
f,3,2,95,0.95,s,VNS_EPP-PSL,30,100,150,624.8293784952,34.1038458347,88
f,3,2,100,0.95,s,VNS_EPP-PSL,30,100,150,668.6959964526,35.076375246,88
f,5,2,70,0.95,s,VNS_EPP-PSL,30,100,150,455.6221704225,29.8883371353,88
f,5,2,75,0.95,s,VNS_EPP-PSL,30,100,150,495.4508585329,30.4292728901,88
f,5,2,80,0.95,s,VNS_EPP-PSL,30,100,150,534.9983267022,31.2160274982,88
f,5,2,85,0.95,s,VNS_EPP-PSL,30,100,150,556.4703278159,31.3912465572,88
f,5,2,90,0.95,s,VNS_EPP-PSL,30,100,150,599.2565343703,32.9150362015,88
f,5,2,95,0.95,s,VNS_EPP-PSL,30,100,150,646.062801619,32.935489893,88
f,5,2,100,0.95,s,VNS_EPP-PSL,30,100,150,679.637794867,33.7835335732,88
i,3,1,70,0.95,s,VNS_EPP-PSL,30,100,150,466.2095870335,29.2245285511,88
i,3,1,75,0.95,s,VNS_EPP-PSL,30,100,150,525.6015339525,29.4453158379,88
i,3,1,80,0.95,s,VNS_EPP-PSL,30,100,150,553.0569395228,31.0998668671,88
i,3,1,85,0.95,s,VNS_EPP-PSL,30,100,150,607.0519174559,31.4895014763,88
i,3,1,90,0.95,s,VNS_EPP-PSL,30,100,150,638.6262496622,32.1763157845,88
i,3,1,95,0.95,s,VNS_EPP-PSL,30,100,150,688.9072192668,33.5753576756,88
i,3,1,100,0.95,s,VNS_EPP-PSL,30,100,150,722.3053046649,33.5609178543,88
f,5,1,70,0.95,s,VNS_EPP-PSL,30,100,150,474.8424515166,29.54723382,88
f,5,1,75,0.95,s,VNS_EPP-PSL,30,100,150,507.7507741262,30.0518670082,88
f,5,1,80,0.95,s,VNS_EPP-PSL,30,100,150,549.1288040118,31.6101036072,88
f,5,1,85,0.95,s,VNS_EPP-PSL,30,100,150,579.6543579808,32.0609436035,88
f,5,1,90,0.95,s,VNS_EPP-PSL,30,100,150,627.1420023986,32.7526638508,88
f,5,1,95,0.95,s,VNS_EPP-PSL,30,100,150,676.481666078,34.1672661304,88
f,5,1,100,0.95,s,VNS_EPP-PSL,30,100,150,712.4133249956,35.1425321102,88
i,3,2,70,0.95,s,VNS_EPP-PSL,30,100,150,431.5317199054,28.9229869843,88
i,3,2,75,0.95,s,VNS_EPP-PSL,30,100,150,477.5343258229,29.2635314465,88
i,3,2,80,0.95,s,VNS_EPP-PSL,30,100,150,505.2646931631,30.6266210079,88
i,3,2,85,0.95,s,VNS_EPP-PSL,30,100,150,550.4852174971,31.357686758,88
i,3,2,90,0.95,s,VNS_EPP-PSL,30,100,150,570.1313798613,31.6308124065,88
i,3,2,95,0.95,s,VNS_EPP-PSL,30,100,150,615.3413928194,33.1018676758,88
i,3,2,100,0.95,s,VNS_EPP-PSL,30,100,150,657.1085836548,33.9410812855,88
f,2,0,70,0.95,s,VNS_EPP-PSL,30,100,150,459.8965781602,28.947617054,88
f,2,0,75,0.95,s,VNS_EPP-PSL,30,100,150,496.1213033372,29.5139250755,88
f,2,0,80,0.95,s,VNS_EPP-PSL,30,100,150,537.0289906219,30.01466012,88
f,2,0,85,0.95,s,VNS_EPP-PSL,30,100,150,565.3788763212,31.2159883976,88
f,2,0,90,0.95,s,VNS_EPP-PSL,30,100,150,608.5187006062,31.2963285446,88
f,2,0,95,0.95,s,VNS_EPP-PSL,30,100,150,661.0597631852,33.556902647,88
f,2,0,100,0.95,s,VNS_EPP-PSL,30,100,150,701.2668929793,33.6441292763,88
i,4,0,70,1.03,s,VNS_EPP-PSL,30,100,150,626.5824134296,29.4459960461,88
i,4,0,75,1.03,s,VNS_EPP-PSL,30,100,150,731.2760910236,30.5684585571,88
i,4,0,80,1.03,s,VNS_EPP-PSL,30,100,150,764.0865907831,30.6106276512,88
i,4,0,85,1.03,s,VNS_EPP-PSL,30,100,150,855.9519357077,31.1637403965,88
i,4,0,90,1.03,s,VNS_EPP-PSL,30,100,150,905.6844621466,32.9610219002,88
i,4,0,95,1.03,s,VNS_EPP-PSL,30,100,150,980.4836425698,33.524844408,88
i,4,0,100,1.03,s,VNS_EPP-PSL,30,100,150,1030.8735181482,34.3204305172,88
i,5,2,70,1.03,s,VNS_EPP-PSL,30,100,150,627.7673406374,28.6675591469,88
i,5,2,75,1.03,s,VNS_EPP-PSL,30,100,150,699.9845474545,30.536598444,88
i,5,2,80,1.03,s,VNS_EPP-PSL,30,100,150,746.5146125395,30.0356638432,88
i,5,2,85,1.03,s,VNS_EPP-PSL,30,100,150,811.9756089409,30.9233226776,88
i,5,2,90,1.03,s,VNS_EPP-PSL,30,100,150,877.3653304221,32.4444303513,88
i,5,2,95,1.03,s,VNS_EPP-PSL,30,100,150,950.4478252305,33.4680497646,88
i,5,2,100,1.03,s,VNS_EPP-PSL,30,100,150,983.4569721069,33.3803524971,88
f,1,0,70,1.03,s,VNS_EPP-PSL,30,100,150,645.0082270971,28.2166929245,88
f,1,0,75,1.03,s,VNS_EPP-PSL,30,100,150,724.0545413223,28.987282753,88
f,1,0,80,1.03,s,VNS_EPP-PSL,30,100,150,803.3592138174,30.3280661106,88
f,1,0,85,1.03,s,VNS_EPP-PSL,30,100,150,854.3362473507,30.7185065746,88
f,1,0,90,1.03,s,VNS_EPP-PSL,30,100,150,916.3034221875,30.614916563,88
f,1,0,95,1.03,s,VNS_EPP-PSL,30,100,150,977.8621445239,31.4028906822,88
f,1,0,100,1.03,s,VNS_EPP-PSL,30,100,150,1070.1861398254,32.1946339607,88
i,1,1,70,1.03,s,VNS_EPP-PSL,30,100,150,626.0950177976,30.0606846809,88
i,1,1,75,1.03,s,VNS_EPP-PSL,30,100,150,701.5716759885,30.9663696289,88
i,1,1,80,1.03,s,VNS_EPP-PSL,30,100,150,785.063188444,30.9762573242,88
i,1,1,85,1.03,s,VNS_EPP-PSL,30,100,150,812.7413664319,32.5240433216,88
i,1,1,90,1.03,s,VNS_EPP-PSL,30,100,150,935.7901479492,33.0973711014,88
i,1,1,95,1.03,s,VNS_EPP-PSL,30,100,150,971.6683710868,33.9703814983,88
i,1,1,100,1.03,s,VNS_EPP-PSL,30,100,150,1078.3032617335,35.9285321236,88
i,5,0,70,1.03,s,VNS_EPP-PSL,30,100,150,691.1727706211,28.618134737,88
i,5,0,75,1.03,s,VNS_EPP-PSL,30,100,150,723.2397181193,29.9426629543,88
i,5,0,80,1.03,s,VNS_EPP-PSL,30,100,150,836.0329169159,30.8051028252,88
i,5,0,85,1.03,s,VNS_EPP-PSL,30,100,150,877.8093111891,31.0073008537,88
i,5,0,90,1.03,s,VNS_EPP-PSL,30,100,150,979.1760664959,32.0235052109,88
i,5,0,95,1.03,s,VNS_EPP-PSL,30,100,150,1039.2181713928,32.6654310226,88
i,5,0,100,1.03,s,VNS_EPP-PSL,30,100,150,1136.5113530286,33.4521784782,88
i,4,1,70,1.03,s,VNS_EPP-PSL,30,100,150,672.1669084458,29.4108300209,88
i,4,1,75,1.03,s,VNS_EPP-PSL,30,100,150,749.3420514071,28.9549229145,88
i,4,1,80,1.03,s,VNS_EPP-PSL,30,100,150,788.5652608804,31.1171619892,88
i,4,1,85,1.03,s,VNS_EPP-PSL,30,100,150,861.4916838448,30.7760365009,88
i,4,1,90,1.03,s,VNS_EPP-PSL,30,100,150,920.6012801778,31.4835827351,88
i,4,1,95,1.03,s,VNS_EPP-PSL,30,100,150,978.6112747569,32.9135868549,88
i,4,1,100,1.03,s,VNS_EPP-PSL,30,100,150,1065.9422956597,33.031545639,88
f,4,0,70,1.03,s,VNS_EPP-PSL,30,100,150,648.1818095054,29.2398853302,88
f,4,0,75,1.03,s,VNS_EPP-PSL,30,100,150,723.5529341501,29.8090591431,88
f,4,0,80,1.03,s,VNS_EPP-PSL,30,100,150,761.600848408,30.6037921906,88
f,4,0,85,1.03,s,VNS_EPP-PSL,30,100,150,838.9741136207,32.0129799843,88
f,4,0,90,1.03,s,VNS_EPP-PSL,30,100,150,906.6583463731,32.6028862,88
f,4,0,95,1.03,s,VNS_EPP-PSL,30,100,150,983.9077676188,33.3117864132,88
f,4,0,100,1.03,s,VNS_EPP-PSL,30,100,150,1054.6829853189,34.6984395981,88
i,1,0,70,1.03,s,VNS_EPP-PSL,30,100,150,607.7331601108,29.0386793613,88
i,1,0,75,1.03,s,VNS_EPP-PSL,30,100,150,679.6867183526,30.1408131123,88
i,1,0,80,1.03,s,VNS_EPP-PSL,30,100,150,720.3913871701,30.6398830414,88
i,1,0,85,1.03,s,VNS_EPP-PSL,30,100,150,790.1033610598,31.023712635,88
i,1,0,90,1.03,s,VNS_EPP-PSL,30,100,150,848.6083313121,32.2298951149,88
i,1,0,95,1.03,s,VNS_EPP-PSL,30,100,150,918.820099178,32.9901800156,88
i,1,0,100,1.03,s,VNS_EPP-PSL,30,100,150,990.7986314261,34.4301128387,88
f,3,0,70,1.03,s,VNS_EPP-PSL,30,100,150,674.5608376606,28.8827188015,88
f,3,0,75,1.03,s,VNS_EPP-PSL,30,100,150,750.9470833666,28.85216856,88
f,3,0,80,1.03,s,VNS_EPP-PSL,30,100,150,814.0890365737,30.9287464619,88
f,3,0,85,1.03,s,VNS_EPP-PSL,30,100,150,871.6779566388,31.342386961,88
f,3,0,90,1.03,s,VNS_EPP-PSL,30,100,150,950.0587616745,31.7696530819,88
f,3,0,95,1.03,s,VNS_EPP-PSL,30,100,150,1006.6408167584,32.9865980148,88
f,3,0,100,1.03,s,VNS_EPP-PSL,30,100,150,1103.1056185554,33.5605499744,88
f,1,1,70,1.03,s,VNS_EPP-PSL,30,100,150,674.7009879283,29.8457040787,88
f,1,1,75,1.03,s,VNS_EPP-PSL,30,100,150,753.0774467366,30.1842198372,88
f,1,1,80,1.03,s,VNS_EPP-PSL,30,100,150,812.2608676888,31.1762259007,88
f,1,1,85,1.03,s,VNS_EPP-PSL,30,100,150,860.5568926706,32.3395392895,88
f,1,1,90,1.03,s,VNS_EPP-PSL,30,100,150,934.5626822986,32.3239021301,88
f,1,1,95,1.03,s,VNS_EPP-PSL,30,100,150,988.2991429184,33.1279215813,88
f,1,1,100,1.03,s,VNS_EPP-PSL,30,100,150,1082.8807167634,34.5766282082,88
f,1,2,70,1.03,s,VNS_EPP-PSL,30,100,150,672.3658663416,29.3925554752,88
f,1,2,75,1.03,s,VNS_EPP-PSL,30,100,150,763.9741027177,30.6828122139,88
f,1,2,80,1.03,s,VNS_EPP-PSL,30,100,150,788.6009579054,31.5079410076,88
f,1,2,85,1.03,s,VNS_EPP-PSL,30,100,150,868.0170358643,31.6158821583,88
f,1,2,90,1.03,s,VNS_EPP-PSL,30,100,150,922.3459779675,32.4785757065,88
f,1,2,95,1.03,s,VNS_EPP-PSL,30,100,150,983.8258186838,34.7568650246,88
f,1,2,100,1.03,s,VNS_EPP-PSL,30,100,150,1063.3865860579,36.7843475342,88
i,2,1,70,1.03,s,VNS_EPP-PSL,30,100,150,653.7107888233,29.3510224819,88
i,2,1,75,1.03,s,VNS_EPP-PSL,30,100,150,708.6619650542,29.676399231,88
i,2,1,80,1.03,s,VNS_EPP-PSL,30,100,150,792.9829064703,30.8998789787,88
i,2,1,85,1.03,s,VNS_EPP-PSL,30,100,150,829.1281467458,31.578404665,88
i,2,1,90,1.03,s,VNS_EPP-PSL,30,100,150,907.537680531,32.1577899456,88
i,2,1,95,1.03,s,VNS_EPP-PSL,30,100,150,980.0229743739,33.5515770912,88
i,2,1,100,1.03,s,VNS_EPP-PSL,30,100,150,1042.3297587307,35.1025073528,88
i,2,2,70,1.03,s,VNS_EPP-PSL,30,100,150,660.3577081204,29.0920929909,88
i,2,2,75,1.03,s,VNS_EPP-PSL,30,100,150,705.1730885347,29.9231865406,88
i,2,2,80,1.03,s,VNS_EPP-PSL,30,100,150,777.0556307149,30.6068146229,88
i,2,2,85,1.03,s,VNS_EPP-PSL,30,100,150,842.9504362155,31.9199655056,88
i,2,2,90,1.03,s,VNS_EPP-PSL,30,100,150,930.0123222943,32.5167293549,88
i,2,2,95,1.03,s,VNS_EPP-PSL,30,100,150,965.0007087706,34.3068025112,88
i,2,2,100,1.03,s,VNS_EPP-PSL,30,100,150,1025.6017486713,33.9151654243,88
i,4,2,70,1.03,s,VNS_EPP-PSL,30,100,150,614.9073899186,29.2129712105,88
i,4,2,75,1.03,s,VNS_EPP-PSL,30,100,150,701.4271180048,29.5375161171,88
i,4,2,80,1.03,s,VNS_EPP-PSL,30,100,150,756.1312239636,31.2841641903,88
i,4,2,85,1.03,s,VNS_EPP-PSL,30,100,150,816.2967769329,31.6213607788,88
i,4,2,90,1.03,s,VNS_EPP-PSL,30,100,150,884.3239227244,32.9760403633,88
i,4,2,95,1.03,s,VNS_EPP-PSL,30,100,150,952.5066557402,33.0332405567,88
i,4,2,100,1.03,s,VNS_EPP-PSL,30,100,150,1040.6760622659,34.3963029385,88
f,5,0,70,1.03,s,VNS_EPP-PSL,30,100,150,613.3059116127,28.6072995663,88
f,5,0,75,1.03,s,VNS_EPP-PSL,30,100,150,685.7338692747,30.2741873264,88
f,5,0,80,1.03,s,VNS_EPP-PSL,30,100,150,751.62963303,30.8645501137,88
f,5,0,85,1.03,s,VNS_EPP-PSL,30,100,150,816.2874171641,33.1366186142,88
f,5,0,90,1.03,s,VNS_EPP-PSL,30,100,150,878.3323536052,32.1025438309,88
f,5,0,95,1.03,s,VNS_EPP-PSL,30,100,150,921.5965885645,32.6292352676,88
f,5,0,100,1.03,s,VNS_EPP-PSL,30,100,150,1032.9361210271,33.6418626308,88
i,1,2,70,1.03,s,VNS_EPP-PSL,30,100,150,686.1813279691,29.4278781414,88
i,1,2,75,1.03,s,VNS_EPP-PSL,30,100,150,761.2742620966,30.0848186016,88
i,1,2,80,1.03,s,VNS_EPP-PSL,30,100,150,792.8432396724,31.1277337074,88
i,1,2,85,1.03,s,VNS_EPP-PSL,30,100,150,864.4154042471,32.8947384357,88
i,1,2,90,1.03,s,VNS_EPP-PSL,30,100,150,945.4807606192,33.1126158237,88
i,1,2,95,1.03,s,VNS_EPP-PSL,30,100,150,997.1639424839,34.1248111725,88
i,1,2,100,1.03,s,VNS_EPP-PSL,30,100,150,1075.2655228329,34.4271659851,88
i,5,1,70,1.03,s,VNS_EPP-PSL,30,100,150,651.5069214699,29.1750388145,88
i,5,1,75,1.03,s,VNS_EPP-PSL,30,100,150,706.7377775709,30.6979990005,88
i,5,1,80,1.03,s,VNS_EPP-PSL,30,100,150,776.6561484249,30.467304945,88
i,5,1,85,1.03,s,VNS_EPP-PSL,30,100,150,825.7709246893,30.7501087189,88
i,5,1,90,1.03,s,VNS_EPP-PSL,30,100,150,908.1607956915,32.3263995647,88
i,5,1,95,1.03,s,VNS_EPP-PSL,30,100,150,973.1083505616,33.1155560017,88
i,5,1,100,1.03,s,VNS_EPP-PSL,30,100,150,1064.9918360869,34.1086642742,88
f,4,2,70,1.03,s,VNS_EPP-PSL,30,100,150,719.9732587074,29.7736532688,88
f,4,2,75,1.03,s,VNS_EPP-PSL,30,100,150,759.4927174361,30.4153215885,88
f,4,2,80,1.03,s,VNS_EPP-PSL,30,100,150,811.0990221606,30.8422985077,88
f,4,2,85,1.03,s,VNS_EPP-PSL,30,100,150,884.6531207085,32.0727233887,88
f,4,2,90,1.03,s,VNS_EPP-PSL,30,100,150,944.1056295235,32.2498064041,88
f,4,2,95,1.03,s,VNS_EPP-PSL,30,100,150,1015.3218236901,33.4839882851,88
f,4,2,100,1.03,s,VNS_EPP-PSL,30,100,150,1104.2433057105,34.2081718445,88
f,4,1,70,1.03,s,VNS_EPP-PSL,30,100,150,720.5316821392,29.850528717,88
f,4,1,75,1.03,s,VNS_EPP-PSL,30,100,150,787.0910638156,30.2174925804,88
f,4,1,80,1.03,s,VNS_EPP-PSL,30,100,150,831.9767427037,31.2342946529,88
f,4,1,85,1.03,s,VNS_EPP-PSL,30,100,150,917.0809027744,32.1467604637,88
f,4,1,90,1.03,s,VNS_EPP-PSL,30,100,150,963.9469801614,32.3156301975,88
f,4,1,95,1.03,s,VNS_EPP-PSL,30,100,150,1044.7714033194,32.9972465038,88
f,4,1,100,1.03,s,VNS_EPP-PSL,30,100,150,1118.5801673058,34.2867832184,88
f,3,1,70,1.03,s,VNS_EPP-PSL,30,100,150,646.0987474493,29.9744582176,88
f,3,1,75,1.03,s,VNS_EPP-PSL,30,100,150,725.1529376985,30.8575398922,88
f,3,1,80,1.03,s,VNS_EPP-PSL,30,100,150,775.5502130491,32.2332139015,88
f,3,1,85,1.03,s,VNS_EPP-PSL,30,100,150,835.3774260291,32.7602555752,88
f,3,1,90,1.03,s,VNS_EPP-PSL,30,100,150,900.9934792274,32.779815197,88
f,3,1,95,1.03,s,VNS_EPP-PSL,30,100,150,1003.5815959712,34.5169794559,88
f,3,1,100,1.03,s,VNS_EPP-PSL,30,100,150,1040.6408304441,34.076757431,88
i,3,0,70,1.03,s,VNS_EPP-PSL,30,100,150,600.1486027699,29.0363566875,88
i,3,0,75,1.03,s,VNS_EPP-PSL,30,100,150,665.4137747689,30.2029986382,88
i,3,0,80,1.03,s,VNS_EPP-PSL,30,100,150,729.5911566151,30.8643372059,88
i,3,0,85,1.03,s,VNS_EPP-PSL,30,100,150,792.5341725085,31.6068882942,88
i,3,0,90,1.03,s,VNS_EPP-PSL,30,100,150,868.3208673866,32.9883844852,88
i,3,0,95,1.03,s,VNS_EPP-PSL,30,100,150,923.7164533032,33.9989044666,88
i,3,0,100,1.03,s,VNS_EPP-PSL,30,100,150,999.1063015316,33.6659739017,88
f,2,2,70,1.03,s,VNS_EPP-PSL,30,100,150,702.5564324011,30.1639623642,88
f,2,2,75,1.03,s,VNS_EPP-PSL,30,100,150,744.6605059137,29.9616413116,88
f,2,2,80,1.03,s,VNS_EPP-PSL,30,100,150,819.0385269186,31.3318412304,88
f,2,2,85,1.03,s,VNS_EPP-PSL,30,100,150,835.7755174587,31.3764719963,88
f,2,2,90,1.03,s,VNS_EPP-PSL,30,100,150,918.5498903581,32.0312421322,88
f,2,2,95,1.03,s,VNS_EPP-PSL,30,100,150,998.4030705969,32.9989030361,88
f,2,2,100,1.03,s,VNS_EPP-PSL,30,100,150,1060.9505849875,33.967356205,88
i,2,0,70,1.03,s,VNS_EPP-PSL,30,100,150,636.2118548448,29.3342618942,88
i,2,0,75,1.03,s,VNS_EPP-PSL,30,100,150,720.4550354214,29.3372852802,88
i,2,0,80,1.03,s,VNS_EPP-PSL,30,100,150,770.1895753537,30.5535094738,88
i,2,0,85,1.03,s,VNS_EPP-PSL,30,100,150,843.9166815558,31.8402440548,88
i,2,0,90,1.03,s,VNS_EPP-PSL,30,100,150,919.3976702651,33.0830407143,88
i,2,0,95,1.03,s,VNS_EPP-PSL,30,100,150,1002.054582583,33.8919234276,88
i,2,0,100,1.03,s,VNS_EPP-PSL,30,100,150,1061.896290368,33.3508684635,88
f,3,2,70,1.03,s,VNS_EPP-PSL,30,100,150,636.2055443072,30.2453372478,88
f,3,2,75,1.03,s,VNS_EPP-PSL,30,100,150,690.3959326693,30.9441230297,88
f,3,2,80,1.03,s,VNS_EPP-PSL,30,100,150,741.3054730952,31.883379221,88
f,3,2,85,1.03,s,VNS_EPP-PSL,30,100,150,811.8845064138,32.5745913982,88
f,3,2,90,1.03,s,VNS_EPP-PSL,30,100,150,852.0685708709,33.2004323006,88
f,3,2,95,1.03,s,VNS_EPP-PSL,30,100,150,930.0684531897,34.3723342419,88
f,3,2,100,1.03,s,VNS_EPP-PSL,30,100,150,996.7927424031,35.3733365536,88
f,5,2,70,1.03,s,VNS_EPP-PSL,30,100,150,653.5744989963,28.9283571243,88
f,5,2,75,1.03,s,VNS_EPP-PSL,30,100,150,723.1230516674,29.8566122055,88
f,5,2,80,1.03,s,VNS_EPP-PSL,30,100,150,777.0935350779,30.9670784473,88
f,5,2,85,1.03,s,VNS_EPP-PSL,30,100,150,826.6963608938,31.7726562023,88
f,5,2,90,1.03,s,VNS_EPP-PSL,30,100,150,895.6181657575,32.2797782421,88
f,5,2,95,1.03,s,VNS_EPP-PSL,30,100,150,953.0016532891,33.7232074738,88
f,5,2,100,1.03,s,VNS_EPP-PSL,30,100,150,1015.4041668186,34.1363992691,88
i,3,1,70,1.03,s,VNS_EPP-PSL,30,100,150,671.099119149,29.5168409348,88
i,3,1,75,1.03,s,VNS_EPP-PSL,30,100,150,749.6443028853,29.6077246666,88
i,3,1,80,1.03,s,VNS_EPP-PSL,30,100,150,792.5166024121,30.3842601776,88
i,3,1,85,1.03,s,VNS_EPP-PSL,30,100,150,896.9301556949,31.3615660667,88
i,3,1,90,1.03,s,VNS_EPP-PSL,30,100,150,964.0202177875,32.6900339127,88
i,3,1,95,1.03,s,VNS_EPP-PSL,30,100,150,1056.8898772069,33.3247983456,88
i,3,1,100,1.03,s,VNS_EPP-PSL,30,100,150,1069.0895439115,33.9176204205,88
f,5,1,70,1.03,s,VNS_EPP-PSL,30,100,150,679.1882512733,29.9069514275,88
f,5,1,75,1.03,s,VNS_EPP-PSL,30,100,150,725.7464970202,30.5477576256,88
f,5,1,80,1.03,s,VNS_EPP-PSL,30,100,150,777.6651353177,30.7405982018,88
f,5,1,85,1.03,s,VNS_EPP-PSL,30,100,150,843.2995252959,32.5942938328,88
f,5,1,90,1.03,s,VNS_EPP-PSL,30,100,150,916.1515550179,33.1222240925,88
f,5,1,95,1.03,s,VNS_EPP-PSL,30,100,150,1005.5138549709,33.7922329903,88
f,5,1,100,1.03,s,VNS_EPP-PSL,30,100,150,1064.181829374,33.7135314941,88
i,3,2,70,1.03,s,VNS_EPP-PSL,30,100,150,628.5989676909,29.1842820644,88
i,3,2,75,1.03,s,VNS_EPP-PSL,30,100,150,689.7057638803,29.0856466293,88
i,3,2,80,1.03,s,VNS_EPP-PSL,30,100,150,736.99688084,30.3253924847,88
i,3,2,85,1.03,s,VNS_EPP-PSL,30,100,150,797.6679245922,30.6351528168,88
i,3,2,90,1.03,s,VNS_EPP-PSL,30,100,150,842.7345971637,31.8201463223,88
i,3,2,95,1.03,s,VNS_EPP-PSL,30,100,150,929.4525801427,33.0994560719,88
i,3,2,100,1.03,s,VNS_EPP-PSL,30,100,150,983.1761402287,34.2367610931,88
f,2,0,70,1.03,s,VNS_EPP-PSL,30,100,150,652.4374831955,28.6946957111,88
f,2,0,75,1.03,s,VNS_EPP-PSL,30,100,150,714.6218305023,30.221799612,88
f,2,0,80,1.03,s,VNS_EPP-PSL,30,100,150,767.0045386438,30.6594147682,88
f,2,0,85,1.03,s,VNS_EPP-PSL,30,100,150,831.2154470487,31.3747062683,88
f,2,0,90,1.03,s,VNS_EPP-PSL,30,100,150,904.9023680208,31.8476922512,88
f,2,0,95,1.03,s,VNS_EPP-PSL,30,100,150,989.5039701401,33.0080201626,88
f,2,0,100,1.03,s,VNS_EPP-PSL,30,100,150,1053.4184728037,33.9109368324,88
