0.400515667,0.445610887,0.4480174,0.487640876,0.462502956,0.191289831,0.174095637,0.243961565,0.188170815,0.247215561,0.030605891,0.068536119,0.092583887,0.042991441,0.143745957,0.462819809,0.389962007,0.234255511,0.249637926,0.319137963,0.023935858,0.269218895,0.025022638,0.127654728,0.223303275,0.086128283,0.091585397,0.049747763,0.498235203,0.09367934,0.472061919,0.397880794,0.355901514,0.379281706,0.397425987,0.089112412,0.129529771,0.095010448,0.294318527,0.0759987,0.014061213,0.082057116,0.133554224,0.069702123,0.128814597
0.442614871,0.413981445,0.473940536,0.359850595,0.471300631,0.328617769,0.285522908,0.234980819,0.268356325,0.20201347,0.140849942,0.122632799,0.030472239,0.028034078,0.139914349,0.293765145,0.422685845,0.304442788,0.428850954,0.362438961,0.156163953,0.107299813,0.078506443,0.235239037,0.153537785,0.028936978,0.415555404,0.411233506,0.205209771,0.036590539,0.439409682,0.446286918,0.443835362,0.415369034,0.41185769,0.019674605,0.177920863,0.047732856,0.244289696,0.037491391,0.042966308,0.015382923,0.024592201,0.098695121,0.112410102
0.496690974,0.49378053,0.353750897,0.398780814,0.369708379,0.317816356,0.217262801,0.274582598,0.213369792,0.222934788,0.13384279,0.019288968,0.03604819,0.089934313,0.136119311,0.385331916,0.265408228,0.399401825,0.239958683,0.29074139,0.037306037,0.012849785,0.321713246,0.287715583,0.223453541,0.035474765,0.110342924,0.232675535,0.005596286,0.092581742,0.414123967,0.480472649,0.492048157,0.436191434,0.48852648,0.192003934,0.07056427,0.1297658,0.075898141,0.139437354,0.098813081,0.06112123,0.029741797,0.147722875,0.029706124
0.44961308,0.473795548,0.384947302,0.350256705,0.415911638,0.246246185,0.286292057,0.304222278,0.295173876,0.185740878,0.021025834,0.079781444,0.104814903,0.015275267,0.016799855,0.445631808,0.489830831,0.385259098,0.49705477,0.175519819,0.106839315,0.204826448,0.04367093,0.105566201,0.144765141,0.157737349,0.063462183,0.319815567,0.456516626,0.265620127,0.427694303,0.370983929,0.376722715,0.394680244,0.437156932,0.02501171,0.043623585,0.041013807,0.102676502,0.171452648,0.097146032,0.096060735,0.037613779,0.144349508,0.099657362
0.447589273,0.398833518,0.499107888,0.441156069,0.436642865,0.260991371,0.217859868,0.198291984,0.32711837,0.270696316,0.06724083,0.060244953,0.145907134,0.104823483,0.026222746,0.217069027,0.412943853,0.211629382,0.320198401,0.312757214,0.15443618,0.237218845,0.29426366,0.140694457,0.283318029,0.41698326,0.083031586,0.038802044,0.197043862,0.017330616,0.393390891,0.373659337,0.469908472,0.455437398,0.438207894,0.213406925,0.130424502,0.152493799,0.317461373,0.198371508,0.033340289,0.028435951,0.13149758,0.123084376,0.056120093
0.450637007,0.421919433,0.482191867,0.389947124,0.427057437,0.170747767,0.206413579,0.169864774,0.330233141,0.167284675,0.050243177,0.074775259,0.142335658,0.008244472,0.14678191,0.334727058,0.320534913,0.428230704,0.19864385,0.412213307,0.01234692,0.091836239,0.014185812,0.224826012,0.257502024,0.232828783,0.246661896,0.472623489,0.148055202,0.269400196,0.373387217,0.400886302,0.373790351,0.488063096,0.383879366,0.188007709,0.044407437,0.132671391,0.256872293,0.194886274,0.021971465,0.036317791,0.008555963,0.013104192,0.076128843
0.391334476,0.370162695,0.492212434,0.472763744,0.377283672,0.336426017,0.198319774,0.301001236,0.318863131,0.337815268,0.058402601,0.063926555,0.052130593,0.08509223,0.143767952,0.297640659,0.210906148,0.37614596,0.491408443,0.211859771,0.1816505,0.21411909,0.283677848,0.249868565,0.211503047,0.33882491,0.447497181,0.15600765,0.1852791,0.488655675,0.441972309,0.372344337,0.492951726,0.35104891,0.393230207,0.157227244,0.326156637,0.222865759,0.163077986,0.246815596,0.038540676,0.030327327,0.005129038,0.113691737,0.109895857
0.438052091,0.358343174,0.44071723,0.386156095,0.366809766,0.216541566,0.230674771,0.216480762,0.17526565,0.327329825,0.074204201,0.054457554,0.023851135,0.148110906,0.011668904,0.437361553,0.472415596,0.356916928,0.468871581,0.47503278,0.046460505,0.09739183,0.187487106,0.10753453,0.280104087,0.317751108,0.152544749,0.379376471,0.360586625,0.2086134,0.476774032,0.430049064,0.386441365,0.482764464,0.456026371,0.324090782,0.079123094,0.303836814,0.224217663,0.209854433,0.111792136,0.043636156,0.08378159,0.141358762,0.125020521
0.427661578,0.404585355,0.413364706,0.422280414,0.381699606,0.22259742,0.274727357,0.280251429,0.214237391,0.309563961,0.097814159,0.068581114,0.038111766,0.029833621,0.106649758,0.465710898,0.423154811,0.301177235,0.48061226,0.177046105,0.07253892,0.253062082,0.072426281,0.076930097,0.221568161,0.240439271,0.006310906,0.153554058,0.049615154,0.12164261,0.392172831,0.381292913,0.487697788,0.467961993,0.401780959,0.022094459,0.0455044,0.263717639,0.060984249,0.292826985,0.029784258,0.109028434,0.017199315,0.089112322,0.013509902
0.367706554,0.422537524,0.403734993,0.406264929,0.427993487,0.304077654,0.234809155,0.331486228,0.245198289,0.249677723,0.137727145,0.138425879,0.100731273,0.081001139,0.115105455,0.345261933,0.245916884,0.201771028,0.251516677,0.191619299,0.32470284,0.305869396,0.032006862,0.213537453,0.048377634,0.096521514,0.126353567,0.029500799,0.145275112,0.230391426,0.488432122,0.466015777,0.398661471,0.3899042,0.445227763,0.13156403,0.276474522,0.156259262,0.106439355,0.328708256,0.036883897,0.052625561,0.009896109,0.117610224,0.063676063
0.478755184,0.392085314,0.475345611,0.386244619,0.410905744,0.279516878,0.325281979,0.171441313,0.184107252,0.171980626,0.070143161,0.083858077,0.06562888,0.136553396,0.139461647,0.318804485,0.368523058,0.215624708,0.332718474,0.335344177,0.221412109,0.124726595,0.164600907,0.232149065,0.088066889,0.186040137,0.254580362,0.11219823,0.288428508,0.056597237,0.419992079,0.474724802,0.377326301,0.354426741,0.396560868,0.047841968,0.13460546,0.245028847,0.204037266,0.026785212,0.140583524,0.124730067,0.044343264,0.026991688,0.098279036
0.416140991,0.418640624,0.417851559,0.480625359,0.353879368,0.318141982,0.187761945,0.332142408,0.174357464,0.306757705,0.046171692,0.121124283,0.144667342,0.079425936,0.02882441,0.222289117,0.25215904,0.245522108,0.418573533,0.349455612,0.251948614,0.08349925,0.255967022,0.305801405,0.323292543,0.012113026,0.427058057,0.426819751,0.228698535,0.040468089,0.456367171,0.375025679,0.449302127,0.490295297,0.453780741,0.328420928,0.041336889,0.207792105,0.283339028,0.239663,0.031145012,0.033830706,0.068436694,0.024267512,0.022594627
0.403051789,0.495012752,0.450508951,0.370543286,0.40778088,0.222503884,0.291596681,0.255231153,0.330361426,0.193517056,0.062774507,0.12382301,0.112764007,0.062744439,0.136983054,0.365334437,0.412909401,0.271953731,0.388065401,0.340755785,0.129322513,0.023268781,0.086793364,0.203758696,0.143601482,0.201000811,0.199135591,0.182810123,0.051623626,0.350835139,0.394053573,0.380668384,0.456576422,0.443438493,0.360481134,0.201757378,0.023836512,0.273143247,0.059397526,0.227233081,0.12292367,0.111393547,0.062095248,0.016674821,0.103291832
0.490803393,0.403822887,0.449607033,0.423863716,0.399655635,0.285441479,0.295484847,0.242503712,0.163401593,0.201630785,0.026140118,0.112563631,0.148000085,0.070533452,0.136100376,0.328217603,0.24069222,0.418546602,0.378968585,0.324440876,0.282939905,0.171924021,0.143634779,0.190824329,0.145249345,0.161972232,0.35660144,0.035122613,0.464564549,0.333942053,0.457824719,0.417940545,0.439208259,0.494907563,0.383408263,0.038753451,0.052511341,0.322685985,0.23635947,0.262155933,0.110909882,0.019089379,0.054136142,0.090950887,0.039560924
0.396501716,0.445154177,0.354831607,0.388318868,0.356788641,0.193736057,0.230283547,0.261451151,0.277457175,0.180660855,0.069892892,0.091905502,0.139536823,0.055888139,0.105182603,0.319720408,0.297891367,0.308977262,0.221691171,0.299840645,0.166799316,0.036740256,0.03632199,0.032629378,0.270436989,0.015784831,0.023652487,0.284861307,0.063563145,0.297020914,0.429138826,0.393334631,0.360292906,0.371290033,0.490607202,0.32779968,0.330660378,0.221184171,0.223755556,0.049630676,0.075032519,0.069732874,0.028146145,0.099606915,0.061434158
0.371044877,0.363585117,0.366103177,0.350591706,0.406544465,0.262450274,0.316958101,0.254946916,0.180038678,0.23069886,0.020572961,0.01849136,0.012020401,0.13297589,0.136778208,0.31324676,0.191673236,0.365954536,0.402388818,0.193207431,0.193104174,0.21179445,0.062855893,0.167316879,0.253491643,0.492453497,0.16523242,0.106079426,0.301363609,0.260993576,0.487562908,0.372806835,0.453257224,0.368647833,0.451631949,0.008580122,0.278247831,0.151855687,0.262828924,0.016546632,0.061823252,0.107607945,0.018209162,0.11594513,0.122841089
0.488846301,0.498534319,0.397497414,0.434248266,0.463369596,0.267692548,0.322829256,0.289054189,0.317640065,0.312491922,0.082817268,0.053311981,0.055752715,0.146488282,0.06473857,0.182283289,0.472177116,0.161913745,0.247472051,0.493733676,0.24304768,0.120361735,0.224358698,0.207236638,0.197603432,0.266856076,0.415834223,0.130106593,0.279755526,0.282122285,0.403798622,0.460290332,0.388835428,0.478550665,0.389233683,0.030450688,0.065887528,0.130403115,0.331639108,0.248282814,0.077901591,0.032466474,0.035490865,0.015453581,0.088723144
0.466748364,0.443106131,0.488039905,0.467223304,0.406518145,0.164934052,0.330287138,0.246822811,0.257732635,0.202979376,0.098397896,0.08905694,0.108331197,0.068753746,0.064786559,0.213722079,0.39906004,0.29880777,0.287527451,0.410186066,0.029775336,0.247219345,0.098153105,0.067268039,0.277077144,0.100604481,0.063301139,0.104352223,0.324034893,0.096551153,0.497661382,0.386390711,0.36433256,0.392364263,0.418073448,0.113909019,0.271041235,0.044114538,0.051986066,0.242754077,0.074608176,0.097495952,0.125934684,0.057827969,0.087974558
0.483594473,0.499045298,0.383143956,0.37817315,0.369815888,0.223074895,0.302345263,0.267699781,0.170788966,0.317988359,0.12203544,0.05808276,0.12962906,0.03177223,0.055821609,0.161726016,0.392950537,0.347577387,0.414537503,0.248464244,0.228998713,0.232247666,0.334756234,0.101704089,0.055776614,0.253772005,0.30054683,0.256713304,0.116534122,0.249796339,0.385357984,0.493826418,0.386004905,0.486770226,0.492817278,0.010245648,0.080735512,0.059902516,0.146367844,0.020931005,0.138750247,0.094984393,0.106953354,0.14031003,0.032463465
0.482509595,0.392018531,0.358662488,0.412206636,0.403693494,0.219223476,0.178844766,0.26548794,0.188684995,0.236812661,0.016175828,0.019243837,0.051333073,0.023814164,0.11645591,0.407078933,0.471462393,0.466842907,0.284332796,0.470939667,0.03016638,0.183921091,0.244019517,0.063991207,0.069058694,0.194211147,0.098696632,0.014752687,0.484322887,0.116479691,0.494366078,0.411716423,0.350234777,0.469081688,0.379624923,0.317347135,0.042535813,0.214479499,0.184013461,0.037293561,0.104679731,0.070751851,0.023583773,0.046259365,0.048161675
0.467130677,0.417162153,0.490971698,0.461025417,0.47017858,0.184811024,0.194462425,0.27003111,0.171444291,0.262398014,0.045314014,0.079547409,0.09650727,0.015975809,0.14862071,0.312157323,0.423192211,0.222059255,0.196389833,0.334110647,0.282304183,0.066567491,0.338422338,0.130574876,0.180533612,0.252174516,0.285966217,0.312328641,0.122976138,0.062520348,0.393569656,0.377047503,0.439283559,0.370030742,0.477923395,0.332993687,0.260502133,0.252317026,0.107684986,0.022494391,0.06107099,0.045268931,0.046749661,0.100522699,0.124471508
0.489887739,0.462551327,0.384605563,0.382129247,0.44280091,0.284230988,0.233008913,0.24048692,0.247552104,0.272362177,0.135847349,0.022555301,0.077370232,0.132638652,0.084959358,0.24897219,0.383289292,0.455165355,0.264576481,0.337869211,0.014348157,0.268453154,0.314747989,0.27670718,0.138842839,0.074329551,0.307149086,0.293282057,0.034027497,0.403697056,0.463958602,0.488482534,0.417701734,0.374934472,0.397129938,0.21057352,0.256319282,0.120985329,0.1174318,0.230114123,0.021195805,0.10263183,0.014168547,0.139444509,0.039024105
0.400125054,0.375766301,0.427612024,0.425728822,0.393097504,0.225375837,0.229996523,0.275106935,0.315732186,0.302212665,0.09190571,0.062032344,0.103298422,0.005951386,0.073961635,0.496573595,0.207364585,0.23896383,0.28097255,0.498697312,0.021816951,0.024705297,0.266650902,0.323830153,0.050955409,0.315207409,0.439083853,0.35670978,0.059232223,0.105539771,0.371044227,0.462124933,0.496187336,0.472557862,0.369343186,0.245635147,0.040776568,0.021806431,0.01664501,0.174265357,0.149977665,0.030764965,0.007493267,0.020234789,0.131885903
0.378262354,0.487025259,0.368631753,0.438437993,0.44305755,0.273430549,0.289720549,0.317038448,0.180925403,0.317726393,0.053109494,0.032861748,0.088358863,0.024949247,0.144568449,0.296086113,0.432635788,0.472614226,0.353958711,0.319764028,0.126636687,0.210164824,0.023671163,0.119191555,0.238769929,0.009435285,0.300630924,0.070014081,0.034521818,0.273259993,0.397135348,0.351404084,0.420539438,0.456528373,0.352402982,0.110029627,0.228517715,0.193084539,0.007361048,0.241130177,0.049998022,0.096062085,0.063118373,0.081168901,0.054975134
0.429603367,0.362254102,0.490722965,0.366167831,0.4901943,0.257041183,0.239449472,0.254384413,0.26059677,0.311941323,0.008664326,0.136955856,0.122230395,0.042873168,0.046385194,0.397878538,0.427145328,0.440009668,0.459312206,0.303573476,0.006992314,0.186063331,0.095448102,0.089547889,0.189062857,0.063538659,0.217568498,0.005422126,0.013003049,0.084305853,0.455283921,0.39156133,0.452104308,0.48853276,0.420217711,0.239906439,0.052131474,0.192227458,0.049502352,0.300689099,0.042950477,0.132953939,0.118098788,0.072416148,0.091833047
0.352697176,0.356719787,0.46608074,0.388207368,0.372048719,0.246018051,0.186343087,0.264425918,0.300224678,0.198947354,0.103852899,0.018903395,0.123599114,0.13347955,0.075279164,0.269947131,0.482010229,0.262093329,0.200911162,0.498429802,0.206464987,0.10678447,0.028865373,0.27063235,0.216847813,0.430074401,0.150825798,0.106585801,0.01011578,0.334390235,0.406255311,0.466317324,0.432059986,0.467153151,0.41641106,0.205330329,0.18369632,0.301963147,0.332439115,0.172893169,0.105141634,0.012046745,0.083750241,0.036862462,0.01324342
0.422594849,0.490443133,0.494338763,0.350305575,0.490599787,0.257154072,0.26629957,0.264857924,0.312441926,0.177299458,0.144271498,0.022935181,0.105926328,0.021543261,0.142577866,0.420694007,0.186494171,0.367010226,0.321742829,0.245114264,0.246096556,0.304097791,0.217933148,0.33907199,0.19226089,0.193363523,0.37187499,0.023615457,0.017120675,0.230768269,0.401497846,0.407050062,0.438080585,0.356310932,0.423052627,0.10546411,0.011875275,0.088403959,0.241023346,0.074627908,0.105785524,0.142304196,0.028197995,0.043268617,0.068729946
0.396505889,0.386788432,0.403728225,0.40412871,0.447583967,0.274844672,0.275018409,0.202529852,0.175213936,0.183899872,0.043132835,0.134959958,0.143157899,0.107911174,0.116303318,0.271987214,0.289313748,0.461657257,0.451010231,0.408803764,0.288060864,0.283722421,0.336291187,0.08680487,0.273647889,0.101025463,0.109638222,0.298460193,0.47576849,0.246174746,0.468246236,0.384730772,0.462525564,0.466462861,0.499194746,0.323947627,0.21980785,0.217538108,0.093410682,0.132790449,0.012248757,0.138891519,0.024552812,0.076692866,0.100752709
0.454119032,0.387218971,0.408450434,0.374868394,0.401582595,0.213379897,0.197386627,0.294726029,0.164752457,0.18394465,0.057005833,0.030769616,0.124073644,0.076478833,0.148255456,0.270484615,0.183274239,0.369307373,0.426882463,0.479047153,0.202604099,0.02485706,0.14552317,0.111899681,0.279382146,0.278867684,0.211315585,0.296633617,0.262586186,0.236721353,0.471595944,0.414357992,0.461062979,0.3798016,0.378987698,0.122326504,0.083371551,0.301181322,0.251897593,0.099647114,0.096308363,0.111098452,0.088190837,0.043529562,0.036821595
0.435469026,0.439387482,0.388332667,0.39801666,0.480403426,0.306563836,0.311349915,0.336342665,0.263784467,0.255999754,0.136548657,0.01129352,0.110620624,0.027633439,0.058924936,0.267245979,0.184913865,0.332834461,0.190001373,0.351926651,0.10968283,0.041452046,0.31900329,0.193709228,0.075251039,0.333027313,0.295779913,0.318326414,0.244720513,0.363805091,0.300662798,0.194588034,0.197967557,0.250954154,0.325050372,0.476704066,0.408826855,0.415302104,0.367137104,0.362067525,0.320064714,0.177602013,0.25066505,0.228277136,0.284531675
0.461918997,0.413945314,0.401328123,0.359016653,0.48613181,0.198504413,0.327860812,0.219022728,0.31047503,0.175859573,0.023754756,0.126703199,0.035698945,0.06572519,0.017589038,0.317154433,0.300745095,0.478797969,0.314599374,0.49887965,0.070574772,0.203218795,0.05101756,0.101026354,0.189772646,0.267007406,0.240473467,0.055344995,0.085278573,0.106858868,0.293278265,0.212888712,0.303792486,0.260113447,0.182382964,0.383319123,0.410035085,0.377962932,0.488630271,0.48107772,0.216939167,0.285647971,0.259967122,0.275327268,0.313644952
0.373300169,0.486620169,0.408959683,0.481676686,0.426490285,0.311254188,0.273228982,0.336254792,0.209312185,0.176519716,0.045096289,0.057651248,0.037906854,0.0448602,0.093524688,0.165028052,0.24061036,0.368218707,0.1751331,0.325226821,0.09878874,0.056459162,0.193118473,0.167676651,0.321971295,0.499368769,0.408294049,0.078430174,0.087785203,0.492662119,0.16022028,0.292390473,0.194345577,0.190636876,0.19020004,0.41042421,0.376167845,0.492152205,0.429804215,0.378354003,0.22780971,0.228651822,0.190755895,0.218778201,0.258582698
0.410106009,0.395405779,0.457980495,0.400105723,0.48369986,0.199265641,0.257594077,0.239972393,0.18324708,0.323211016,0.08574348,0.018106658,0.137220314,0.116804913,0.095518043,0.32596453,0.373847127,0.483734367,0.361954867,0.370297988,0.032656674,0.335467987,0.31960974,0.027476378,0.055225017,0.029622098,0.218176774,0.35884866,0.270963101,0.088539493,0.167604359,0.307809906,0.282238047,0.245204901,0.22019192,0.395765068,0.404115164,0.434523313,0.496559694,0.38294984,0.200964774,0.188801778,0.220995117,0.196217638,0.171842617
0.415228443,0.457441851,0.381122713,0.368337318,0.465755325,0.32322588,0.223903527,0.291197189,0.261612387,0.218813113,0.034237678,0.126294392,0.012890346,0.083684926,0.099685269,0.482448927,0.400226459,0.299387949,0.294686445,0.492773892,0.305563971,0.244844307,0.105542954,0.048943957,0.330613984,0.450854181,0.328327858,0.235058144,0.219810387,0.267114288,0.304017804,0.300529924,0.203499729,0.335654423,0.22958062,0.494236567,0.462751592,0.476524849,0.424085079,0.459555994,0.291756646,0.166523306,0.274922169,0.205731683,0.277405505
0.37483582,0.354606371,0.441087603,0.499453405,0.477387682,0.228463759,0.195540325,0.295079418,0.218135242,0.329078128,0.06447756,0.070813413,0.09472028,0.144684767,0.133610518,0.433029074,0.468674767,0.43457554,0.426092957,0.295703098,0.064629758,0.127814164,0.148787933,0.152722445,0.152700965,0.267939137,0.168989343,0.323403156,0.036874143,0.126563618,0.322345743,0.202351983,0.165791287,0.329685016,0.323570904,0.481825883,0.496977036,0.447388844,0.388778919,0.398625583,0.180960512,0.316500107,0.283098976,0.201379241,0.224932553
0.357607915,0.418823146,0.446653702,0.478733997,0.365947469,0.263535732,0.171655576,0.230711545,0.309645089,0.19068182,0.048593572,0.071103688,0.09749442,0.038521154,0.010190504,0.39488092,0.167166924,0.162398427,0.210371783,0.225674442,0.124744385,0.103776902,0.236569488,0.082522105,0.280588675,0.123984801,0.016674187,0.125401105,0.047921287,0.303100843,0.194190211,0.168093934,0.25077548,0.211324544,0.293881042,0.375033749,0.477674359,0.497667151,0.350166561,0.369163769,0.181029064,0.160757272,0.284204195,0.192288117,0.166227536
0.422492533,0.357844584,0.353019965,0.415344426,0.399251856,0.215272455,0.246893286,0.202827081,0.217482433,0.207625869,0.097651344,0.058182526,0.063414189,0.1061967,0.110316943,0.427972731,0.492666451,0.305607695,0.402035041,0.342117764,0.082744798,0.168770056,0.274501422,0.063797038,0.009603312,0.113291916,0.46378266,0.063801966,0.394897971,0.199638727,0.203037277,0.312459838,0.216509387,0.217185159,0.190318701,0.487366549,0.414640154,0.443972631,0.419166012,0.413312409,0.266539702,0.329161062,0.2992433,0.224725022,0.21818091
0.403100253,0.497009505,0.440181759,0.455457533,0.405976123,0.336723303,0.210243678,0.161508101,0.253292379,0.243090846,0.066133876,0.130774983,0.110527773,0.09513445,0.124218913,0.235810621,0.232310754,0.176968915,0.246520463,0.403846665,0.159039075,0.017566856,0.090195217,0.186831821,0.306731753,0.323241171,0.037603277,0.192106251,0.16495635,0.140627661,0.211247128,0.206411612,0.2536214,0.330482659,0.270045639,0.434495942,0.427448881,0.47168687,0.440966301,0.405353317,0.320233214,0.329911702,0.173075659,0.295295779,0.306227836
0.462436505,0.45932574,0.364069109,0.37430859,0.498773667,0.303475682,0.321104686,0.299535705,0.328161899,0.334371088,0.086839299,0.06883462,0.071130314,0.046201067,0.106159904,0.296456203,0.164134793,0.360530273,0.173569354,0.439522251,0.019920496,0.321336915,0.015212784,0.045526457,0.307453948,0.14732384,0.079582464,0.040364336,0.138943497,0.447880979,0.29205884,0.220317804,0.179420656,0.187184238,0.189374551,0.365930918,0.357139837,0.424703064,0.430344748,0.48408733,0.295457944,0.260876429,0.216107969,0.2989077,0.260957049
0.492309412,0.405319032,0.488659388,0.410546611,0.465028464,0.251690708,0.280188077,0.265879262,0.233852129,0.296518737,0.062257554,0.039314016,0.014477931,0.067163753,0.006543515,0.191665714,0.442574179,0.268652893,0.237500806,0.272359546,0.103626587,0.301089123,0.334804189,0.189254527,0.220425052,0.435480449,0.248894822,0.224111054,0.137238262,0.050856533,0.185668887,0.224643064,0.161380123,0.336722955,0.281033671,0.488674202,0.49751062,0.408419801,0.489349151,0.42213655,0.17287728,0.285923507,0.200337678,0.212891523,0.333332896
0.360760482,0.491925309,0.395895581,0.490684385,0.373536001,0.236896156,0.32294797,0.210434667,0.191534274,0.220691847,0.046666528,0.104033467,0.131909401,0.040650055,0.054449207,0.432567604,0.498612856,0.399552302,0.221384141,0.394939112,0.049001076,0.315742678,0.322925751,0.240176493,0.03276358,0.157488919,0.406549695,0.206350106,0.315024337,0.287987717,0.247907665,0.160714742,0.297937034,0.170028611,0.218045944,0.499673771,0.393754933,0.487348093,0.479195323,0.38478074,0.215388972,0.299744331,0.221320632,0.290597208,0.24519359
0.398422614,0.399714923,0.372883163,0.357217182,0.459347346,0.315655648,0.207393148,0.271266872,0.269292149,0.32849829,0.010530066,0.116307986,0.024409073,0.05936485,0.047276954,0.299393877,0.425541489,0.433381058,0.204809831,0.204918849,0.287173161,0.087969764,0.120210127,0.211480673,0.037135406,0.065743723,0.305407594,0.062810053,0.221652756,0.08351524,0.322579229,0.285365019,0.261554723,0.327563361,0.181575085,0.455525107,0.385703803,0.403356717,0.380392225,0.413172861,0.165130311,0.29776328,0.307521117,0.224306636,0.163796859
0.445827373,0.416270571,0.409465981,0.383997395,0.473072278,0.185105108,0.166537022,0.247473034,0.282897494,0.336496392,0.023007813,0.047735558,0.049097725,0.014854593,0.026469451,0.17044562,0.374662983,0.192614216,0.40443597,0.419574378,0.339849833,0.166298926,0.083715873,0.134670542,0.155264576,0.013402908,0.251996162,0.456383747,0.018441262,0.39611147,0.195448309,0.312112162,0.329746516,0.21147882,0.195052342,0.48886138,0.492743301,0.38594115,0.476586685,0.482915295,0.235402425,0.299086468,0.23676259,0.293195205,0.275189851
0.410656911,0.48730505,0.386423874,0.389621631,0.417734803,0.165542057,0.333598991,0.215907014,0.244224686,0.28526927,0.128986845,0.012050378,0.026220205,0.087877735,0.023821804,0.445384844,0.226204438,0.427502404,0.241408127,0.442442322,0.298006819,0.272465756,0.336442673,0.131697713,0.165547593,0.497377085,0.260406025,0.365415505,0.362220538,0.26793744,0.30279096,0.308134972,0.207867692,0.249568289,0.338533123,0.413921607,0.357954563,0.363468328,0.414852566,0.467883134,0.240643406,0.16690148,0.279649886,0.307916624,0.320324882
0.449686032,0.460482248,0.464001755,0.441107621,0.437119996,0.264008981,0.176255716,0.234123798,0.181098838,0.271908548,0.005895383,0.118208824,0.081267107,0.074155984,0.055757129,0.207481301,0.226149084,0.369557434,0.499103092,0.488548224,0.136301447,0.30132496,0.074972795,0.274951177,0.147263687,0.271283272,0.264775771,0.166522949,0.29941868,0.053133252,0.205057161,0.312450671,0.299985672,0.200587662,0.282869127,0.38286713,0.425162163,0.44755238,0.474012298,0.493084265,0.288015401,0.162804776,0.311137907,0.314762939,0.280081296
0.444458632,0.468117028,0.352335074,0.44520057,0.393866672,0.274209712,0.181539945,0.316066285,0.232078227,0.269607504,0.013068229,0.036558727,0.053952857,0.14874298,0.127282307,0.339986643,0.206409219,0.342728687,0.260026457,0.353185893,0.009647557,0.092294832,0.258072874,0.308216645,0.054604709,0.021663556,0.188022512,0.080464599,0.064076807,0.291968199,0.223858347,0.308606472,0.169747092,0.263669733,0.280207217,0.369771748,0.486863176,0.490696226,0.396064592,0.496804613,0.338689348,0.268529803,0.308667821,0.251536169,0.25500288
0.423665199,0.473276881,0.381337263,0.436577397,0.40001052,0.20621423,0.313541705,0.169392101,0.191121377,0.265126425,0.074798736,0.066435127,0.04622163,0.008710899,0.124021769,0.449570177,0.257199307,0.26341592,0.271123283,0.369052589,0.117481447,0.216764172,0.099475347,0.068097192,0.039251196,0.297077921,0.114719594,0.015079737,0.307452843,0.265039666,0.266239774,0.206224745,0.16981185,0.324502398,0.174047943,0.441684484,0.436480102,0.475114981,0.445223988,0.463034121,0.187435881,0.167982884,0.32612584,0.306977405,0.233579433
0.413707217,0.488190595,0.402341223,0.493043414,0.446932107,0.32479014,0.195522453,0.330818164,0.212538213,0.297557625,0.059970831,0.087089219,0.078809953,0.148957018,0.131636038,0.244430977,0.301962841,0.437470237,0.198777857,0.311227914,0.061131203,0.293522648,0.073163991,0.069047705,0.270081531,0.361006875,0.063122996,0.337382843,0.157133135,0.270665419,0.287040813,0.276344022,0.30303799,0.29696368,0.186087739,0.435892922,0.487008016,0.464701014,0.46003067,0.449401671,0.326335076,0.218623952,0.180713797,0.306569963,0.240137283
0.394548014,0.371604975,0.367374162,0.38368727,0.389826585,0.268607924,0.29818033,0.250111277,0.180269993,0.238107567,0.126328658,0.139637472,0.063495949,0.098924074,0.024686942,0.298297423,0.420488275,0.194100428,0.340575068,0.325379674,0.07838711,0.259489959,0.01872346,0.013173514,0.167856093,0.213115162,0.194770969,0.251724863,0.336929272,0.28546021,0.265693072,0.331679281,0.277635353,0.304170344,0.249552683,0.469475427,0.407622596,0.378830456,0.477077303,0.395893374,0.333437747,0.204020427,0.321105095,0.256846881,0.227746187
0.381573908,0.377767733,0.365192052,0.454975827,0.405349023,0.308822906,0.236125615,0.318676538,0.241506295,0.23479448,0.110038985,0.131664564,0.03852617,0.064865826,0.09567911,0.209183177,0.206614129,0.187480817,0.259430044,0.28658317,0.132476211,0.110630907,0.02422509,0.144915818,0.098053969,0.3968768,0.431635193,0.027577456,0.327799601,0.178719662,0.208641297,0.197788449,0.228503613,0.207251325,0.210292716,0.397461844,0.445685666,0.485791561,0.44383813,0.437767906,0.258514246,0.235219029,0.268517825,0.214390611,0.201969873
0.361210245,0.414996705,0.41430257,0.435202762,0.435499794,0.271348736,0.232944703,0.185664002,0.266965048,0.250055655,0.090468699,0.094885787,0.130662309,0.012200789,0.096104695,0.427273496,0.205004633,0.421949897,0.401496973,0.425857464,0.322318886,0.042583612,0.093319766,0.189594948,0.097701698,0.339752935,0.193067033,0.079062933,0.095097885,0.097959519,0.235670641,0.242324608,0.210816984,0.310648894,0.210401678,0.442086717,0.477986934,0.388208918,0.361535261,0.350485686,0.172777176,0.230176766,0.235944361,0.258279911,0.251251485
0.470733473,0.369763557,0.372206789,0.461940106,0.386233127,0.242966476,0.246975664,0.276620222,0.263056277,0.275216649,0.100965385,0.026781114,0.085225671,0.042005493,0.143955677,0.385053608,0.219353561,0.441055116,0.492883229,0.173005909,0.219894735,0.20406367,0.327862265,0.31348168,0.171806611,0.017439063,0.153156198,0.221753915,0.233322998,0.325681755,0.337737841,0.227151302,0.243618375,0.238881423,0.265821232,0.350069892,0.412489852,0.439458265,0.483394155,0.43965112,0.215226907,0.318257155,0.180466404,0.275029805,0.21506333
0.467214571,0.486919875,0.420728684,0.405494254,0.409948549,0.186568142,0.259919043,0.240906277,0.18931212,0.186255473,0.106839099,0.081586211,0.100560869,0.063633154,0.050632371,0.421507066,0.252794344,0.241885792,0.331520739,0.31050462,0.073460684,0.273147393,0.168491539,0.158097648,0.184550181,0.225898664,0.281992461,0.247123416,0.479280145,0.394436248,0.332640505,0.238280588,0.322214007,0.268739242,0.296173967,0.449496755,0.357776674,0.404041995,0.462289939,0.44645397,0.2901727,0.214448795,0.323550511,0.188575562,0.318994042
0.366047791,0.405415451,0.380292507,0.422553414,0.458063978,0.183655777,0.32425445,0.202691159,0.176053903,0.286458502,0.121462183,0.09084738,0.046890874,0.063248804,0.077001934,0.475211167,0.439592784,0.326339702,0.27599761,0.271181865,0.087735487,0.060258469,0.300022579,0.326587923,0.314734988,0.114284584,0.016458128,0.378032087,0.096339601,0.158853346,0.220779484,0.217561002,0.332086846,0.293794353,0.31533167,0.410006174,0.354637537,0.484660774,0.454786633,0.494548314,0.161772444,0.199816531,0.218994059,0.329432297,0.173474266
0.447894567,0.443503762,0.391098307,0.437175013,0.441521178,0.292540503,0.230015242,0.202659014,0.213278178,0.225410797,0.082745965,0.073958193,0.038759133,0.139834469,0.053768043,0.359724886,0.367682781,0.485538154,0.341079851,0.211495832,0.282817412,0.271201042,0.054183469,0.060674444,0.097394771,0.238927762,0.035759439,0.138690422,0.19691247,0.445426031,0.179716524,0.218668522,0.27541037,0.213601884,0.32855043,0.428866449,0.397085765,0.49990625,0.426321627,0.408670274,0.298343768,0.189512711,0.182637195,0.325486574,0.282664816
0.479799669,0.414810499,0.490284461,0.389393703,0.350539134,0.222374578,0.222079529,0.245209228,0.167734633,0.182352642,0.053398169,0.047107501,0.104780157,0.148399898,0.145194556,0.185185219,0.344936741,0.342337217,0.237696324,0.161250805,0.04042799,0.284467915,0.215349558,0.201792787,0.270293936,0.291803668,0.150181994,0.24899119,0.128239332,0.197408514,0.255270462,0.224469973,0.303123255,0.217336829,0.302693899,0.476557739,0.383210898,0.361880657,0.357568249,0.488659702,0.286474364,0.283649462,0.282128552,0.164824922,0.218060644
0.409519753,0.426483741,0.444605783,0.42728268,0.416956486,0.267325585,0.272189489,0.234233595,0.170801821,0.220593098,0.096087858,0.095757057,0.063892762,0.064101652,0.094496005,0.469465668,0.437622573,0.34747455,0.169023606,0.193981099,0.333384358,0.04115875,0.120503236,0.009075138,0.280306794,0.302611943,0.254012114,0.254679669,0.318390238,0.304842442,0.257231039,0.330788995,0.310185304,0.259148336,0.236691281,0.450660324,0.401266161,0.408476097,0.453611351,0.435553322,0.178116089,0.279575197,0.163191866,0.292956096,0.201238503
0.430830636,0.441957852,0.478317296,0.47992519,0.448031571,0.287955422,0.203772787,0.248106322,0.233959414,0.162484,0.009114593,0.140000521,0.021657633,0.053226109,0.104611787,0.292291665,0.391369992,0.293546192,0.406422955,0.441781056,0.092802077,0.282917392,0.27359206,0.327771944,0.094453635,0.313709354,0.146016791,0.216226733,0.490585756,0.045048915,0.287938049,0.29845329,0.313817217,0.265643216,0.312567123,0.488141568,0.442637654,0.373547924,0.454737089,0.443165227,0.296869607,0.316541414,0.162036351,0.314673054,0.236132174
0.352232504,0.367273771,0.414854453,0.475843368,0.489093755,0.314852143,0.216911082,0.183660257,0.257694063,0.189464389,0.04686448,0.05819397,0.110213503,0.080487039,0.095692768,0.446478451,0.321755085,0.237495952,0.482161526,0.200919172,0.219825933,0.268040196,0.077975472,0.026006832,0.205724688,0.474125915,0.359737686,0.25702144,0.261355627,0.323487577,0.307581519,0.309103439,0.332770127,0.228568901,0.268174332,0.369865545,0.353011379,0.437773862,0.395042704,0.352856276,0.163262267,0.308702257,0.318622605,0.306335961,0.210794047
0.399286397,0.392771344,0.395046582,0.499240974,0.473937336,0.269312535,0.254775915,0.197969246,0.16871473,0.235549258,0.049434502,0.070275991,0.080382381,0.013905242,0.059043034,0.390300323,0.486431321,0.379272631,0.228427181,0.194093379,0.230524158,0.144026657,0.072866365,0.18942503,0.168769318,0.467011034,0.079140557,0.152006042,0.14662142,0.141464508,0.14570698,0.130374271,0.051313836,0.07511874,0.09213594,0.081233228,0.070524608,0.191896416,0.323715437,0.314061788,0.400283313,0.471039595,0.466074883,0.41855223,0.461686675
0.365557513,0.3820669,0.374517609,0.394841747,0.428692311,0.250764336,0.237775647,0.195971301,0.256532638,0.269842738,0.096676104,0.12672259,0.106508722,0.078070998,0.063451855,0.420075258,0.311997399,0.387541003,0.34796065,0.494706652,0.025744164,0.067204516,0.252740991,0.326957953,0.073525743,0.3225786,0.33265219,0.235243477,0.408350397,0.032853507,0.072354396,0.138044906,0.038800168,0.075669795,0.04223415,0.054433822,0.171673623,0.250781403,0.226184723,0.184323649,0.35357379,0.435157643,0.403684374,0.490080991,0.401608178
0.453533417,0.448312395,0.358487767,0.456122684,0.357120879,0.302369887,0.336529633,0.236725281,0.330382066,0.311036231,0.006991013,0.097702408,0.101388313,0.081309173,0.121925658,0.367217014,0.324988468,0.312436104,0.43130619,0.483743745,0.034204214,0.085754148,0.238126108,0.116715649,0.039570474,0.143366153,0.274655729,0.19665273,0.158504247,0.4722616,0.080457178,0.062377073,0.053238035,0.124809431,0.005629546,0.023514921,0.268987264,0.088730801,0.111774341,0.037688687,0.410250012,0.40786129,0.35420145,0.375546162,0.438471553
0.386708625,0.454047428,0.416186975,0.438931645,0.43195075,0.219225003,0.281774963,0.242380522,0.299506058,0.31987751,0.05237326,0.088603835,0.043053229,0.074539358,0.104079358,0.234567597,0.237467871,0.306179069,0.23175247,0.362217572,0.190139935,0.051027154,0.256172612,0.293903943,0.093887002,0.009612157,0.092411897,0.447963928,0.285527346,0.070658746,0.067680433,0.116191114,0.005529188,0.134917229,0.011799978,0.058603075,0.244288366,0.046970589,0.318300939,0.119621148,0.446712167,0.499726437,0.396785616,0.434283518,0.490397025
0.360994572,0.382681941,0.459655939,0.469208102,0.495747261,0.186178174,0.264700495,0.2801426,0.275832524,0.236836099,0.070100656,0.141685751,0.016688126,0.073110171,0.143853502,0.47378783,0.194285482,0.252669472,0.193022939,0.460277535,0.044938923,0.312238553,0.290886892,0.117972425,0.128396357,0.013254156,0.333766343,0.053089824,0.072513803,0.469308652,0.017194134,0.075807195,0.006806116,0.034364163,0.085202118,0.32859203,0.32663957,0.155700015,0.049146466,0.217121948,0.36827991,0.492417365,0.440292005,0.387461908,0.371951748
0.475657132,0.445136152,0.450309716,0.48342737,0.390626673,0.209640036,0.237537348,0.295981491,0.338430956,0.296019276,0.04876092,0.032824215,0.019781574,0.127870215,0.070137602,0.228600871,0.486071955,0.427132791,0.283460946,0.251067192,0.21765959,0.308810893,0.105822386,0.229663103,0.326479237,0.364316682,0.189496405,0.117656911,0.207150397,0.247606253,0.132555881,0.0712275,0.057791377,0.016266519,0.044146957,0.176701604,0.201710374,0.07279774,0.15909659,0.251583992,0.424592751,0.397501518,0.370322202,0.398736981,0.43377625
0.446275203,0.358415987,0.381258661,0.483074725,0.394059327,0.301727679,0.237447116,0.240085513,0.329869635,0.264845115,0.089732172,0.127063863,0.136416487,0.067238907,0.120634912,0.304522573,0.208023381,0.416680335,0.347103918,0.273333277,0.260297222,0.118605963,0.200346107,0.166974367,0.267937043,0.142325429,0.15736031,0.466813513,0.497777588,0.239907785,0.082463653,0.009077348,0.018718718,0.025022596,0.091247043,0.242271858,0.251750563,0.060019324,0.058030502,0.335542042,0.373412114,0.365531578,0.401568559,0.351717986,0.438123153
0.37420478,0.467777411,0.420493647,0.415435459,0.408620027,0.186479378,0.275082048,0.273419672,0.28256817,0.177551972,0.122616497,0.125339185,0.080198903,0.140901955,0.022777817,0.272663187,0.471056769,0.482403153,0.333792562,0.387602064,0.227382081,0.16794322,0.264865154,0.067605171,0.090698047,0.157643017,0.302433824,0.251288425,0.109655293,0.223356951,0.064847772,0.075067129,0.136854645,0.04900791,0.024781023,0.125738045,0.327952577,0.076017307,0.061635175,0.082902048,0.400671636,0.465629907,0.374074907,0.493192079,0.459781376
0.37308362,0.438824444,0.396772345,0.495529608,0.454291713,0.307116302,0.233763749,0.231990701,0.202539706,0.19858119,0.101868939,0.093724668,0.029697713,0.092293593,0.11743999,0.281892767,0.366830012,0.335005537,0.249459069,0.271574227,0.146209292,0.094331077,0.244791204,0.043121189,0.219528931,0.357537698,0.250969675,0.239837684,0.122166225,0.255233228,0.03299876,0.113869711,0.102542909,0.11861336,0.111604002,0.031665387,0.078703026,0.028737039,0.082991941,0.016574139,0.360370527,0.428215791,0.355425391,0.353634243,0.391319265
0.452074473,0.416508757,0.448548711,0.353448517,0.442395795,0.207841876,0.258724544,0.173866703,0.329628941,0.300330857,0.032902669,0.134067738,0.058240552,0.095525282,0.05693388,0.160167383,0.180561699,0.440069589,0.197170352,0.283575957,0.051901985,0.134617546,0.166857227,0.332030833,0.185711532,0.099035041,0.412981169,0.298999072,0.198703995,0.317842492,0.139114785,0.05723326,0.147146118,0.125899241,0.101540759,0.162090257,0.165923107,0.296886918,0.082713254,0.21606267,0.441431263,0.455181601,0.436379262,0.384054929,0.46354554
0.411082518,0.351966929,0.492857595,0.359339001,0.396413408,0.285528612,0.262147562,0.255438301,0.179808254,0.225546955,0.092362738,0.094729859,0.011757742,0.122874265,0.054034938,0.496217857,0.162767927,0.335561005,0.265741174,0.296054571,0.225455004,0.213516368,0.121439449,0.016187941,0.048450547,0.135926722,0.282557876,0.019297065,0.351685803,0.081092826,0.146339535,0.019181079,0.112600254,0.107243137,0.148386467,0.284915917,0.052205832,0.211090514,0.158489028,0.26600547,0.492098234,0.451202023,0.359470763,0.424975366,0.380638695
0.411282703,0.467571696,0.367365907,0.497756071,0.388740068,0.162218812,0.169940931,0.31508077,0.202669557,0.247409991,0.071616858,0.107486558,0.13368786,0.116148131,0.113550785,0.292389604,0.289054245,0.256967608,0.2966498,0.42909795,0.163600022,0.012989811,0.304152363,0.17889681,0.102462657,0.302868009,0.086924353,0.287826678,0.203675343,0.484912505,0.054854316,0.059225935,0.135292477,0.113707787,0.070372072,0.239808184,0.222507861,0.078121378,0.234597475,0.298799956,0.365700009,0.373186369,0.491114391,0.365455298,0.363963109
0.374622123,0.400601316,0.351038274,0.481472589,0.40345978,0.25171165,0.192161044,0.231409172,0.171523339,0.287444254,0.140204447,0.035694597,0.115078737,0.086965651,0.112367534,0.338863559,0.447423433,0.435094246,0.407171949,0.499207731,0.200420203,0.325836258,0.120278009,0.146955265,0.07800076,0.198070835,0.45350707,0.218364083,0.295909726,0.218592432,0.025853103,0.129988766,0.098073553,0.033320816,0.111391997,0.185501099,0.068187338,0.227564684,0.315080974,0.072048419,0.363712919,0.486761227,0.43229494,0.367275766,0.426661272
0.417862973,0.429159381,0.451637087,0.351016265,0.357055385,0.233170529,0.273255279,0.219675448,0.291113025,0.292596383,0.080579561,0.140440627,0.122944726,0.121384606,0.032675798,0.402938918,0.292385328,0.23932757,0.185426257,0.480926123,0.24887048,0.180599508,0.125806725,0.10061944,0.071153716,0.041426681,0.126551034,0.195265839,0.121769038,0.442463768,0.132460771,0.031041275,0.037866366,0.034711691,0.099080982,0.116103807,0.311623938,0.038113609,0.116394971,0.101079956,0.410398577,0.433651424,0.477243705,0.377004846,0.416062662
0.439007161,0.375541045,0.476207253,0.391326231,0.351453761,0.32610596,0.251092777,0.229606117,0.266184727,0.184762094,0.030988435,0.098073943,0.146800219,0.112048619,0.014157853,0.396018549,0.287140664,0.336576079,0.348965355,0.408212636,0.051515197,0.153538615,0.139230369,0.142056796,0.20330439,0.485693769,0.304620205,0.35763019,0.311228287,0.021955895,0.086440103,0.071417338,0.08637683,0.123568717,0.124117042,0.151623347,0.025830188,0.029017488,0.285545414,0.020674017,0.410967204,0.469405329,0.354792713,0.441587283,0.39950956
0.476212263,0.45621668,0.414312041,0.470910532,0.382818662,0.19461655,0.289411113,0.197123046,0.186492889,0.257913238,0.132531403,0.090679651,0.014152964,0.100297057,0.097747853,0.413092197,0.210356553,0.402699507,0.251463794,0.423653934,0.010463473,0.268354678,0.117028688,0.295471468,0.015323458,0.296425735,0.183180963,0.162824798,0.127375417,0.248627458,0.08918784,0.096158016,0.052348272,0.022955707,0.142936571,0.006099887,0.074307988,0.323023421,0.103427439,0.146088788,0.376790258,0.397677784,0.408333912,0.407272408,0.379125476
0.381633506,0.428213277,0.489989358,0.450973283,0.399985531,0.222754272,0.185763178,0.204433916,0.234047084,0.292024911,0.053103443,0.10731332,0.082906915,0.078196097,0.008853676,0.483578208,0.411015035,0.269612591,0.321075363,0.301338274,0.045569951,0.012595809,0.243836802,0.005292,0.258818004,0.066000072,0.210512722,0.018181214,0.226720236,0.093788359,0.057724345,0.019793073,0.124087349,0.112835804,0.095365107,0.188907944,0.332554213,0.119624288,0.22002287,0.160188859,0.452497621,0.421699777,0.422043071,0.440205596,0.450338111
0.363769697,0.45125265,0.418754244,0.355950517,0.396818769,0.248320439,0.244415267,0.293978797,0.239998385,0.297993938,0.076435426,0.085614375,0.069004054,0.111075368,0.060614243,0.319747276,0.380436165,0.162341345,0.299534198,0.420997642,0.032678243,0.215201249,0.078696667,0.317648531,0.159444197,0.262118713,0.400497741,0.354877311,0.460387595,0.135668433,0.09883806,0.013959681,0.037708462,0.029027929,0.145096642,0.23929029,0.262818185,0.294185577,0.248155145,0.198767482,0.46915022,0.418983421,0.391167572,0.367729411,0.407657226
0.474150752,0.474070406,0.37611243,0.461337969,0.373257143,0.180575231,0.251773774,0.313922799,0.223973613,0.318298564,0.102485616,0.086357613,0.113016911,0.06222982,0.022835537,0.275961734,0.497498317,0.261338816,0.339097809,0.460230185,0.299958265,0.041444527,0.266886164,0.008685349,0.096562733,0.082616581,0.135638235,0.046330219,0.12399397,0.114088322,0.0425744,0.074294462,0.008558041,0.087459628,0.075980148,0.215590714,0.126133627,0.012790219,0.235438056,0.010353592,0.488522964,0.481141858,0.406798623,0.468921493,0.399083036
0.471967263,0.424608787,0.369699225,0.442742433,0.488282485,0.260530892,0.207546989,0.185258416,0.33930901,0.168244451,0.1466051,0.128723902,0.135168998,0.116438554,0.108954735,0.174192597,0.353468598,0.16685032,0.458583358,0.496462955,0.060511202,0.283335764,0.197429001,0.116259386,0.066868573,0.311546899,0.305228257,0.159935948,0.192387366,0.282554495,0.089305803,0.090151807,0.124750896,0.086732065,0.071490712,0.132645071,0.260044841,0.145053941,0.306168985,0.236840053,0.446125413,0.478095538,0.45794574,0.454283595,0.364540732
0.377322343,0.414043022,0.480441183,0.370907162,0.382700238,0.210213502,0.21873526,0.299516876,0.192416946,0.274396272,0.080141898,0.115701403,0.031564732,0.131094824,0.057287977,0.221413495,0.292156615,0.394501199,0.409960245,0.307966772,0.252378246,0.172863782,0.290756201,0.225265679,0.134798667,0.416000568,0.301410468,0.210875584,0.218274047,0.204944269,0.068006901,0.088391672,0.005564202,0.142673144,0.113305135,0.291303919,0.019664009,0.305414766,0.221940176,0.167184611,0.471586984,0.3706758,0.381654571,0.426827083,0.496515424
0.425050271,0.412158976,0.391373501,0.400684372,0.438681191,0.277793103,0.222144465,0.193836254,0.327160438,0.231565889,0.134130915,0.136812631,0.088974617,0.11827164,0.006894767,0.351654123,0.424412507,0.303505066,0.396694325,0.392546211,0.25594516,0.047384324,0.307406418,0.031388862,0.148586184,0.212280685,0.047524896,0.166393684,0.269324971,0.492739048,0.106922756,0.026800551,0.07359483,0.078277252,0.100030232,0.135959357,0.048001582,0.186815431,0.295961084,0.023983864,0.412448224,0.429428245,0.497193383,0.402616481,0.35762089
0.486667126,0.431182799,0.474299659,0.493232591,0.406868159,0.264745693,0.254581255,0.281775921,0.241660314,0.225414439,0.018006954,0.080081766,0.098740135,0.064216417,0.104166736,0.468464095,0.203742989,0.176124132,0.418941386,0.203847317,0.302484267,0.281960484,0.008555361,0.291273429,0.102026752,0.012725277,0.13573367,0.478424545,0.144124371,0.366768455,0.055773984,0.080372529,0.008611844,0.101537288,0.013919635,0.134339479,0.023306422,0.09060912,0.228414844,0.02789397,0.468825031,0.418047788,0.459323212,0.476503863,0.423450469
0.378523016,0.477669215,0.392390499,0.389579122,0.412662705,0.203960677,0.301438019,0.231275894,0.24730151,0.227287387,0.03619878,0.033659753,0.120009709,0.127556068,0.056668032,0.165447924,0.466112457,0.395532275,0.345902767,0.266168464,0.106037485,0.294255718,0.239862399,0.300880927,0.122916933,0.156752827,0.260381989,0.384925216,0.362504262,0.339904687,0.069342918,0.129411031,0.058020787,0.131862242,0.087974591,0.091808716,0.155012045,0.063623307,0.322134904,0.103027308,0.434719785,0.409557076,0.429095188,0.435757613,0.383967458
0.487988061,0.479488647,0.430417844,0.460568209,0.489144654,0.1985715,0.306054647,0.278303336,0.248807315,0.294549706,0.042797552,0.141671857,0.026932367,0.028445778,0.014764673,0.203641684,0.42469426,0.484537089,0.496476528,0.429624808,0.231420676,0.054967186,0.155844282,0.246636148,0.177622871,0.288628371,0.038289837,0.329242966,0.082057233,0.03942141,0.051251497,0.105495225,0.087912065,0.039271425,0.046288678,0.048263088,0.216598309,0.279417633,0.142251328,0.141894565,0.376515881,0.446561851,0.446656621,0.41788757,0.426600043
0.461807549,0.368734968,0.480316222,0.419932106,0.377010307,0.300221903,0.334789386,0.326625148,0.289209081,0.17651117,0.063644077,0.025596497,0.050465549,0.073101719,0.135879507,0.380366548,0.482168272,0.275500535,0.215022128,0.255360443,0.194398734,0.15028578,0.280751543,0.310661396,0.203291337,0.161143107,0.277571322,0.269737965,0.167092927,0.061559935,0.070662549,0.134491539,0.132531697,0.101381774,0.143384607,0.315493896,0.266839041,0.170591367,0.281000649,0.106319576,0.361396549,0.416886052,0.48334201,0.373365151,0.370840844
0.394965078,0.445016974,0.446664011,0.417336008,0.457674424,0.23976136,0.265457557,0.208974488,0.284166754,0.238139628,0.046918259,0.092131456,0.041027339,0.145629273,0.103137895,0.487819137,0.160849408,0.432497548,0.416229002,0.398420922,0.242052688,0.073455913,0.010430357,0.23493144,0.154131975,0.405616415,0.404603763,0.028696365,0.165569696,0.234787492,0.046141182,0.028526039,0.085584307,0.078196028,0.073885202,0.006803965,0.131974194,0.28300453,0.069064906,0.304313302,0.366379348,0.414810278,0.406756633,0.488312519,0.368301616
0.352903139,0.406088465,0.3826308,0.411577094,0.403588242,0.22362996,0.215900005,0.244505138,0.167324432,0.25172677,0.088834823,0.052132919,0.112005604,0.146754306,0.083852462,0.4464727,0.389309381,0.406969676,0.284848441,0.399431997,0.050569969,0.200835653,0.108719648,0.167712549,0.275062864,0.126923014,0.257450295,0.21105223,0.369357266,0.193720524,0.118648982,0.063097739,0.09357066,0.069123866,0.136460308,0.095447701,0.058405307,0.052585615,0.152670735,0.073622981,0.457978489,0.37670391,0.445208157,0.402344127,0.463551632
0.354649049,0.385112037,0.46187955,0.47915633,0.388794985,0.300255581,0.187787701,0.177721427,0.285973218,0.322441925,0.14189549,0.112144661,0.020751524,0.072103885,0.093498061,0.430974134,0.162086521,0.271389644,0.290804125,0.426299144,0.1833685,0.278768157,0.203370333,0.277776841,0.161500915,0.178022978,0.166127927,0.429172244,0.032331038,0.440367803,0.12836046,0.066709034,0.113460223,0.140604145,0.103504581,0.320993374,0.076274945,0.172610376,0.13167765,0.242726403,0.373995024,0.457789696,0.358714179,0.369458406,0.478146586
