f,1,0,100,0.95,s,EPP-PSL_OutEPP,653.6600315,2.996682882,0,100,104,112,100,100,110,113,105,102,106,105,109,104,107,74,Stress
f,1,0,100,0.99,s,EPP-PSL_OutEPP,793.9088376,2.894973993,0,100,104,112,100,100,110,113,105,102,106,105,109,104,107,74,Stress
f,1,0,100,1.03,s,EPP-PSL_OutEPP,954.7402017,3.058251143,0,100,104,112,100,100,110,113,105,102,106,105,109,104,107,74,Stress
f,1,0,70,0.95,s,EPP-PSL_OutEPP,381.0427636,3.222939968,0,70,84,70,72,70,72,79,71,77,71,71,75,74,73,52,Stress
f,1,0,70,0.99,s,EPP-PSL_OutEPP,457.2763252,3.265451908,0,70,84,70,72,70,72,79,71,77,71,71,75,74,73,52,Stress
f,1,0,70,1.03,s,EPP-PSL_OutEPP,538.6209729,3.163612127,0,70,84,70,72,70,72,79,71,77,71,71,75,74,73,52,Stress
f,1,0,75,0.95,s,EPP-PSL_OutEPP,403.457094,3.654242992,0,78,84,75,75,77,75,75,77,81,75,76,76,78,76,54,Stress
f,1,0,75,0.99,s,EPP-PSL_OutEPP,484.1698263,3.795190096,0,78,84,75,75,77,75,75,77,81,75,76,76,78,76,54,Stress
f,1,0,75,1.03,s,EPP-PSL_OutEPP,571.3998553,3.699305058,0,78,84,75,75,77,75,75,77,81,75,76,76,78,76,54,Stress
f,1,0,80,0.95,s,EPP-PSL_OutEPP,462.6373396,5.746387959,9.41E-09,80,84,95,81,82,80,80,90,82,88,81,85,85,83,58,Stress
f,1,0,80,0.99,s,EPP-PSL_OutEPP,555.5665833,5.461683035,8.13E-05,80,84,95,81,82,80,80,90,82,88,81,85,85,83,58,Stress
f,1,0,80,1.03,s,EPP-PSL_OutEPP,657.7878499,6.093810081,0,80,84,95,81,82,80,80,90,82,88,81,85,85,83,58,Stress
f,1,0,85,0.95,s,EPP-PSL_OutEPP,487.0973799,3.048034906,0,88,86,85,85,86,86,89,95,87,85,86,92,86,89,62,Stress
f,1,0,85,0.99,s,EPP-PSL_OutEPP,586.5722358,3.102118969,0,88,86,85,85,86,86,89,95,87,85,86,92,86,89,62,Stress
f,1,0,85,1.03,s,EPP-PSL_OutEPP,697.5611724,3.081044197,0,88,86,85,85,86,86,89,95,87,85,86,92,86,89,62,Stress
f,1,0,90,0.95,s,EPP-PSL_OutEPP,541.0523603,3.290042877,0,99,93,90,90,91,91,104,90,96,90,91,97,93,94,65,Stress
f,1,0,90,0.99,s,EPP-PSL_OutEPP,652.812336,3.256970882,0,99,93,90,90,91,91,104,90,96,90,91,97,93,94,65,Stress
f,1,0,90,1.03,s,EPP-PSL_OutEPP,778.2926019,3.220267057,0,99,93,90,90,91,91,104,90,96,90,91,97,93,94,65,Stress
f,1,0,95,0.95,s,EPP-PSL_OutEPP,591.1502875,3.023701906,0,97,95,108,100,100,106,95,95,96,104,103,95,100,99,70,Stress
f,1,0,95,0.99,s,EPP-PSL_OutEPP,715.9776578,3.00649786,0,97,95,108,100,100,106,95,95,96,104,103,95,100,99,70,Stress
f,1,0,95,1.03,s,EPP-PSL_OutEPP,858.0584632,2.972600937,0,97,95,108,100,100,106,95,95,96,104,103,95,100,99,70,Stress
f,1,1,100,0.95,s,EPP-PSL_OutEPP,687.6639217,3.070746899,0,103,111,110,100,109,107,100,108,107,105,108,104,106,106,80,Stress
f,1,1,100,0.99,s,EPP-PSL_OutEPP,838.2128376,3.103184938,0,103,111,110,100,109,107,100,108,107,105,108,104,106,106,80,Stress
f,1,1,100,1.03,s,EPP-PSL_OutEPP,1012.270776,3.241762877,0,103,111,110,100,109,107,100,108,107,105,108,104,106,106,80,Stress
f,1,1,70,0.95,s,EPP-PSL_OutEPP,409.4347184,7.287460089,0,80,72,70,82,70,84,80,70,76,76,77,75,76,76,58,Stress
f,1,1,70,0.99,s,EPP-PSL_OutEPP,491.0575825,8.084163904,0,80,72,70,82,70,84,80,70,76,76,77,75,76,76,58,Stress
f,1,1,70,1.03,s,EPP-PSL_OutEPP,580.6406677,7.001320839,0,80,72,70,82,70,84,80,70,76,76,77,75,76,76,58,Stress
f,1,1,75,0.95,s,EPP-PSL_OutEPP,427.0611242,3.403079033,0,76,76,75,77,85,77,89,77,76,76,81,83,76,82,59,Stress
f,1,1,75,0.99,s,EPP-PSL_OutEPP,512.6150696,3.563875914,0,76,76,75,77,85,77,89,77,76,76,81,83,76,82,59,Stress
f,1,1,75,1.03,s,EPP-PSL_OutEPP,606.3627097,3.295685053,0,76,76,75,77,85,77,89,77,76,76,81,83,76,82,59,Stress
f,1,1,80,0.95,s,EPP-PSL_OutEPP,474.4476771,2.975347042,0,80,90,83,91,82,86,80,80,85,87,84,80,86,82,64,Stress
f,1,1,80,0.99,s,EPP-PSL_OutEPP,571.5600298,2.961455107,0,80,90,83,91,82,86,80,80,85,87,84,80,86,82,64,Stress
f,1,1,80,1.03,s,EPP-PSL_OutEPP,680.1857614,2.943243027,0,80,90,83,91,82,86,80,80,85,87,84,80,86,82,64,Stress
f,1,1,85,0.95,s,EPP-PSL_OutEPP,514.6452403,3.142740011,0,94,86,85,95,94,86,87,85,90,90,90,86,90,88,68,Stress
f,1,1,85,0.99,s,EPP-PSL_OutEPP,621.9813711,3.072183847,0,94,86,85,95,94,86,87,85,90,90,90,86,90,88,68,Stress
f,1,1,85,1.03,s,EPP-PSL_OutEPP,743.0918464,3.058295012,0,94,86,85,95,94,86,87,85,90,90,90,86,90,88,68,Stress
f,1,1,90,0.95,s,EPP-PSL_OutEPP,550.5264338,2.987550974,0,90,90,101,91,91,97,90,90,90,96,94,90,93,92,69,Stress
f,1,1,90,0.99,s,EPP-PSL_OutEPP,665.3372866,3.001102924,0,90,90,101,91,91,97,90,90,90,96,94,90,93,92,69,Stress
f,1,1,90,1.03,s,EPP-PSL_OutEPP,795.3390788,2.997012854,0,90,90,101,91,91,97,90,90,90,96,94,90,93,92,69,Stress
f,1,1,95,0.95,s,EPP-PSL_OutEPP,607.9978298,3.327701092,0,104,96,97,95,97,107,98,98,100,96,102,98,98,100,75,Stress
f,1,1,95,0.99,s,EPP-PSL_OutEPP,738.6088602,3.134680986,0,104,96,97,95,97,107,98,98,100,96,102,98,98,100,75,Stress
f,1,1,95,1.03,s,EPP-PSL_OutEPP,888.2470946,3.079396963,0,104,96,97,95,97,107,98,98,100,96,102,98,98,100,75,Stress
f,1,2,70,0.95,s,EPP-PSL_OutEPP,381.6253095,3.418745041,0,71,87,72,70,82,72,72,74,79,71,77,73,75,75,60,Stress
f,1,2,70,0.99,s,EPP-PSL_OutEPP,460.4055689,3.263587952,0,71,87,72,70,82,72,72,74,79,71,77,73,75,75,60,Stress
f,1,2,70,1.03,s,EPP-PSL_OutEPP,545.7832054,3.486075878,0,71,87,72,70,82,72,72,74,79,71,77,73,75,75,60,Stress
f,1,2,75,0.95,s,EPP-PSL_OutEPP,434.9161504,4.442363977,0,84,78,81,85,76,78,92,78,81,83,77,85,82,81,63,Stress
f,1,2,75,0.99,s,EPP-PSL_OutEPP,525.7186559,5.305683136,0,84,78,81,85,76,78,92,78,81,83,77,85,82,81,63,Stress
f,1,2,75,1.03,s,EPP-PSL_OutEPP,624.4839094,4.389147997,0,84,78,81,85,76,78,92,78,81,83,77,85,82,81,63,Stress
f,1,2,80,0.95,s,EPP-PSL_OutEPP,464.8286302,3.131811857,0,80,92,81,91,80,80,81,99,86,86,80,90,86,85,67,Stress
f,1,2,80,0.99,s,EPP-PSL_OutEPP,563.2706439,3.121118069,0,80,92,81,91,80,80,81,99,86,86,80,90,86,85,67,Stress
f,1,2,80,1.03,s,EPP-PSL_OutEPP,672.1959296,3.105947971,0,80,92,81,91,80,80,81,99,86,86,80,90,86,85,67,Stress
f,1,2,85,0.95,s,EPP-PSL_OutEPP,501.5011909,2.956306219,0,85,87,90,94,91,87,95,87,86,92,89,91,89,90,70,Stress
f,1,2,85,0.99,s,EPP-PSL_OutEPP,608.793917,3.001065969,0,85,87,90,94,91,87,95,87,86,92,89,91,89,90,70,Stress
f,1,2,85,1.03,s,EPP-PSL_OutEPP,728.3710446,2.994601011,0,85,87,90,94,91,87,95,87,86,92,89,91,89,90,70,Stress
f,1,2,90,0.95,s,EPP-PSL_OutEPP,563.714139,4.882110119,0,90,102,90,90,102,92,90,104,96,90,97,97,93,97,74,Stress
f,1,2,90,0.99,s,EPP-PSL_OutEPP,685.601062,4.358785868,0,90,102,90,90,102,92,90,104,96,90,97,97,93,97,74,Stress
f,1,2,90,1.03,s,EPP-PSL_OutEPP,822.9200501,4.404397964,0,90,102,90,90,102,92,90,104,96,90,97,97,93,97,74,Stress
f,1,2,95,0.95,s,EPP-PSL_OutEPP,603.819528,2.955075026,0,103,101,102,106,102,96,95,99,102,104,99,97,103,98,78,Stress
f,1,2,95,0.99,s,EPP-PSL_OutEPP,736.4172341,2.949718952,0,103,101,102,106,102,96,95,99,102,104,99,97,103,98,78,Stress
f,1,2,95,1.03,s,EPP-PSL_OutEPP,886.9702128,2.941107988,0,103,101,102,106,102,96,95,99,102,104,99,97,103,98,78,Stress
f,2,0,100,0.95,s,EPP-PSL_OutEPP,646.0292773,2.998358965,0,112,102,101,101,100,100,108,116,107,101,100,112,104,106,77,Stress
f,2,0,100,0.99,s,EPP-PSL_OutEPP,787.2307305,3.034747124,0,112,102,101,101,100,100,108,116,107,101,100,112,104,106,77,Stress
f,2,0,100,1.03,s,EPP-PSL_OutEPP,949.052517,3.022149801,0,112,102,101,101,100,100,108,116,107,101,100,112,104,106,77,Stress
f,2,0,70,0.95,s,EPP-PSL_OutEPP,367.4638411,3.670157194,0,72,70,73,81,73,71,74,70,71,77,72,72,74,72,53,Stress
f,2,0,70,0.99,s,EPP-PSL_OutEPP,443.0558584,3.495086193,0,72,70,73,81,73,71,74,70,71,77,72,72,74,72,53,Stress
f,2,0,70,1.03,s,EPP-PSL_OutEPP,522.6982225,3.358085155,0,72,70,73,81,73,71,74,70,71,77,72,72,74,72,53,Stress
f,2,0,75,0.95,s,EPP-PSL_OutEPP,415.046218,3.407269955,0,75,85,76,76,77,87,77,79,80,76,82,78,78,80,59,Stress
f,2,0,75,0.99,s,EPP-PSL_OutEPP,500.4993309,3.229611158,0,85,75,76,76,77,87,77,79,80,76,82,78,78,80,59,Stress
f,2,0,75,1.03,s,EPP-PSL_OutEPP,593.4035601,3.254084826,0,75,85,76,76,77,87,77,79,80,76,82,78,78,80,59,Stress
f,2,0,80,0.95,s,EPP-PSL_OutEPP,437.0668818,3.009136915,0,90,80,81,81,82,80,86,80,85,81,81,83,83,82,60,Stress
f,2,0,80,0.99,s,EPP-PSL_OutEPP,527.3259388,2.990671873,0,90,80,81,81,82,80,86,80,85,81,81,83,83,82,60,Stress
f,2,0,80,1.03,s,EPP-PSL_OutEPP,625.6661397,2.96744895,0,90,80,81,81,82,80,86,80,85,81,81,83,83,82,60,Stress
f,2,0,85,0.95,s,EPP-PSL_OutEPP,481.5345194,3.013675928,0,87,95,85,85,91,87,85,85,91,85,89,85,88,87,65,Stress
f,2,0,85,0.99,s,EPP-PSL_OutEPP,582.1916359,2.979954004,0,87,95,85,85,91,87,85,85,91,85,89,85,88,87,65,Stress
f,2,0,85,1.03,s,EPP-PSL_OutEPP,694.311587,3.003237009,0,87,95,85,85,91,87,85,85,91,85,89,85,88,87,65,Stress
f,2,0,90,0.95,s,EPP-PSL_OutEPP,521.6442405,2.897233009,0,90,90,90,90,100,90,90,92,90,90,95,91,90,93,67,Stress
f,2,0,90,0.99,s,EPP-PSL_OutEPP,631.2269119,2.841316223,0,90,90,90,90,100,90,90,92,90,90,95,91,90,93,67,Stress
f,2,0,90,1.03,s,EPP-PSL_OutEPP,753.9749356,2.852560043,0,90,90,90,90,100,90,90,92,90,90,95,91,90,93,67,Stress
f,2,0,95,0.95,s,EPP-PSL_OutEPP,628.4617951,3.403616905,0,97,105,110,96,100,110,108,98,101,103,105,103,102,104,76,Stress
f,2,0,95,0.99,s,EPP-PSL_OutEPP,765.305272,3.342131138,0,97,105,110,96,100,110,108,98,101,103,105,103,102,104,76,Stress
f,2,0,95,1.03,s,EPP-PSL_OutEPP,921.8849311,3.346451044,0,97,105,110,96,100,110,108,98,101,103,105,103,102,104,76,Stress
f,2,1,70,0.95,s,EPP-PSL_OutEPP,381.4944163,4.048221111,0,84,72,70,70,85,75,70,70,78,70,80,70,74,75,58,Stress
f,2,1,70,0.99,s,EPP-PSL_OutEPP,460.9277049,3.941178083,0,84,72,70,70,85,75,70,70,78,70,80,70,74,75,58,Stress
f,2,1,70,1.03,s,EPP-PSL_OutEPP,546.3944921,4.172697067,0,84,72,70,70,85,75,70,70,78,70,80,70,74,75,58,Stress
f,2,1,75,0.95,s,EPP-PSL_OutEPP,409.4799882,3.074943066,0,85,81,75,75,87,75,75,75,83,75,81,75,79,78,60,Stress
f,2,1,75,0.99,s,EPP-PSL_OutEPP,495.1803123,3.05218482,0,85,81,75,75,87,75,75,75,83,75,81,75,79,78,60,Stress
f,2,1,75,1.03,s,EPP-PSL_OutEPP,587.9158416,3.091555834,0,85,81,75,75,87,75,75,75,83,75,81,75,79,78,60,Stress
f,2,1,80,0.95,s,EPP-PSL_OutEPP,440.9070552,3.164806843,0,89,81,81,81,80,84,84,80,85,81,82,82,83,82,63,Stress
f,2,1,80,0.99,s,EPP-PSL_OutEPP,533.9452284,3.069598198,0,89,81,81,81,80,84,84,80,85,81,82,82,83,82,63,Stress
f,2,1,80,1.03,s,EPP-PSL_OutEPP,635.6057044,3.049203873,0,89,81,81,81,80,84,84,80,85,81,82,82,83,82,63,Stress
f,2,1,85,0.95,s,EPP-PSL_OutEPP,502.8268853,2.973142147,0,98,90,94,86,85,87,87,85,94,90,86,86,92,86,70,Stress
f,2,1,85,0.99,s,EPP-PSL_OutEPP,610.9912196,2.922981024,0,98,90,94,86,85,87,87,85,94,90,86,86,92,86,70,Stress
f,2,1,85,1.03,s,EPP-PSL_OutEPP,732.2475701,2.930738926,0,98,90,94,86,85,87,87,85,94,90,86,86,92,86,70,Stress
f,2,1,90,0.95,s,EPP-PSL_OutEPP,540.1068675,3.496447802,0,90,90,90,90,99,93,103,93,90,90,96,98,90,97,72,Stress
f,2,1,90,0.99,s,EPP-PSL_OutEPP,657.0025454,3.523123026,0,90,90,90,90,99,93,103,93,90,90,96,98,90,97,72,Stress
f,2,1,90,1.03,s,EPP-PSL_OutEPP,788.4201076,3.506738901,0,90,90,90,90,99,93,103,93,90,90,96,98,90,97,72,Stress
f,2,1,95,0.95,s,EPP-PSL_OutEPP,609.7760252,3.282345057,0,95,99,106,96,95,107,97,105,97,101,101,101,99,101,77,Stress
f,2,1,95,0.99,s,EPP-PSL_OutEPP,743.3853484,3.191355944,0,95,99,106,96,95,107,97,105,97,101,101,101,99,101,77,Stress
f,2,1,95,1.03,s,EPP-PSL_OutEPP,895.6222764,3.191601992,0,95,99,106,96,95,107,97,105,97,101,101,101,99,101,77,Stress
f,2,2,70,0.95,s,EPP-PSL_OutEPP,376.9025043,3.448280096,0,70,70,82,70,70,70,79,73,70,76,70,76,73,73,54,Stress
f,2,2,70,0.99,s,EPP-PSL_OutEPP,452.3040023,3.405838966,0,70,70,82,70,70,70,79,73,70,76,70,76,73,73,54,Stress
f,2,2,70,1.03,s,EPP-PSL_OutEPP,533.0730494,3.349970102,0,70,70,82,70,70,70,79,73,70,76,70,76,73,73,54,Stress
f,2,2,75,0.95,s,EPP-PSL_OutEPP,419.0713277,3.085505962,0,76,76,76,76,78,88,76,86,76,76,83,81,76,82,60,Stress
f,2,2,75,0.99,s,EPP-PSL_OutEPP,504.323263,3.176883936,0,76,76,76,76,78,88,76,86,76,76,83,81,76,82,60,Stress
f,2,2,75,1.03,s,EPP-PSL_OutEPP,597.7539535,3.119780064,0,76,76,76,76,78,88,76,86,76,76,83,81,76,82,60,Stress
f,2,2,80,0.95,s,EPP-PSL_OutEPP,463.7358065,11.46743417,0,80,80,80,80,90,82,85,91,80,80,86,88,80,87,63,Stress
f,2,2,80,0.99,s,EPP-PSL_OutEPP,559.1363694,4.067416906,0,80,80,80,80,90,82,85,91,80,80,86,88,80,87,63,Stress
f,2,2,80,1.03,s,EPP-PSL_OutEPP,664.7358696,5.320240021,0,80,80,80,80,90,82,85,91,80,80,86,88,80,87,63,Stress
f,2,2,85,0.95,s,EPP-PSL_OutEPP,496.3529921,3.181023836,0,85,85,89,85,87,97,85,95,85,87,92,90,86,91,67,Stress
f,2,2,85,0.99,s,EPP-PSL_OutEPP,600.121181,3.029025078,0,85,85,89,85,87,97,85,95,85,87,92,90,86,91,67,Stress
f,2,2,85,1.03,s,EPP-PSL_OutEPP,716.5527797,3.116856098,0,85,85,89,85,87,97,85,95,85,87,92,90,86,91,67,Stress
f,2,2,90,0.95,s,EPP-PSL_OutEPP,578.1983136,3.322676897,0,97,105,91,99,90,110,97,91,101,95,100,94,98,97,73,Stress
f,2,2,90,0.99,s,EPP-PSL_OutEPP,701.7092288,3.406777143,0,97,105,91,99,90,110,97,91,101,95,100,94,98,97,73,Stress
f,2,2,90,1.03,s,EPP-PSL_OutEPP,842.1025437,3.414995909,0,97,105,91,99,90,110,97,91,101,95,100,94,98,97,73,Stress
f,2,2,95,0.95,s,EPP-PSL_OutEPP,603.7140163,3.10393405,0,95,95,100,106,97,107,97,95,95,103,102,96,99,99,75,Stress
f,2,2,95,0.99,s,EPP-PSL_OutEPP,733.5897657,3.099518061,0,95,95,100,106,97,107,97,95,95,103,102,96,99,99,75,Stress
f,2,2,95,1.03,s,EPP-PSL_OutEPP,881.9820169,3.270133018,0,95,95,100,106,97,107,97,95,95,103,102,96,99,99,75,Stress
f,3,0,100,0.95,s,EPP-PSL_OutEPP,702.9368849,3.075535059,0,103,117,100,116,103,109,109,103,110,108,106,106,109,106,80,Stress
f,3,0,100,0.99,s,EPP-PSL_OutEPP,858.964576,3.024983168,0,103,117,100,116,103,109,109,103,110,108,106,106,109,106,80,Stress
f,3,0,100,1.03,s,EPP-PSL_OutEPP,1039.115442,3.105041981,0,103,117,100,116,103,109,109,103,110,108,106,106,109,106,80,Stress
f,3,0,70,0.95,s,EPP-PSL_OutEPP,392.3711975,3.233108044,0,82,70,81,71,71,71,71,71,76,76,71,71,76,71,56,Stress
f,3,0,70,0.99,s,EPP-PSL_OutEPP,472.4655974,3.202270031,0,82,70,81,71,71,71,71,71,76,76,71,71,76,71,56,Stress
f,3,0,70,1.03,s,EPP-PSL_OutEPP,559.577444,3.055716991,0,82,70,81,71,71,71,71,71,76,76,71,71,76,71,56,Stress
f,3,0,75,0.95,s,EPP-PSL_OutEPP,431.8157821,5.094496012,0,78,86,76,76,85,75,85,75,82,76,80,80,79,80,59,Stress
f,3,0,75,0.99,s,EPP-PSL_OutEPP,520.3927111,4.148232937,0,78,86,76,76,85,75,85,75,82,76,80,80,79,80,59,Stress
f,3,0,75,1.03,s,EPP-PSL_OutEPP,617.5985784,5.653786898,0,78,86,76,76,85,75,75,85,82,76,80,80,79,80,59,Stress
f,3,0,80,0.95,s,EPP-PSL_OutEPP,455.170565,2.885868788,0,82,80,81,85,80,80,80,80,81,83,80,80,82,80,62,Stress
f,3,0,80,0.99,s,EPP-PSL_OutEPP,549.5817833,2.889081955,0,82,80,81,85,80,80,80,80,81,83,80,80,82,80,62,Stress
f,3,0,80,1.03,s,EPP-PSL_OutEPP,654.5357609,2.843454123,0,82,80,81,85,80,80,80,80,81,83,80,80,82,80,62,Stress
f,3,0,85,0.95,s,EPP-PSL_OutEPP,494.0885557,2.988502026,0,97,85,85,85,85,87,87,85,91,85,86,86,88,86,64,Stress
f,3,0,85,0.99,s,EPP-PSL_OutEPP,597.3794353,2.987555981,0,97,85,85,85,85,87,87,85,91,85,86,86,88,86,64,Stress
f,3,0,85,1.03,s,EPP-PSL_OutEPP,712.3305139,2.996961117,0,97,85,85,85,85,87,87,85,91,85,86,86,88,86,64,Stress
f,3,0,90,0.95,s,EPP-PSL_OutEPP,580.6115469,3.01854682,3.06E-06,92,90,99,95,90,100,104,90,91,97,95,97,94,96,71,Stress
f,3,0,90,0.99,s,EPP-PSL_OutEPP,705.2353184,3.032941818,5.65E-06,92,90,99,95,90,100,104,90,91,97,95,97,94,96,71,Stress
f,3,0,90,1.03,s,EPP-PSL_OutEPP,846.9105334,3.04043889,7.48E-06,92,90,99,95,90,100,104,90,91,97,95,97,94,96,71,Stress
f,3,0,95,0.95,s,EPP-PSL_OutEPP,619.7040172,3.232857943,0,107,95,95,95,98,96,107,95,101,95,97,101,98,99,74,Stress
f,3,0,95,0.99,s,EPP-PSL_OutEPP,754.2101094,3.605221987,0,107,95,95,95,98,96,107,95,101,95,97,101,98,99,74,Stress
f,3,0,95,1.03,s,EPP-PSL_OutEPP,907.9387097,3.592472076,0,107,95,95,95,98,96,107,95,101,95,97,101,98,99,74,Stress
f,3,1,70,0.95,s,EPP-PSL_OutEPP,379.1469645,3.154513836,0,84,70,70,80,80,70,71,71,77,75,75,71,76,73,58,Stress
f,3,1,70,0.99,s,EPP-PSL_OutEPP,455.1769717,3.17966795,0,84,70,70,80,80,70,71,71,77,75,75,71,76,73,58,Stress
f,3,1,70,1.03,s,EPP-PSL_OutEPP,537.5760158,3.176154852,0,84,70,79,71,80,70,71,71,77,75,75,71,76,73,58,Stress
f,3,1,75,0.95,s,EPP-PSL_OutEPP,418.9429717,3.205550194,0,75,79,90,76,78,84,80,78,77,83,81,79,80,80,63,Stress
f,3,1,75,0.99,s,EPP-PSL_OutEPP,504.7726557,3.216331959,0,75,79,90,76,78,84,80,78,77,83,81,79,80,80,63,Stress
f,3,1,75,1.03,s,EPP-PSL_OutEPP,599.4283224,3.406100988,0,75,79,90,76,78,84,80,78,77,83,81,79,80,80,63,Stress
f,3,1,80,0.95,s,EPP-PSL_OutEPP,454.6187998,3.932424068,0,99,97,80,80,80,80,80,80,98,80,80,80,89,80,65,Stress
f,3,1,80,0.99,s,EPP-PSL_OutEPP,548.2631644,3.090419054,0,99,97,80,80,80,80,80,80,98,80,80,80,89,80,65,Stress
f,3,1,80,1.03,s,EPP-PSL_OutEPP,651.9876374,3.822994947,0,99,97,80,80,80,80,80,80,98,80,80,80,89,80,65,Stress
f,3,1,85,0.95,s,EPP-PSL_OutEPP,506.408953,3.126112938,0,96,88,90,94,85,85,89,89,92,92,85,89,92,87,70,Stress
f,3,1,85,0.99,s,EPP-PSL_OutEPP,612.6685205,3.125423908,0,96,88,90,94,85,85,89,89,92,92,85,89,92,87,70,Stress
f,3,1,85,1.03,s,EPP-PSL_OutEPP,732.1464225,3.201264858,0,96,88,90,94,85,85,89,89,92,92,85,89,92,87,70,Stress
f,3,1,90,0.95,s,EPP-PSL_OutEPP,538.072173,2.962295055,0,90,90,90,94,90,100,91,99,90,92,95,95,91,95,72,Stress
f,3,1,90,0.99,s,EPP-PSL_OutEPP,651.5022677,2.967625856,0,90,90,90,94,90,100,91,99,90,92,95,95,91,95,72,Stress
f,3,1,90,1.03,s,EPP-PSL_OutEPP,779.6041528,2.974716902,0,90,90,90,94,90,100,91,99,90,92,95,95,91,95,72,Stress
f,3,1,95,0.95,s,EPP-PSL_OutEPP,641.2349915,3.273067951,0,111,107,100,98,104,96,109,99,109,99,100,104,104,102,80,Stress
f,3,1,95,0.99,s,EPP-PSL_OutEPP,780.3832088,3.264717102,0,111,107,100,98,104,96,109,99,109,99,100,104,104,102,80,Stress
f,3,1,95,1.03,s,EPP-PSL_OutEPP,939.8306925,3.212179899,0,111,107,100,98,104,96,109,99,109,99,100,104,104,102,80,Stress
f,3,2,100,0.95,s,EPP-PSL_OutEPP,613.1926993,3.005516052,0,103,107,102,104,102,100,102,108,105,103,101,105,104,103,82,Stress
f,3,2,100,0.99,s,EPP-PSL_OutEPP,748.2869993,2.912415028,0,103,107,102,104,102,100,102,108,105,103,101,105,104,103,82,Stress
f,3,2,100,1.03,s,EPP-PSL_OutEPP,903.4001735,3.068538904,0,103,107,102,104,102,100,102,108,105,103,101,105,104,103,82,Stress
f,3,2,70,0.95,s,EPP-PSL_OutEPP,353.7473254,3.215693951,0,72,80,71,85,71,79,72,70,76,78,75,71,77,73,60,Stress
f,3,2,70,0.99,s,EPP-PSL_OutEPP,426.4618739,3.128901005,0,72,80,71,85,71,79,72,70,76,78,75,71,77,73,60,Stress
f,3,2,70,1.03,s,EPP-PSL_OutEPP,505.1994401,3.139910936,0,72,80,71,85,71,79,72,70,76,78,75,71,77,73,60,Stress
f,3,2,75,0.95,s,EPP-PSL_OutEPP,385.7889609,3.277259827,0,85,75,75,85,75,79,75,75,80,80,77,75,80,76,61,Stress
f,3,2,75,0.99,s,EPP-PSL_OutEPP,465.3135728,3.209462881,0,76,84,75,85,75,79,75,75,80,80,77,75,80,76,61,Stress
f,3,2,75,1.03,s,EPP-PSL_OutEPP,551.4565669,3.239674091,0,76,84,75,85,75,79,75,75,80,80,77,75,80,76,61,Stress
f,3,2,80,0.95,s,EPP-PSL_OutEPP,450.5045394,3.384320974,0,81,89,90,80,90,82,90,82,85,85,86,86,85,86,70,Stress
f,3,2,80,0.99,s,EPP-PSL_OutEPP,545.9980602,3.165704012,0,81,89,90,80,90,82,90,82,85,85,86,86,85,86,70,Stress
f,3,2,80,1.03,s,EPP-PSL_OutEPP,653.3013494,3.045521021,0,81,89,90,80,90,82,90,82,85,85,86,86,85,86,70,Stress
f,3,2,85,0.95,s,EPP-PSL_OutEPP,486.0268654,3.066293001,0,85,89,88,94,85,97,90,96,87,91,91,93,89,92,72,Stress
f,3,2,85,0.99,s,EPP-PSL_OutEPP,589.7553584,3.197120905,0,85,89,88,94,85,97,90,96,87,91,91,93,89,92,72,Stress
f,3,2,85,1.03,s,EPP-PSL_OutEPP,706.3217558,3.299649,0,85,89,88,94,85,97,90,96,87,91,91,93,89,92,72,Stress
f,3,2,90,0.95,s,EPP-PSL_OutEPP,527.5329951,3.098778009,0,90,98,102,90,93,107,90,90,94,96,100,90,95,95,76,Stress
f,3,2,90,0.99,s,EPP-PSL_OutEPP,641.6265095,3.089793921,0,90,98,102,90,93,107,90,90,94,96,100,90,95,95,76,Stress
f,3,2,90,1.03,s,EPP-PSL_OutEPP,771.4798983,3.131628037,0,90,98,102,90,93,107,90,90,94,96,100,90,95,95,76,Stress
f,3,2,95,0.95,s,EPP-PSL_OutEPP,591.1379769,3.400560141,0,103,107,102,104,95,107,102,96,105,103,101,99,104,100,81,Stress
f,3,2,95,0.99,s,EPP-PSL_OutEPP,721.1481312,3.309100151,0,103,107,102,104,95,107,102,96,105,103,101,99,104,100,81,Stress
f,3,2,95,1.03,s,EPP-PSL_OutEPP,870.0343112,3.263377905,0,103,107,102,104,95,107,102,96,105,103,101,99,104,100,81,Stress
f,4,0,100,0.95,s,EPP-PSL_OutEPP,698.9973315,2.998543024,0,111,105,104,112,113,113,101,105,108,108,113,103,108,108,84,Stress
f,4,0,100,0.99,s,EPP-PSL_OutEPP,854.8367197,2.937320948,0,111,105,104,112,113,113,101,105,108,108,113,103,108,108,84,Stress
f,4,0,100,1.03,s,EPP-PSL_OutEPP,1034.487156,2.963653088,0,111,105,104,112,113,113,101,105,108,108,113,103,108,108,84,Stress
f,4,0,70,0.95,s,EPP-PSL_OutEPP,375.6238926,3.468532085,0,70,82,81,71,71,71,88,70,76,76,71,79,76,75,59,Stress
f,4,0,70,0.99,s,EPP-PSL_OutEPP,453.0542086,3.47439599,0,70,82,81,71,71,71,88,70,76,76,71,79,76,75,59,Stress
f,4,0,70,1.03,s,EPP-PSL_OutEPP,536.9059734,3.26304698,0,70,82,81,71,71,71,88,70,76,76,71,79,76,75,59,Stress
f,4,0,75,0.95,s,EPP-PSL_OutEPP,422.8983928,3.771509886,0,79,91,77,85,76,80,77,75,85,81,78,76,83,77,63,Stress
f,4,0,75,0.99,s,EPP-PSL_OutEPP,511.3161759,3.677921057,5.07E-05,79,91,77,85,76,80,77,75,85,81,78,76,83,77,63,Stress
f,4,0,75,1.03,s,EPP-PSL_OutEPP,608.3595968,3.798521042,0,79,91,77,85,76,80,77,75,85,81,78,76,83,77,63,Stress
f,4,0,80,0.95,s,EPP-PSL_OutEPP,452.291813,3.436851025,0,80,82,81,93,80,80,92,84,81,87,80,88,84,84,66,Stress
f,4,0,80,0.99,s,EPP-PSL_OutEPP,547.9491522,3.402407885,0,80,82,81,93,80,80,92,84,81,87,80,88,84,84,66,Stress
f,4,0,80,1.03,s,EPP-PSL_OutEPP,653.9197828,3.33246994,0,80,82,81,93,80,80,92,84,81,87,80,88,84,84,66,Stress
f,4,0,85,0.95,s,EPP-PSL_OutEPP,508.3818903,5.543952942,0,89,87,86,94,86,94,85,95,88,90,90,90,89,90,68,Stress
f,4,0,85,0.99,s,EPP-PSL_OutEPP,616.2538894,5.620970011,0,89,87,86,94,86,94,85,95,88,90,90,90,89,90,68,Stress
f,4,0,85,1.03,s,EPP-PSL_OutEPP,736.193383,5.770679951,0,89,87,86,94,86,94,85,95,88,90,90,90,89,90,68,Stress
f,4,0,90,0.95,s,EPP-PSL_OutEPP,536.7026414,3.451377869,0,91,91,90,92,91,91,107,95,91,91,91,101,91,96,73,Stress
f,4,0,90,0.99,s,EPP-PSL_OutEPP,652.6792465,3.336721897,0,91,91,90,92,91,91,107,95,91,91,91,101,91,96,73,Stress
f,4,0,90,1.03,s,EPP-PSL_OutEPP,783.6264005,3.302649975,0,91,91,90,92,91,91,107,95,91,91,91,101,91,96,73,Stress
f,4,0,95,0.95,s,EPP-PSL_OutEPP,597.673143,3.094833136,0,99,105,95,101,95,95,107,95,102,98,95,101,100,98,76,Stress
f,4,0,95,0.99,s,EPP-PSL_OutEPP,727.5069702,3.119612932,0,99,105,95,101,95,95,107,95,102,98,95,101,100,98,76,Stress
f,4,0,95,1.03,s,EPP-PSL_OutEPP,875.0791,3.202457905,0,99,105,95,101,95,95,107,95,102,98,95,101,100,98,76,Stress
f,4,1,100,0.95,s,EPP-PSL_OutEPP,668.6841942,2.940324068,0,102,100,100,110,109,105,106,100,101,105,107,103,103,105,78,Stress
f,4,1,100,0.99,s,EPP-PSL_OutEPP,815.0199678,2.99187994,0,102,100,100,110,109,105,106,100,101,105,107,103,103,105,78,Stress
f,4,1,100,1.03,s,EPP-PSL_OutEPP,983.4936421,2.96610713,0,102,100,100,110,109,105,106,100,101,105,107,103,103,105,78,Stress
f,4,1,70,0.95,s,EPP-PSL_OutEPP,395.7778656,4.528260946,0,80,70,71,71,70,72,81,81,75,71,71,81,73,76,57,Stress
f,4,1,70,0.99,s,EPP-PSL_OutEPP,476.4466069,5.783024073,0,80,70,71,71,70,72,81,81,75,71,71,81,73,76,57,Stress
f,4,1,70,1.03,s,EPP-PSL_OutEPP,564.2750048,4.717864037,0,80,70,71,71,70,72,81,81,75,71,71,81,73,76,57,Stress
f,4,1,75,0.95,s,EPP-PSL_OutEPP,453.2456162,4.19877696,0,90,88,75,75,75,85,84,76,89,75,80,80,82,80,61,Stress
f,4,1,75,0.99,s,EPP-PSL_OutEPP,546.6362539,4.876667976,0,90,88,75,75,75,85,84,76,89,75,80,80,82,80,61,Stress
f,4,1,75,1.03,s,EPP-PSL_OutEPP,649.4686926,6.78322196,0,90,88,75,75,75,85,84,76,89,75,80,80,82,80,61,Stress
f,4,1,80,0.95,s,EPP-PSL_OutEPP,463.2617934,2.972223043,0,80,80,80,80,81,85,93,81,80,80,83,87,80,85,63,Stress
f,4,1,80,0.99,s,EPP-PSL_OutEPP,559.3783675,3.000872135,0,80,80,80,80,81,85,93,81,80,80,83,87,80,85,63,Stress
f,4,1,80,1.03,s,EPP-PSL_OutEPP,666.1177986,3.015080929,0,80,80,80,80,81,85,93,81,80,80,83,87,80,85,63,Stress
f,4,1,85,0.95,s,EPP-PSL_OutEPP,550.9192351,3.422533035,0,90,100,100,86,85,85,105,85,95,93,85,95,94,90,70,Stress
f,4,1,85,0.99,s,EPP-PSL_OutEPP,668.2298152,3.414347887,0,90,100,100,86,85,85,105,85,95,93,85,95,94,90,70,Stress
f,4,1,85,1.03,s,EPP-PSL_OutEPP,800.8909681,3.51362896,0,90,100,100,86,85,85,105,85,95,93,85,95,94,90,70,Stress
f,4,1,90,0.95,s,EPP-PSL_OutEPP,566.8842801,3.477494001,0,90,90,91,101,99,95,96,90,90,96,97,93,93,95,70,Stress
f,4,1,90,0.99,s,EPP-PSL_OutEPP,687.414387,3.4804461,0,90,90,91,101,99,95,96,90,90,96,97,93,93,95,70,Stress
f,4,1,90,1.03,s,EPP-PSL_OutEPP,823.5462503,3.359699965,0,90,90,91,101,99,95,96,90,90,96,97,93,93,95,70,Stress
f,4,1,95,0.95,s,EPP-PSL_OutEPP,624.1912599,3.089998007,0,102,100,95,95,95,95,115,95,101,95,95,105,98,100,75,Stress
f,4,1,95,0.99,s,EPP-PSL_OutEPP,759.400569,3.065285921,0,102,100,95,95,95,95,115,95,101,95,95,105,98,100,75,Stress
f,4,1,95,1.03,s,EPP-PSL_OutEPP,914.0688246,3.078679085,0,102,100,95,95,95,95,115,95,101,95,95,105,98,100,75,Stress
f,4,2,70,0.95,s,EPP-PSL_OutEPP,415.506973,7.316658974,0,80,80,70,70,73,81,92,70,80,70,77,81,75,79,59,Stress
f,4,2,70,0.99,s,EPP-PSL_OutEPP,499.0431221,6.695406914,0,80,80,70,70,73,81,83,79,80,70,77,81,75,79,59,Stress
f,4,2,70,1.03,s,EPP-PSL_OutEPP,590.8480318,6.806056976,8.07E-05,80,80,70,70,73,81,92,70,80,70,77,81,75,79,59,Stress
f,4,2,75,0.95,s,EPP-PSL_OutEPP,417.3191225,2.934725046,0,75,89,76,76,76,76,76,76,82,76,76,76,79,76,60,Stress
f,4,2,75,0.99,s,EPP-PSL_OutEPP,501.6832501,3.020496845,0,75,89,76,76,76,76,76,76,82,76,76,76,79,76,60,Stress
f,4,2,75,1.03,s,EPP-PSL_OutEPP,594.8329747,3.082285881,0,75,89,76,76,76,76,76,76,82,76,76,76,79,76,60,Stress
f,4,2,80,0.95,s,EPP-PSL_OutEPP,471.3956124,3.070809841,0,80,80,88,108,81,81,82,80,80,98,81,81,89,81,64,Stress
f,4,2,80,0.99,s,EPP-PSL_OutEPP,568.2531532,2.951675892,0,80,80,88,108,81,81,82,80,80,98,81,81,89,81,64,Stress
f,4,2,80,1.03,s,EPP-PSL_OutEPP,675.911245,3.008291006,0,80,80,88,108,81,81,82,80,80,98,81,81,89,81,64,Stress
f,4,2,85,0.95,s,EPP-PSL_OutEPP,531.3856091,6.515674114,0,87,89,88,108,85,99,85,95,88,98,92,90,93,91,70,Stress
f,4,2,85,0.99,s,EPP-PSL_OutEPP,643.6799794,6.108354092,0,87,89,88,108,85,99,85,95,88,98,92,90,93,91,70,Stress
f,4,2,85,1.03,s,EPP-PSL_OutEPP,770.3233143,4.884953022,0,87,89,88,108,85,99,85,95,88,98,92,90,93,91,70,Stress
f,4,2,90,0.95,s,EPP-PSL_OutEPP,578.0174732,3.546694994,0,96,92,97,99,90,90,104,100,94,98,90,102,96,96,73,Stress
f,4,2,90,0.99,s,EPP-PSL_OutEPP,701.4284852,3.86121583,0,96,92,97,99,90,90,104,100,94,98,90,102,96,96,73,Stress
f,4,2,90,1.03,s,EPP-PSL_OutEPP,841.8992179,3.763324976,0,96,92,97,99,90,90,104,100,94,98,90,102,96,96,73,Stress
f,4,2,95,0.95,s,EPP-PSL_OutEPP,603.2070939,3.011924982,0,96,98,97,117,99,99,95,95,97,107,99,95,102,97,76,Stress
f,4,2,95,0.99,s,EPP-PSL_OutEPP,733.8917487,2.985903025,0,96,98,97,117,99,99,95,95,97,107,99,95,102,97,76,Stress
f,4,2,95,1.03,s,EPP-PSL_OutEPP,883.2045109,2.999695063,0,96,98,97,117,99,99,95,95,97,107,99,95,102,97,76,Stress
f,5,0,70,0.95,s,EPP-PSL_OutEPP,357.8930832,3.257367849,0,72,82,71,79,71,81,70,74,77,75,76,72,76,74,57,Stress
f,5,0,70,0.99,s,EPP-PSL_OutEPP,431.3416091,3.243255138,0,72,82,71,79,71,81,70,74,77,75,76,72,76,74,57,Stress
f,5,0,70,1.03,s,EPP-PSL_OutEPP,508.7625002,4.323385,0,72,82,71,79,71,81,70,74,77,75,76,72,76,74,57,Stress
f,5,0,75,0.95,s,EPP-PSL_OutEPP,378.9779852,2.897006989,0,78,84,75,75,75,75,75,75,81,75,75,75,78,75,58,Stress
f,5,0,75,0.99,s,EPP-PSL_OutEPP,456.9775413,3.169043064,0,78,84,75,75,75,75,75,75,81,75,75,75,78,75,58,Stress
f,5,0,75,1.03,s,EPP-PSL_OutEPP,539.1363949,3.241420031,0,78,84,75,75,75,75,75,75,81,75,75,75,78,75,58,Stress
f,5,0,80,0.95,s,EPP-PSL_OutEPP,436.6048498,3.393527031,0,96,82,81,81,80,82,91,83,89,81,81,87,85,84,65,Stress
f,5,0,80,0.99,s,EPP-PSL_OutEPP,528.2207254,3.358908892,0,96,82,81,81,80,82,91,83,89,81,81,87,85,84,65,Stress
f,5,0,80,1.03,s,EPP-PSL_OutEPP,627.7361939,3.308274984,0,96,82,81,81,80,82,91,83,89,81,81,87,85,84,65,Stress
f,5,0,85,0.95,s,EPP-PSL_OutEPP,478.5182181,7.191622972,0,87,107,85,85,96,88,85,87,97,85,92,86,91,89,66,Stress
f,5,0,85,0.99,s,EPP-PSL_OutEPP,578.7906198,3.728168011,0,87,107,85,85,96,88,85,87,97,85,92,86,91,89,66,Stress
f,5,0,85,1.03,s,EPP-PSL_OutEPP,688.037654,4.288815022,0,87,107,85,85,96,88,85,87,97,85,92,86,91,89,66,Stress
f,5,0,90,0.95,s,EPP-PSL_OutEPP,519.8373603,3.634241104,0,90,92,92,90,93,99,99,93,91,91,96,96,91,96,72,Stress
f,5,0,90,0.99,s,EPP-PSL_OutEPP,630.8545246,3.556825876,0,90,92,92,90,93,99,99,93,91,91,96,96,91,96,72,Stress
f,5,0,90,1.03,s,EPP-PSL_OutEPP,754.5648568,3.352447987,0,90,92,92,90,93,99,99,93,91,91,96,96,91,96,72,Stress
f,5,0,95,0.95,s,EPP-PSL_OutEPP,569.3000606,3.37717104,0,105,97,105,97,96,108,96,96,101,101,102,96,101,99,75,Stress
f,5,0,95,0.99,s,EPP-PSL_OutEPP,691.7139972,3.151587009,0,105,97,105,97,96,108,96,96,101,101,102,96,101,99,75,Stress
f,5,0,95,1.03,s,EPP-PSL_OutEPP,829.1390345,3.171892881,0,105,97,105,97,96,108,96,96,101,101,102,96,101,99,75,Stress
f,5,1,100,0.95,s,EPP-PSL_OutEPP,680.2854107,3.469543934,0,100,102,111,103,101,101,103,111,101,107,101,107,104,104,80,Stress
f,5,1,100,0.99,s,EPP-PSL_OutEPP,831.63487,3.324411154,0,100,102,111,103,101,101,103,111,101,107,101,107,104,104,80,Stress
f,5,1,100,1.03,s,EPP-PSL_OutEPP,1006.173716,3.238656044,0,100,102,111,103,101,101,103,111,101,107,101,107,104,104,80,Stress
f,5,1,70,0.95,s,EPP-PSL_OutEPP,406.5529341,7.995438099,0,82,72,81,73,70,70,82,70,77,77,70,76,77,73,57,Stress
f,5,1,70,0.99,s,EPP-PSL_OutEPP,488.5987759,6.424476862,0,82,72,81,73,70,70,82,70,77,77,70,76,77,73,57,Stress
f,5,1,70,1.03,s,EPP-PSL_OutEPP,577.9386844,6.176824808,0,82,72,81,73,70,70,82,70,77,77,70,76,77,73,57,Stress
f,5,1,75,0.95,s,EPP-PSL_OutEPP,438.7248546,3.162760019,0,76,86,75,75,84,76,85,79,81,75,80,82,78,81,61,Stress
f,5,1,75,0.99,s,EPP-PSL_OutEPP,528.201118,3.233355045,0,76,86,75,75,84,76,85,79,81,75,80,82,78,81,61,Stress
f,5,1,75,1.03,s,EPP-PSL_OutEPP,627.9613727,3.224459887,0,76,86,75,75,84,76,85,79,81,75,80,82,78,81,61,Stress
f,5,1,80,0.95,s,EPP-PSL_OutEPP,465.4140538,3.166975021,0,90,84,81,85,83,81,80,80,87,83,82,80,85,81,63,Stress
f,5,1,80,0.99,s,EPP-PSL_OutEPP,561.2424279,3.069180965,0,90,84,81,85,83,81,80,80,87,83,82,80,85,81,63,Stress
f,5,1,80,1.03,s,EPP-PSL_OutEPP,668.2347885,3.10134387,0,90,84,81,85,83,81,80,80,87,83,82,80,85,81,63,Stress
f,5,1,85,0.95,s,EPP-PSL_OutEPP,534.4087874,3.465106964,0,85,95,87,85,88,98,94,88,90,86,93,91,88,92,70,Stress
f,5,1,85,0.99,s,EPP-PSL_OutEPP,648.4207317,3.2789011,0,85,95,87,85,88,98,94,88,90,86,93,91,88,92,70,Stress
f,5,1,85,1.03,s,EPP-PSL_OutEPP,778.0812571,3.412904024,0,85,95,87,85,88,98,94,88,90,86,93,91,88,92,70,Stress
f,5,1,90,0.95,s,EPP-PSL_OutEPP,552.8179261,3.579825878,0,99,93,90,94,92,90,94,92,96,92,91,93,94,92,71,Stress
f,5,1,90,0.99,s,EPP-PSL_OutEPP,671.3314017,3.379009008,0,99,93,90,94,92,90,94,92,96,92,91,93,94,92,71,Stress
f,5,1,90,1.03,s,EPP-PSL_OutEPP,806.1756703,3.388024092,0,99,93,90,94,92,90,94,92,96,92,91,93,94,92,71,Stress
f,5,1,95,0.95,s,EPP-PSL_OutEPP,660.9190862,3.033283949,0,109,95,105,103,97,99,114,98,102,104,98,106,103,102,79,Stress
f,5,1,95,0.99,s,EPP-PSL_OutEPP,807.6585449,3.039321899,0,109,95,105,103,97,99,114,98,102,104,98,106,103,102,79,Stress
f,5,1,95,1.03,s,EPP-PSL_OutEPP,976.4983999,3.051889181,0,109,95,105,103,97,99,114,98,102,104,98,106,103,102,79,Stress
f,5,2,100,0.95,s,EPP-PSL_OutEPP,638.4449152,2.926812887,0,115,103,106,100,111,103,106,100,109,103,107,103,106,105,80,Stress
f,5,2,100,0.99,s,EPP-PSL_OutEPP,779.1158438,2.920234919,0,115,103,106,100,111,103,106,100,109,103,107,103,106,105,80,Stress
f,5,2,100,1.03,s,EPP-PSL_OutEPP,939.9509495,2.946741104,0,115,103,106,100,111,103,106,100,109,103,107,103,106,105,80,Stress
f,5,2,70,0.95,s,EPP-PSL_OutEPP,354.8257757,3.497389078,0,84,70,70,72,71,71,70,72,77,71,71,71,74,71,55,Stress
f,5,2,70,0.99,s,EPP-PSL_OutEPP,428.954524,3.674409866,0,84,70,70,72,71,71,70,72,77,71,71,71,74,71,55,Stress
f,5,2,70,1.03,s,EPP-PSL_OutEPP,507.5491148,3.944128037,0,84,70,70,72,71,71,70,72,77,71,71,71,74,71,55,Stress
f,5,2,75,0.95,s,EPP-PSL_OutEPP,405.4714386,6.162381172,0,79,85,77,91,77,75,77,87,82,84,76,82,83,79,61,Stress
f,5,2,75,0.99,s,EPP-PSL_OutEPP,490.754925,5.357781887,0,79,85,77,91,77,75,77,87,82,84,76,82,83,79,61,Stress
f,5,2,75,1.03,s,EPP-PSL_OutEPP,582.9495729,3.461728096,0,79,85,77,91,77,75,77,87,82,84,76,82,83,79,61,Stress
f,5,2,80,0.95,s,EPP-PSL_OutEPP,449.0299877,3.104696989,0,92,80,86,82,80,80,88,92,86,84,80,90,85,85,64,Stress
f,5,2,80,0.99,s,EPP-PSL_OutEPP,543.9945095,3.302371025,0,92,80,86,82,80,80,88,92,86,84,80,90,85,85,64,Stress
f,5,2,80,1.03,s,EPP-PSL_OutEPP,647.9527678,3.393167973,0,92,80,86,82,80,80,88,92,86,84,80,90,85,85,64,Stress
f,5,2,85,0.95,s,EPP-PSL_OutEPP,501.8230367,5.632191896,0,90,94,95,85,86,94,88,100,92,90,90,94,91,92,70,Stress
f,5,2,85,0.99,s,EPP-PSL_OutEPP,609.7996922,5.080863953,0,90,94,95,85,86,94,88,100,92,90,90,94,91,92,70,Stress
f,5,2,85,1.03,s,EPP-PSL_OutEPP,730.1708355,4.804666996,0,90,94,95,85,86,94,88,100,92,90,90,94,91,92,70,Stress
f,5,2,90,0.95,s,EPP-PSL_OutEPP,549.7966002,3.540226936,0,115,91,95,91,90,90,92,100,103,93,90,96,98,93,73,Stress
f,5,2,90,0.99,s,EPP-PSL_OutEPP,668.741117,3.546910048,0,115,91,95,91,90,90,92,100,103,93,90,96,98,93,73,Stress
f,5,2,90,1.03,s,EPP-PSL_OutEPP,802.511858,5.514003992,0,115,91,95,91,90,90,92,100,103,93,90,96,98,93,73,Stress
f,5,2,95,0.95,s,EPP-PSL_OutEPP,604.4045104,3.317939997,0,104,96,95,113,98,104,106,100,100,104,101,103,102,102,77,Stress
f,5,2,95,0.99,s,EPP-PSL_OutEPP,736.622364,3.327206135,0,104,96,95,113,98,104,106,100,100,104,101,103,102,102,77,Stress
f,5,2,95,1.03,s,EPP-PSL_OutEPP,886.4871172,3.141966105,0,104,96,95,113,98,104,106,100,100,104,101,103,102,102,77,Stress
i,1,0,100,0.95,s,EPP-PSL_OutEPP,611.6080847,3.094016075,0,113,105,109,101,100,112,111,105,109,105,106,108,107,107,81,Stress
i,1,0,100,0.99,s,EPP-PSL_OutEPP,762.718574,3.002839088,0,113,105,109,101,100,112,111,105,109,105,106,108,107,107,81,Stress
i,1,0,100,1.03,s,EPP-PSL_OutEPP,938.7446818,3.134839058,0,113,105,109,101,100,112,111,105,109,105,106,108,107,107,81,Stress
i,1,0,70,0.95,s,EPP-PSL_OutEPP,342.1277017,3.091157913,0,71,81,73,71,82,74,70,70,76,72,78,70,74,74,57,Stress
i,1,0,70,0.99,s,EPP-PSL_OutEPP,433.5900402,3.114901066,0,71,81,73,71,82,74,70,70,76,72,78,70,74,74,57,Stress
i,1,0,70,1.03,s,EPP-PSL_OutEPP,536.5800133,2.995107889,0,71,81,73,71,82,74,70,70,76,72,78,70,74,74,57,Stress
i,1,0,75,0.95,s,EPP-PSL_OutEPP,385.2825633,3.620285034,0,75,87,75,75,76,78,87,79,81,75,77,83,78,80,61,Stress
i,1,0,75,0.99,s,EPP-PSL_OutEPP,487.576712,3.394211054,0,75,87,75,75,76,78,87,79,81,75,77,83,78,80,61,Stress
i,1,0,75,1.03,s,EPP-PSL_OutEPP,603.4997428,3.424682856,0,75,87,75,75,76,78,87,79,81,75,77,83,78,80,61,Stress
i,1,0,80,0.95,s,EPP-PSL_OutEPP,412.994284,3.030471087,0,89,81,82,80,91,83,81,81,85,81,87,81,83,84,65,Stress
i,1,0,80,0.99,s,EPP-PSL_OutEPP,520.2338671,3.138700962,0,89,81,82,80,91,83,81,81,85,81,87,81,83,84,65,Stress
i,1,0,80,1.03,s,EPP-PSL_OutEPP,643.6466729,3.009206057,0,89,81,82,80,91,83,81,81,85,81,87,81,83,84,65,Stress
i,1,0,85,0.95,s,EPP-PSL_OutEPP,458.8172235,3.211741924,0,89,87,95,89,85,87,88,96,88,92,86,92,90,89,69,Stress
i,1,0,85,0.99,s,EPP-PSL_OutEPP,575.9483939,3.169256926,0,89,87,95,89,85,87,88,96,88,92,86,92,90,89,69,Stress
i,1,0,85,1.03,s,EPP-PSL_OutEPP,711.7806976,3.213603973,0,89,87,95,89,85,87,88,96,88,92,86,92,90,89,69,Stress
i,1,0,90,0.95,s,EPP-PSL_OutEPP,508.2787675,3.279845953,0,91,105,100,92,91,103,92,90,98,96,97,91,97,94,72,Stress
i,1,0,90,0.99,s,EPP-PSL_OutEPP,636.9039867,3.252111912,0,91,105,100,92,91,103,92,90,98,96,97,91,97,94,72,Stress
i,1,0,90,1.03,s,EPP-PSL_OutEPP,786.2013333,3.268865108,0,91,105,100,92,91,103,92,90,98,96,97,91,97,94,72,Stress
i,1,0,95,0.95,s,EPP-PSL_OutEPP,552.0748819,3.504132986,0,95,105,106,98,110,96,98,96,100,102,103,97,101,100,77,Stress
i,1,0,95,0.99,s,EPP-PSL_OutEPP,689.675713,3.471310139,0,95,105,106,98,110,96,98,96,100,102,103,97,101,100,77,Stress
i,1,0,95,1.03,s,EPP-PSL_OutEPP,849.5450716,3.349147081,0,95,105,106,98,110,96,98,96,100,102,103,97,101,100,77,Stress
i,1,1,70,0.95,s,EPP-PSL_OutEPP,372.6344732,3.394825935,0,72,80,72,80,72,80,70,70,76,76,76,70,76,73,62,Stress
i,1,1,70,0.99,s,EPP-PSL_OutEPP,469.6574319,3.305973053,0,72,80,72,80,72,80,70,70,76,76,76,70,76,73,62,Stress
i,1,1,70,1.03,s,EPP-PSL_OutEPP,579.2793397,3.209821939,0,72,80,72,80,72,80,70,70,76,76,76,70,76,73,62,Stress
i,1,1,75,0.95,s,EPP-PSL_OutEPP,423.2078777,3.499529123,0,81,89,76,78,86,80,85,77,85,77,83,81,81,82,68,Stress
i,1,1,75,0.99,s,EPP-PSL_OutEPP,530.3958125,3.639798164,0,81,89,76,78,77,89,85,77,85,77,83,81,81,82,68,Stress
i,1,1,75,1.03,s,EPP-PSL_OutEPP,654.2221895,3.60097599,0,81,89,76,78,86,80,85,77,85,77,83,81,81,82,68,Stress
i,1,1,80,0.95,s,EPP-PSL_OutEPP,440.2226697,3.399724007,0,81,89,85,89,80,80,80,80,85,87,80,80,86,80,68,Stress
i,1,1,80,0.99,s,EPP-PSL_OutEPP,551.9098953,3.340008974,0,81,89,85,89,80,80,80,80,85,87,80,80,86,80,68,Stress
i,1,1,80,1.03,s,EPP-PSL_OutEPP,680.2931649,3.303497791,0,81,89,85,89,80,80,80,80,85,87,80,80,86,80,68,Stress
i,1,1,85,0.95,s,EPP-PSL_OutEPP,508.3043059,4.414564848,0,105,85,85,89,86,98,88,88,95,87,92,88,91,90,75,Stress
i,1,1,85,0.99,s,EPP-PSL_OutEPP,634.4559973,4.440206051,0,105,85,85,89,86,98,88,88,95,87,92,88,91,90,75,Stress
i,1,1,85,1.03,s,EPP-PSL_OutEPP,780.2681583,4.24545002,0,105,85,85,89,86,98,88,88,95,87,92,88,91,90,75,Stress
i,1,1,90,0.95,s,EPP-PSL_OutEPP,551.9787744,2.88460207,0,91,91,95,99,90,92,98,100,91,97,91,99,94,95,77,Stress
i,1,1,90,0.99,s,EPP-PSL_OutEPP,688.703024,2.881232023,0,91,91,95,99,90,92,98,100,91,97,91,99,94,95,77,Stress
i,1,1,90,1.03,s,EPP-PSL_OutEPP,846.7010225,2.851121902,0,91,91,95,99,90,92,98,100,91,97,91,99,94,95,77,Stress
i,1,2,70,0.95,s,EPP-PSL_OutEPP,398.8251128,3.262643099,0,73,71,72,84,73,81,80,70,72,78,77,75,75,76,60,Stress
i,1,2,70,0.99,s,EPP-PSL_OutEPP,503.7124184,3.221440077,0,73,71,72,84,73,81,80,70,72,78,77,75,75,76,60,Stress
i,1,2,70,1.03,s,EPP-PSL_OutEPP,621.696603,3.267839909,0,73,71,72,84,73,81,80,70,72,78,77,75,75,76,60,Stress
i,1,2,75,0.95,s,EPP-PSL_OutEPP,418.9634224,2.998463869,0,76,84,77,75,77,75,84,76,80,76,76,80,78,78,61,Stress
i,1,2,75,0.99,s,EPP-PSL_OutEPP,528.8804717,2.956987143,0,76,84,77,75,77,75,84,76,80,76,76,80,78,78,61,Stress
i,1,2,75,1.03,s,EPP-PSL_OutEPP,652.766966,2.991078138,0,76,84,77,75,77,75,84,76,80,76,76,80,78,78,61,Stress
i,1,2,80,0.95,s,EPP-PSL_OutEPP,463.2789451,4.35242486,0,80,80,90,82,91,81,80,80,80,86,86,80,83,83,65,Stress
i,1,2,80,0.99,s,EPP-PSL_OutEPP,582.4376647,4.101973057,0,80,80,90,82,91,81,80,80,80,86,86,80,83,83,65,Stress
i,1,2,80,1.03,s,EPP-PSL_OutEPP,719.1404922,4.524209023,0,80,80,90,82,91,81,80,80,80,86,86,80,83,83,65,Stress
i,1,2,85,0.95,s,EPP-PSL_OutEPP,523.9842088,3.814640999,0,85,95,86,94,87,95,98,88,90,90,91,93,90,92,71,Stress
i,1,2,85,0.99,s,EPP-PSL_OutEPP,654.9609214,4.81200099,0,85,95,86,94,87,95,98,88,90,90,91,93,90,92,71,Stress
i,1,2,85,1.03,s,EPP-PSL_OutEPP,806.9228001,4.477031946,0,85,95,86,94,87,95,98,88,90,90,91,93,90,92,71,Stress
i,1,2,90,0.95,s,EPP-PSL_OutEPP,562.7316688,3.067319155,0,91,93,104,92,99,91,99,91,92,98,95,95,95,95,74,Stress
i,1,2,90,0.99,s,EPP-PSL_OutEPP,701.8950379,3.06259799,0,91,93,104,92,99,91,99,91,92,98,95,95,95,95,74,Stress
i,1,2,90,1.03,s,EPP-PSL_OutEPP,863.780817,3.045135975,0,91,93,104,92,99,91,99,91,92,98,95,95,95,95,74,Stress
i,1,2,95,0.95,s,EPP-PSL_OutEPP,590.3167865,2.995707035,0,95,95,95,95,98,106,98,98,95,95,102,98,95,100,76,Stress
i,1,2,95,0.99,s,EPP-PSL_OutEPP,735.6087637,2.995975971,0,95,95,95,95,98,106,98,98,95,95,102,98,95,100,76,Stress
i,1,2,95,1.03,s,EPP-PSL_OutEPP,904.4954773,3.580742121,0,95,95,95,95,98,106,98,98,95,95,102,98,95,100,76,Stress
i,2,0,100,0.95,s,EPP-PSL_OutEPP,606.8033617,2.853166819,0,101,101,100,102,113,107,100,100,101,101,110,100,101,105,77,Stress
i,2,0,100,0.99,s,EPP-PSL_OutEPP,757.8255718,2.852056026,0,101,101,100,102,113,107,100,100,101,101,110,100,101,105,77,Stress
i,2,0,100,1.03,s,EPP-PSL_OutEPP,933.2821567,2.853008986,0,101,101,100,102,113,107,100,100,101,101,110,100,101,105,77,Stress
i,2,0,70,0.95,s,EPP-PSL_OutEPP,360.3970246,2.971381187,0,72,72,71,81,80,70,71,79,72,76,75,75,74,75,57,Stress
i,2,0,70,0.99,s,EPP-PSL_OutEPP,455.6419344,2.982831001,0,72,72,71,81,80,70,71,79,72,76,75,75,74,75,57,Stress
i,2,0,70,1.03,s,EPP-PSL_OutEPP,563.1020916,2.974236965,0,72,72,71,81,80,70,71,79,72,76,75,75,74,75,57,Stress
i,2,0,75,0.95,s,EPP-PSL_OutEPP,405.7268044,3.182380915,0,89,81,75,75,84,76,85,75,85,75,80,80,80,80,60,Stress
i,2,0,75,0.99,s,EPP-PSL_OutEPP,512.78748,3.393093824,0,89,81,75,75,84,76,85,75,85,75,80,80,80,80,60,Stress
i,2,0,75,1.03,s,EPP-PSL_OutEPP,633.7794418,3.543617964,0,89,81,75,75,84,76,85,75,85,75,80,80,80,80,60,Stress
i,2,0,80,0.95,s,EPP-PSL_OutEPP,437.3390785,4.787744045,0,89,81,89,81,90,80,90,80,85,85,85,85,85,85,63,Stress
i,2,0,80,0.99,s,EPP-PSL_OutEPP,551.4315015,4.540372133,0,89,81,89,81,80,80,100,80,85,85,80,90,85,85,63,Stress
i,2,0,80,1.03,s,EPP-PSL_OutEPP,681.7183895,4.448602915,0,89,81,89,81,80,80,100,80,85,85,80,90,85,85,63,Stress
i,2,0,85,0.95,s,EPP-PSL_OutEPP,490.9297811,3.409741879,0,98,90,85,95,85,89,99,87,94,90,87,93,92,90,68,Stress
i,2,0,85,0.99,s,EPP-PSL_OutEPP,616.3550518,3.215474129,0,98,90,85,95,85,89,99,87,94,90,87,93,92,90,68,Stress
i,2,0,85,1.03,s,EPP-PSL_OutEPP,761.1616686,3.179915905,0,98,90,85,95,85,89,99,87,94,90,87,93,92,90,68,Stress
i,2,0,90,0.95,s,EPP-PSL_OutEPP,529.6431467,5.606641054,0,92,92,90,102,90,98,109,91,92,96,94,100,94,97,71,Stress
i,2,0,90,0.99,s,EPP-PSL_OutEPP,663.2435438,5.493532896,0,92,92,90,102,90,98,109,91,92,96,94,100,94,97,71,Stress
i,2,0,90,1.03,s,EPP-PSL_OutEPP,818.3297009,5.567883968,0,92,92,90,102,90,98,109,91,92,96,94,100,94,97,71,Stress
i,2,1,100,0.95,s,EPP-PSL_OutEPP,637.6244176,3.135788918,0,104,114,100,118,102,102,100,108,109,109,102,104,109,103,81,Stress
i,2,1,100,0.99,s,EPP-PSL_OutEPP,793.1537282,3.160269022,0,104,114,100,118,102,102,100,108,109,109,102,104,109,103,81,Stress
i,2,1,100,1.03,s,EPP-PSL_OutEPP,975.2631412,3.129971027,0,104,114,100,118,102,102,100,108,109,109,102,104,109,103,81,Stress
i,2,1,70,0.95,s,EPP-PSL_OutEPP,365.8751496,3.073341846,0,75,71,70,84,80,72,70,70,73,77,76,70,75,73,57,Stress
i,2,1,70,0.99,s,EPP-PSL_OutEPP,463.0364127,3.070118189,0,75,71,70,84,80,72,70,70,73,77,76,70,75,73,57,Stress
i,2,1,70,1.03,s,EPP-PSL_OutEPP,573.4304093,3.090805769,0,75,71,70,84,80,72,70,70,73,77,76,70,75,73,57,Stress
i,2,1,75,0.95,s,EPP-PSL_OutEPP,404.9338414,3.264482021,0,77,87,76,84,76,84,75,77,82,80,80,76,81,78,61,Stress
i,2,1,75,0.99,s,EPP-PSL_OutEPP,511.7482426,3.322633028,0,77,87,76,84,76,84,75,77,82,80,80,76,81,78,61,Stress
i,2,1,75,1.03,s,EPP-PSL_OutEPP,633.552785,3.351541996,0,77,87,76,84,76,84,75,77,82,80,80,76,81,78,61,Stress
i,2,1,80,0.95,s,EPP-PSL_OutEPP,445.3034737,2.935489893,0,86,80,82,84,91,83,81,97,83,83,87,89,83,88,65,Stress
i,2,1,80,0.99,s,EPP-PSL_OutEPP,560.6074236,2.937238932,0,86,80,82,84,91,83,81,97,83,83,87,89,83,88,65,Stress
i,2,1,80,1.03,s,EPP-PSL_OutEPP,693.6785111,2.961763859,0,86,80,82,84,91,83,81,97,83,83,87,89,83,88,65,Stress
i,2,1,85,0.95,s,EPP-PSL_OutEPP,499.8054644,3.058357954,0,86,96,85,85,98,92,96,86,91,85,95,91,88,93,70,Stress
i,2,1,85,0.99,s,EPP-PSL_OutEPP,626.2171524,3.286509037,0,86,96,85,85,98,92,96,86,91,85,95,91,88,93,70,Stress
i,2,1,85,1.03,s,EPP-PSL_OutEPP,773.4934509,3.183188915,0,86,96,85,85,98,92,96,86,91,85,95,91,88,93,70,Stress
i,2,1,90,0.95,s,EPP-PSL_OutEPP,513.9448233,2.910068035,0,95,91,100,94,92,92,90,90,93,97,92,90,95,91,71,Stress
i,2,1,90,0.99,s,EPP-PSL_OutEPP,643.4272472,2.949448109,0,95,91,100,94,92,92,90,90,93,97,92,90,95,91,71,Stress
i,2,1,90,1.03,s,EPP-PSL_OutEPP,794.3451232,3.152024031,0,95,91,100,94,92,92,90,90,93,97,92,90,95,91,71,Stress
i,2,1,95,0.95,s,EPP-PSL_OutEPP,590.7047245,3.055649042,0,95,105,95,105,98,102,96,108,100,100,100,102,100,101,78,Stress
i,2,1,95,0.99,s,EPP-PSL_OutEPP,735.9679162,4.657734871,0,104,96,95,105,98,102,96,108,100,100,100,102,100,101,78,Stress
i,2,1,95,1.03,s,EPP-PSL_OutEPP,905.5892657,3.347310066,0,104,96,95,105,98,102,96,108,100,100,100,102,100,101,78,Stress
i,2,2,70,0.95,s,EPP-PSL_OutEPP,367.8775012,4.719110966,0,70,82,74,70,70,72,95,71,76,72,71,83,74,77,59,Stress
i,2,2,70,0.99,s,EPP-PSL_OutEPP,465.3785579,5.156857014,0,70,82,74,70,70,72,95,71,76,72,71,83,74,77,59,Stress
i,2,2,70,1.03,s,EPP-PSL_OutEPP,574.9352844,6.277476072,0,70,82,74,70,70,72,95,71,76,72,71,83,74,77,59,Stress
i,2,2,75,0.95,s,EPP-PSL_OutEPP,399.9965701,3.199129105,0,75,75,78,88,78,92,79,75,75,83,85,77,79,81,64,Stress
i,2,2,75,0.99,s,EPP-PSL_OutEPP,503.9643402,3.24655509,0,75,75,78,88,78,92,79,75,75,83,85,77,79,81,64,Stress
i,2,2,75,1.03,s,EPP-PSL_OutEPP,622.5357865,3.203099012,0,75,75,78,88,78,92,79,75,75,83,85,77,79,81,64,Stress
i,2,2,80,0.95,s,EPP-PSL_OutEPP,453.8332115,5.580240965,0,80,96,83,89,87,81,96,84,88,86,84,90,87,87,68,Stress
i,2,2,80,0.99,s,EPP-PSL_OutEPP,569.9580076,5.742105961,0,80,96,83,89,87,81,96,84,88,86,84,90,87,87,68,Stress
i,2,2,80,1.03,s,EPP-PSL_OutEPP,703.5619424,5.223955154,0,80,96,83,89,87,81,96,84,88,86,84,90,87,87,68,Stress
i,2,2,85,0.95,s,EPP-PSL_OutEPP,503.8466359,4.477536917,0,89,85,87,107,96,90,88,94,87,97,93,91,92,92,74,Stress
i,2,2,85,0.99,s,EPP-PSL_OutEPP,629.8592025,4.060421944,0,89,85,87,107,96,90,88,94,87,97,93,91,92,92,74,Stress
i,2,2,85,1.03,s,EPP-PSL_OutEPP,775.776751,5.006819963,0,89,85,87,107,96,90,88,94,87,97,93,91,92,92,74,Stress
i,2,2,95,0.95,s,EPP-PSL_OutEPP,589.4831151,3.711252213,0,100,96,97,107,97,101,114,104,98,102,99,109,100,104,80,Stress
i,2,2,95,0.99,s,EPP-PSL_OutEPP,734.6609494,3.8030231,0,100,96,97,107,97,101,114,104,98,102,99,109,100,104,80,Stress
i,2,2,95,1.03,s,EPP-PSL_OutEPP,903.6457128,3.873428106,0,100,96,97,107,97,101,114,104,98,102,99,109,100,104,80,Stress
i,3,0,100,0.95,s,EPP-PSL_OutEPP,604.0053362,3.179472923,0,102,106,110,114,100,100,111,101,104,112,100,106,108,103,80,Stress
i,3,0,100,0.99,s,EPP-PSL_OutEPP,752.1093442,3.150569201,0,102,106,110,114,100,100,111,101,104,112,100,106,108,103,80,Stress
i,3,0,100,1.03,s,EPP-PSL_OutEPP,924.7898246,3.189007998,0,102,106,110,114,100,100,111,101,104,112,100,106,108,103,80,Stress
i,3,0,70,0.95,s,EPP-PSL_OutEPP,338.9557228,7.598754883,0,72,70,70,72,70,70,80,80,71,71,70,80,71,75,56,Stress
i,3,0,70,0.99,s,EPP-PSL_OutEPP,428.4387405,7.590272903,0,72,70,70,72,70,70,80,80,71,71,70,80,71,75,56,Stress
i,3,0,70,1.03,s,EPP-PSL_OutEPP,529.4253673,7.011917114,0,72,70,70,72,70,70,80,80,71,71,70,80,71,75,56,Stress
i,3,0,75,0.95,s,EPP-PSL_OutEPP,382.2068246,5.888219118,0,75,77,84,84,75,75,85,77,76,84,75,81,80,78,61,Stress
i,3,0,75,0.99,s,EPP-PSL_OutEPP,482.6166341,5.497451067,0,75,77,84,84,75,75,85,77,76,84,75,81,80,78,61,Stress
i,3,0,75,1.03,s,EPP-PSL_OutEPP,596.3152005,4.17422986,0,75,77,84,84,75,75,85,77,76,84,75,81,80,78,61,Stress
i,3,0,80,0.95,s,EPP-PSL_OutEPP,427.8589409,7.185616016,0,90,86,83,81,89,81,90,80,88,82,85,85,85,85,66,Stress
i,3,0,80,0.99,s,EPP-PSL_OutEPP,537.606475,10.14065981,0,90,86,83,81,89,81,90,80,88,82,85,85,85,85,66,Stress
i,3,0,80,1.03,s,EPP-PSL_OutEPP,664.3463883,9.467361927,0,90,86,83,81,89,81,90,80,88,82,85,85,85,85,66,Stress
i,3,0,85,0.95,s,EPP-PSL_OutEPP,440.6290563,2.925052166,0,90,86,85,87,85,87,85,87,88,86,86,86,87,86,66,Stress
i,3,0,85,0.99,s,EPP-PSL_OutEPP,553.6809735,2.881622791,0,90,86,85,87,85,87,85,87,88,86,86,86,87,86,66,Stress
i,3,0,85,1.03,s,EPP-PSL_OutEPP,684.2795179,2.88959384,0,90,86,85,87,85,87,85,87,88,86,86,86,87,86,66,Stress
i,3,0,90,0.95,s,EPP-PSL_OutEPP,511.4014524,3.115139008,0,90,106,94,90,106,90,90,90,98,92,98,90,95,94,73,Stress
i,3,0,90,0.99,s,EPP-PSL_OutEPP,639.1806285,3.164799929,0,90,106,94,90,106,90,90,90,98,92,98,90,95,94,73,Stress
i,3,0,90,1.03,s,EPP-PSL_OutEPP,787.4677564,3.133828878,0,90,106,94,90,106,90,90,90,98,92,98,90,95,94,73,Stress
i,3,0,95,0.95,s,EPP-PSL_OutEPP,556.7979367,3.265064001,0,102,106,96,96,112,96,97,99,104,96,104,98,100,101,77,Stress
i,3,0,95,0.99,s,EPP-PSL_OutEPP,694.076725,3.242617846,0,102,106,96,96,112,96,97,99,104,96,104,98,100,101,77,Stress
i,3,0,95,1.03,s,EPP-PSL_OutEPP,854.0362454,3.124593973,0,102,106,96,96,112,96,97,99,104,96,104,98,100,101,77,Stress
i,3,1,70,0.95,s,EPP-PSL_OutEPP,371.5211495,3.090913057,0,71,71,70,80,71,71,71,71,71,75,71,71,73,71,54,Stress
i,3,1,70,0.99,s,EPP-PSL_OutEPP,470.2782313,3.113228083,0,71,71,70,80,71,71,71,71,71,75,71,71,73,71,54,Stress
i,3,1,70,1.03,s,EPP-PSL_OutEPP,581.1961272,3.092366934,0,71,71,70,80,71,71,71,71,71,75,71,71,73,71,54,Stress
i,3,1,75,0.95,s,EPP-PSL_OutEPP,445.9187362,3.00701499,0,75,75,79,91,91,79,77,85,75,85,85,81,80,83,63,Stress
i,3,1,75,0.99,s,EPP-PSL_OutEPP,562.4434006,2.984906912,0,75,75,79,91,91,79,77,85,75,85,85,81,80,83,63,Stress
i,3,1,75,1.03,s,EPP-PSL_OutEPP,695.5815337,3.001574993,0,75,75,79,91,91,79,77,85,75,85,85,81,80,83,63,Stress
i,3,1,80,0.95,s,EPP-PSL_OutEPP,455.5604108,3.21419096,0,90,80,82,80,91,81,80,80,85,81,86,80,83,83,63,Stress
i,3,1,80,0.99,s,EPP-PSL_OutEPP,574.6360894,3.099600077,0,90,80,82,80,91,81,80,80,85,81,86,80,83,83,63,Stress
i,3,1,80,1.03,s,EPP-PSL_OutEPP,710.5513655,3.09627223,0,90,80,82,80,91,81,80,80,85,81,86,80,83,83,63,Stress
i,3,1,85,0.95,s,EPP-PSL_OutEPP,535.2622281,3.536344051,0,85,89,101,101,85,89,97,85,87,101,87,91,94,89,70,Stress
i,3,1,85,0.99,s,EPP-PSL_OutEPP,671.3765179,3.912158966,0,85,89,101,101,85,89,97,85,87,101,87,91,94,89,70,Stress
i,3,1,85,1.03,s,EPP-PSL_OutEPP,828.8985445,3.531789064,0,85,89,101,101,85,89,97,85,87,101,87,91,94,89,70,Stress
i,3,1,90,0.95,s,EPP-PSL_OutEPP,549.1752933,3.081455946,0,90,102,91,101,91,91,90,100,96,96,91,95,96,93,72,Stress
i,3,1,90,0.99,s,EPP-PSL_OutEPP,687.7295052,3.03719902,0,90,102,91,101,91,91,90,100,96,96,91,95,96,93,72,Stress
i,3,1,90,1.03,s,EPP-PSL_OutEPP,848.3997245,3.536736012,0,90,102,91,101,91,91,90,100,96,96,91,95,96,93,72,Stress
i,3,1,95,0.95,s,EPP-PSL_OutEPP,629.6478838,3.011926889,0,99,111,101,101,95,101,109,95,105,101,98,102,103,100,78,Stress
i,3,1,95,0.99,s,EPP-PSL_OutEPP,785.4018635,3.007357836,0,99,107,101,101,95,101,109,95,103,101,98,102,102,100,78,Stress
i,3,1,95,1.03,s,EPP-PSL_OutEPP,967.2530347,3.022711992,0,99,111,101,101,95,101,109,95,105,101,98,102,103,100,78,Stress
i,3,2,70,0.95,s,EPP-PSL_OutEPP,337.9352064,4.456014156,0,72,72,72,84,72,70,86,72,72,78,71,79,75,75,56,Stress
i,3,2,70,0.99,s,EPP-PSL_OutEPP,427.4529652,4.091227055,0,72,72,72,84,72,70,86,72,72,78,71,79,75,75,56,Stress
i,3,2,70,1.03,s,EPP-PSL_OutEPP,528.353358,4.124099016,0,72,72,72,84,72,70,86,72,72,78,71,79,75,75,56,Stress
i,3,2,75,0.95,s,EPP-PSL_OutEPP,372.0067354,3.000234842,0,84,76,76,88,81,85,77,77,80,82,83,77,81,80,61,Stress
i,3,2,75,0.99,s,EPP-PSL_OutEPP,470.0073527,2.988312006,0,84,76,76,88,81,85,77,77,80,82,83,77,81,80,61,Stress
i,3,2,75,1.03,s,EPP-PSL_OutEPP,580.9330492,2.960544109,0,84,76,76,88,81,85,77,77,80,82,83,77,81,80,61,Stress
i,3,2,80,0.95,s,EPP-PSL_OutEPP,389.6183669,3.059285879,0,83,81,90,82,81,81,80,82,82,86,81,81,84,81,63,Stress
i,3,2,80,0.99,s,EPP-PSL_OutEPP,491.208898,2.978726149,0,83,81,90,82,81,81,80,82,82,86,81,81,84,81,63,Stress
i,3,2,80,1.03,s,EPP-PSL_OutEPP,607.3509742,3.003437996,0,83,81,90,82,81,81,80,82,82,86,81,81,84,81,63,Stress
i,3,2,85,0.95,s,EPP-PSL_OutEPP,435.9473812,3.077965021,0,85,85,90,88,95,85,97,87,85,89,90,92,87,91,67,Stress
i,3,2,85,0.99,s,EPP-PSL_OutEPP,547.6479418,3.078208923,0,85,85,90,88,95,85,97,87,85,89,90,92,87,91,67,Stress
i,3,2,85,1.03,s,EPP-PSL_OutEPP,676.417265,3.199523926,0,85,85,90,88,95,85,97,87,85,89,90,92,87,91,67,Stress
i,3,2,90,0.95,s,EPP-PSL_OutEPP,485.9808795,3.762490988,0,94,90,90,106,90,94,90,106,92,98,92,98,95,95,71,Stress
i,3,2,90,0.99,s,EPP-PSL_OutEPP,608.7630512,3.726382017,0,94,90,90,106,90,94,101,91,92,98,92,96,95,94,71,Stress
i,3,2,90,1.03,s,EPP-PSL_OutEPP,751.1841847,3.525249958,0,94,90,90,106,90,94,90,106,92,98,92,98,95,95,71,Stress
i,4,0,100,0.95,s,EPP-PSL_OutEPP,646.1243118,2.971419096,0,110,100,105,113,111,111,102,100,105,109,111,101,107,106,81,Stress
i,4,0,100,0.99,s,EPP-PSL_OutEPP,804.2177342,3.06764102,0,110,100,105,113,101,111,102,110,105,109,106,106,107,106,81,Stress
i,4,0,100,1.03,s,EPP-PSL_OutEPP,988.1970799,2.956678867,0,110,100,105,113,111,111,102,100,105,109,111,101,107,106,81,Stress
i,4,0,70,0.95,s,EPP-PSL_OutEPP,372.7453862,5.475603104,0,71,71,72,86,73,81,84,70,71,79,77,77,75,77,58,Stress
i,4,0,70,0.99,s,EPP-PSL_OutEPP,471.1816347,5.471658945,0,71,71,72,86,73,81,84,70,71,79,77,77,75,77,58,Stress
i,4,0,70,1.03,s,EPP-PSL_OutEPP,581.9883382,6.061402798,0,71,71,72,86,82,72,84,70,71,79,77,77,75,77,58,Stress
i,4,0,75,0.95,s,EPP-PSL_OutEPP,394.3988239,3.93425107,0,75,89,76,76,82,78,77,75,82,76,80,76,79,78,60,Stress
i,4,0,75,0.99,s,EPP-PSL_OutEPP,498.3124379,3.755774975,0,75,89,76,76,82,78,77,75,82,76,80,76,79,78,60,Stress
i,4,0,75,1.03,s,EPP-PSL_OutEPP,615.6691276,3.562397003,0,75,89,76,76,82,78,77,75,82,76,80,76,79,78,60,Stress
i,4,0,80,0.95,s,EPP-PSL_OutEPP,441.1173729,3.303452969,0,81,91,81,91,82,90,82,82,86,86,86,82,86,84,66,Stress
i,4,0,80,0.99,s,EPP-PSL_OutEPP,554.1653075,3.343921185,0,81,91,81,91,82,90,82,82,86,86,86,82,86,84,66,Stress
i,4,0,80,1.03,s,EPP-PSL_OutEPP,684.4432651,3.463803053,0,81,91,81,91,82,90,82,82,86,86,86,82,86,84,66,Stress
i,4,0,85,0.95,s,EPP-PSL_OutEPP,482.3729948,5.260313034,0,86,98,86,86,91,87,97,85,92,86,89,91,89,90,68,Stress
i,4,0,85,0.99,s,EPP-PSL_OutEPP,605.090959,3.197829008,0,86,98,86,86,91,87,97,85,92,86,89,91,89,90,68,Stress
i,4,0,85,1.03,s,EPP-PSL_OutEPP,746.9578588,3.299127817,0,86,98,86,86,91,87,97,85,92,86,89,91,89,90,68,Stress
i,4,0,90,0.95,s,EPP-PSL_OutEPP,539.5671032,7.471696854,0,90,100,95,91,91,99,102,100,95,93,95,101,94,98,74,Stress
i,4,0,90,0.99,s,EPP-PSL_OutEPP,673.845858,7.280256033,0,90,100,95,91,91,99,102,100,95,93,95,101,94,98,74,Stress
i,4,0,90,1.03,s,EPP-PSL_OutEPP,829.7323849,6.845557928,3.57E-09,90,100,95,91,91,99,102,100,95,93,95,101,94,98,74,Stress
i,4,0,95,0.95,s,EPP-PSL_OutEPP,572.3393772,3.259469986,0,96,98,95,95,111,99,106,96,97,95,105,101,96,103,76,Stress
i,4,0,95,0.99,s,EPP-PSL_OutEPP,714.0293116,3.267051935,0,96,98,95,95,111,99,106,96,97,95,105,101,96,103,76,Stress
i,4,0,95,1.03,s,EPP-PSL_OutEPP,878.6865772,3.449719906,0,96,98,95,95,111,99,106,96,97,95,105,101,96,103,76,Stress
i,4,1,100,0.95,s,EPP-PSL_OutEPP,645.5783947,3.361662149,0,100,106,117,109,117,117,102,100,103,113,117,101,108,109,80,Stress
i,4,1,100,0.99,s,EPP-PSL_OutEPP,804.78942,3.308225155,0,100,106,117,109,117,117,102,100,103,113,117,101,108,109,80,Stress
i,4,1,100,1.03,s,EPP-PSL_OutEPP,990.8006244,3.183548927,0,100,106,117,109,117,117,102,100,103,113,117,101,108,109,80,Stress
i,4,1,70,0.95,s,EPP-PSL_OutEPP,352.2783444,3.532947063,0,81,71,70,70,70,70,73,79,76,70,70,76,73,73,54,Stress
i,4,1,70,0.99,s,EPP-PSL_OutEPP,446.2843984,3.37344718,0,81,71,70,70,70,70,73,79,76,70,70,76,73,73,54,Stress
i,4,1,70,1.03,s,EPP-PSL_OutEPP,552.2342664,3.24660182,0,81,71,70,70,70,70,73,79,76,70,70,76,73,73,54,Stress
i,4,1,75,0.95,s,EPP-PSL_OutEPP,399.8279177,3.670567989,0,78,76,81,85,87,75,79,75,77,83,81,77,80,79,59,Stress
i,4,1,75,0.99,s,EPP-PSL_OutEPP,506.1592272,3.511446953,0,78,76,81,85,87,75,79,75,77,83,81,77,80,79,59,Stress
i,4,1,75,1.03,s,EPP-PSL_OutEPP,626.7051581,3.400877953,0,78,76,81,85,87,75,79,75,77,83,81,77,80,79,59,Stress
i,4,1,80,0.95,s,EPP-PSL_OutEPP,444.9867841,3.000611067,0,90,80,81,89,90,82,83,89,85,85,86,86,85,86,64,Stress
i,4,1,80,0.99,s,EPP-PSL_OutEPP,561.1080315,2.979547024,0,90,80,81,89,90,82,83,89,85,85,86,86,85,86,64,Stress
i,4,1,80,1.03,s,EPP-PSL_OutEPP,694.1542208,3.024264097,0,90,80,81,89,90,82,83,89,85,85,86,86,85,86,64,Stress
i,4,1,85,0.95,s,EPP-PSL_OutEPP,454.0027559,3.089608908,0,87,85,87,85,87,85,85,95,86,86,86,90,86,88,64,Stress
i,4,1,85,0.99,s,EPP-PSL_OutEPP,572.546488,3.089550018,0,87,85,87,85,87,85,85,95,86,86,86,90,86,88,64,Stress
i,4,1,85,1.03,s,EPP-PSL_OutEPP,708.4168611,2.993067026,0,87,85,87,85,87,85,85,95,86,86,86,90,86,88,64,Stress
i,4,1,90,0.95,s,EPP-PSL_OutEPP,500.6675643,2.988879204,0,90,92,92,90,99,93,93,91,91,91,96,92,91,94,68,Stress
i,4,1,90,0.99,s,EPP-PSL_OutEPP,629.4248518,2.982054949,0,90,92,92,90,99,93,93,91,91,91,96,92,91,94,68,Stress
i,4,1,90,1.03,s,EPP-PSL_OutEPP,778.2001354,2.955446959,0,90,92,92,90,99,93,93,91,91,91,96,92,91,94,68,Stress
i,4,1,95,0.95,s,EPP-PSL_OutEPP,552.7066918,3.22232604,0,97,97,106,96,105,97,95,95,97,101,101,95,99,98,73,Stress
i,4,1,95,0.99,s,EPP-PSL_OutEPP,692.3292226,3.199691057,0,97,97,106,96,105,97,95,95,97,101,101,95,99,98,73,Stress
i,4,1,95,1.03,s,EPP-PSL_OutEPP,854.2069299,3.248125076,0,97,97,106,96,105,97,95,95,97,101,101,95,99,98,73,Stress
i,4,2,100,0.95,s,EPP-PSL_OutEPP,631.9890096,3.008835793,0,108,116,103,105,107,109,100,104,112,104,108,102,108,105,82,Stress
i,4,2,100,0.99,s,EPP-PSL_OutEPP,786.6507913,2.938388824,0,108,116,103,105,107,109,100,104,112,104,108,102,108,105,82,Stress
i,4,2,100,1.03,s,EPP-PSL_OutEPP,966.189213,2.942498922,0,108,116,103,105,107,109,100,104,112,104,108,102,108,105,82,Stress
i,4,2,70,0.95,s,EPP-PSL_OutEPP,343.7464125,2.986146927,0,70,72,72,70,71,71,70,80,71,71,71,75,71,73,56,Stress
i,4,2,70,0.99,s,EPP-PSL_OutEPP,434.0591927,3.020146132,0,70,72,72,70,71,71,70,80,71,71,71,75,71,73,56,Stress
i,4,2,70,1.03,s,EPP-PSL_OutEPP,534.3852371,3.051671982,0,70,72,72,70,71,71,70,80,71,71,71,75,71,73,56,Stress
i,4,2,75,0.95,s,EPP-PSL_OutEPP,407.3077126,3.217236996,0,78,88,76,86,75,87,78,80,83,81,81,79,82,80,63,Stress
i,4,2,75,0.99,s,EPP-PSL_OutEPP,512.9029707,3.179734945,0,78,88,76,86,75,87,78,80,83,81,81,79,82,80,63,Stress
i,4,2,75,1.03,s,EPP-PSL_OutEPP,631.9420172,3.175685883,0,78,88,76,86,75,87,78,80,83,81,81,79,82,80,63,Stress
i,4,2,80,0.95,s,EPP-PSL_OutEPP,442.83964,5.481603146,0,82,102,83,81,80,82,80,90,92,82,81,85,87,83,67,Stress
i,4,2,80,0.99,s,EPP-PSL_OutEPP,555.7834954,4.419142008,0,82,102,83,81,80,82,80,90,92,82,81,85,87,83,67,Stress
i,4,2,80,1.03,s,EPP-PSL_OutEPP,685.0051273,4.367982864,0,82,102,83,81,80,82,80,90,92,82,81,85,87,83,67,Stress
i,4,2,85,0.95,s,EPP-PSL_OutEPP,467.9929861,3.297821045,0,88,86,85,105,89,85,85,85,87,95,87,85,91,86,68,Stress
i,4,2,85,0.99,s,EPP-PSL_OutEPP,587.1258254,3.368737936,0,88,96,94,86,89,85,85,85,92,90,87,85,91,86,68,Stress
i,4,2,85,1.03,s,EPP-PSL_OutEPP,723.5797261,3.248124838,0,88,86,94,96,89,85,85,85,87,95,87,85,91,86,68,Stress
i,4,2,90,0.95,s,EPP-PSL_OutEPP,506.3418627,2.892697811,0,99,91,92,90,98,90,90,90,95,91,94,90,93,92,72,Stress
i,4,2,90,0.99,s,EPP-PSL_OutEPP,633.5435737,2.909894943,0,99,91,92,90,98,90,90,90,95,91,94,90,93,92,72,Stress
i,4,2,90,1.03,s,EPP-PSL_OutEPP,779.8281149,2.883503914,0,99,91,92,90,98,90,90,90,95,91,94,90,93,92,72,Stress
i,4,2,95,0.95,s,EPP-PSL_OutEPP,578.3027346,3.170022011,0,97,95,103,105,98,96,96,114,96,104,97,105,100,101,78,Stress
i,4,2,95,0.99,s,EPP-PSL_OutEPP,720.9450077,3.184024096,0,97,95,103,105,98,96,96,114,96,104,97,105,100,101,78,Stress
i,4,2,95,1.03,s,EPP-PSL_OutEPP,886.242929,3.170413017,0,97,105,103,95,98,96,96,114,101,99,97,105,100,101,78,Stress
i,5,0,100,0.95,s,EPP-PSL_OutEPP,691.6463711,2.992003918,0,101,105,102,100,116,118,105,109,103,101,117,107,102,112,80,Stress
i,5,0,100,0.99,s,EPP-PSL_OutEPP,861.5636857,2.968214989,0,101,105,102,100,116,118,105,109,103,101,117,107,102,112,80,Stress
i,5,0,100,1.03,s,EPP-PSL_OutEPP,1060.521265,2.926084042,0,101,105,102,100,116,118,105,109,103,101,117,107,102,112,80,Stress
i,5,0,70,0.95,s,EPP-PSL_OutEPP,411.6824279,3.590371847,0,82,72,90,72,78,72,74,84,77,81,75,79,79,77,60,Stress
i,5,0,70,0.99,s,EPP-PSL_OutEPP,521.0746369,3.600636005,0,82,72,90,72,78,72,74,84,77,81,75,79,79,77,60,Stress
i,5,0,70,1.03,s,EPP-PSL_OutEPP,645.8740353,6.121976852,0,82,72,90,72,78,72,74,84,77,81,75,79,79,77,60,Stress
i,5,0,75,0.95,s,EPP-PSL_OutEPP,415.2702542,3.431154013,0,78,76,77,89,78,76,76,86,77,83,77,81,80,79,59,Stress
i,5,0,75,0.99,s,EPP-PSL_OutEPP,525.7474073,4.408102989,0,78,76,77,89,78,76,76,86,77,83,77,81,80,79,59,Stress
i,5,0,75,1.03,s,EPP-PSL_OutEPP,651.8127323,4.308152914,0,78,76,77,89,78,76,76,86,77,83,77,81,80,79,59,Stress
i,5,0,80,0.95,s,EPP-PSL_OutEPP,492.1759965,3.577407837,0,82,94,90,82,87,89,85,91,88,86,88,88,87,88,66,Stress
i,5,0,80,0.99,s,EPP-PSL_OutEPP,618.7671139,3.32306695,0,82,94,90,82,87,89,85,91,88,86,88,88,87,88,66,Stress
i,5,0,80,1.03,s,EPP-PSL_OutEPP,766.5702883,3.376596928,0,82,94,90,82,87,89,85,91,88,86,88,88,87,88,66,Stress
i,5,0,85,0.95,s,EPP-PSL_OutEPP,487.959792,2.955792189,0,87,85,86,86,87,85,85,95,86,86,86,90,86,88,66,Stress
i,5,0,85,0.99,s,EPP-PSL_OutEPP,613.4616764,2.927299976,0,87,85,86,86,87,85,85,95,86,86,86,90,86,88,66,Stress
i,5,0,85,1.03,s,EPP-PSL_OutEPP,759.9308644,2.944355965,0,87,85,86,86,87,85,85,95,86,86,86,90,86,88,66,Stress
i,5,0,90,0.95,s,EPP-PSL_OutEPP,546.1203493,2.945362091,0,90,94,90,90,96,90,95,99,92,90,93,97,91,95,69,Stress
i,5,0,90,0.99,s,EPP-PSL_OutEPP,684.7445275,2.918694019,0,90,94,90,90,96,90,95,99,92,90,93,97,91,95,69,Stress
i,5,0,90,1.03,s,EPP-PSL_OutEPP,846.7847742,2.938215017,0,90,94,90,90,96,90,95,99,92,90,93,97,91,95,69,Stress
i,5,0,95,0.95,s,EPP-PSL_OutEPP,617.2707194,6.396049023,0,107,107,99,107,96,98,95,95,107,103,97,95,105,96,76,Stress
i,5,0,95,0.99,s,EPP-PSL_OutEPP,770.1952793,5.892214775,0,107,107,99,107,96,98,95,95,107,103,97,95,105,96,76,Stress
i,5,0,95,1.03,s,EPP-PSL_OutEPP,949.0122595,10.47514296,0,107,107,99,107,96,98,95,95,107,103,97,95,105,96,76,Stress
i,5,1,100,0.95,s,EPP-PSL_OutEPP,647.3299276,3.007605076,0,116,108,111,109,100,102,106,108,112,110,101,107,111,104,82,Stress
i,5,1,100,0.99,s,EPP-PSL_OutEPP,805.8987897,2.926691055,0,116,108,111,109,100,102,106,108,112,110,101,107,111,104,82,Stress
i,5,1,100,1.03,s,EPP-PSL_OutEPP,990.7601017,2.983075142,0,116,108,111,109,100,102,106,108,112,110,101,107,111,104,82,Stress
i,5,1,70,0.95,s,EPP-PSL_OutEPP,362.9874873,3.127202988,0,72,70,80,70,72,86,70,72,71,75,79,71,73,75,57,Stress
i,5,1,70,0.99,s,EPP-PSL_OutEPP,459.0253107,3.123247147,0,72,70,80,70,72,86,70,72,71,75,79,71,73,75,57,Stress
i,5,1,70,1.03,s,EPP-PSL_OutEPP,567.0427218,3.11304307,0,72,70,80,70,72,86,70,72,71,75,79,71,73,75,57,Stress
i,5,1,75,0.95,s,EPP-PSL_OutEPP,385.086682,2.937849045,0,76,84,76,76,75,75,76,78,80,76,75,77,78,76,59,Stress
i,5,1,75,0.99,s,EPP-PSL_OutEPP,486.7984467,3.181819916,0,76,84,76,76,75,75,76,78,80,76,75,77,78,76,59,Stress
i,5,1,75,1.03,s,EPP-PSL_OutEPP,601.5119482,3.136582851,0,76,84,76,76,75,75,76,78,80,76,75,77,78,76,59,Stress
i,5,1,80,0.95,s,EPP-PSL_OutEPP,430.296912,3.21606493,0,82,80,80,82,84,90,81,81,81,81,87,81,81,84,63,Stress
i,5,1,80,0.99,s,EPP-PSL_OutEPP,542.621382,3.227745056,0,82,80,80,82,84,90,81,81,81,81,87,81,81,84,63,Stress
i,5,1,80,1.03,s,EPP-PSL_OutEPP,670.661542,3.163912058,0,82,80,80,82,84,90,81,81,81,81,87,81,81,84,63,Stress
i,5,1,85,0.95,s,EPP-PSL_OutEPP,462.2361687,3.022864103,0,85,85,89,85,88,86,99,87,85,87,87,93,86,90,67,Stress
i,5,1,85,0.99,s,EPP-PSL_OutEPP,580.8166023,2.972532034,0,85,85,89,85,88,86,99,87,85,87,87,93,86,90,67,Stress
i,5,1,85,1.03,s,EPP-PSL_OutEPP,717.5245498,3.020709991,0,85,85,89,85,88,86,99,87,85,87,87,93,86,90,67,Stress
i,5,1,90,0.95,s,EPP-PSL_OutEPP,536.3032943,6.066775799,0,91,99,99,99,91,101,90,90,95,99,96,90,97,93,72,Stress
i,5,1,90,0.99,s,EPP-PSL_OutEPP,671.4551333,3.768634081,0,91,99,99,99,91,101,90,90,95,99,96,90,97,93,72,Stress
i,5,1,90,1.03,s,EPP-PSL_OutEPP,828.188546,7.916836023,0,91,99,99,99,91,101,90,90,95,99,96,90,97,93,72,Stress
i,5,1,95,0.95,s,EPP-PSL_OutEPP,575.1628457,2.955531836,0,104,108,99,97,97,95,108,96,106,98,96,102,102,99,77,Stress
i,5,1,95,0.99,s,EPP-PSL_OutEPP,717.7899296,2.989962101,0,104,108,99,97,97,95,108,96,106,98,96,102,102,99,77,Stress
i,5,1,95,1.03,s,EPP-PSL_OutEPP,883.4476973,3.852165937,0,104,108,99,97,97,95,108,96,106,98,96,102,102,99,77,Stress
i,5,2,100,0.95,s,EPP-PSL_OutEPP,609.207659,2.981780052,0,101,109,103,115,100,112,112,100,105,109,106,106,107,106,79,Stress
i,5,2,100,0.99,s,EPP-PSL_OutEPP,759.5052588,3.01070118,0,101,109,103,115,100,112,112,100,105,109,106,106,107,106,79,Stress
i,5,2,100,1.03,s,EPP-PSL_OutEPP,933.7306407,3.038831949,0,101,109,103,115,100,112,112,100,105,109,106,106,107,106,79,Stress
i,5,2,70,0.95,s,EPP-PSL_OutEPP,353.4863221,3.328708887,0,79,71,72,70,71,71,88,70,75,71,71,79,73,75,55,Stress
i,5,2,70,0.99,s,EPP-PSL_OutEPP,446.2054191,3.224651098,0,79,71,72,70,71,71,88,70,75,71,71,79,73,75,55,Stress
i,5,2,70,1.03,s,EPP-PSL_OutEPP,549.7802623,3.138323069,0,79,71,72,70,71,71,88,70,75,71,71,79,73,75,55,Stress
i,5,2,75,0.95,s,EPP-PSL_OutEPP,397.4700908,3.468484163,0,79,75,90,76,86,76,77,77,77,83,81,77,80,79,62,Stress
i,5,2,75,0.99,s,EPP-PSL_OutEPP,500.8940146,3.358222961,0,79,75,86,76,86,76,77,77,77,81,81,77,79,79,62,Stress
i,5,2,75,1.03,s,EPP-PSL_OutEPP,617.3958935,3.522476912,0,79,75,86,76,75,87,77,77,77,81,81,77,79,79,62,Stress
i,5,2,80,0.95,s,EPP-PSL_OutEPP,430.0014386,3.659333944,0,90,84,81,89,80,80,82,94,87,85,80,88,86,84,64,Stress
i,5,2,80,0.99,s,EPP-PSL_OutEPP,540.9552707,3.854070187,0,90,84,81,89,80,80,82,94,87,85,80,88,86,84,64,Stress
i,5,2,80,1.03,s,EPP-PSL_OutEPP,666.9920103,3.599885941,0,90,84,81,89,80,80,82,94,87,85,80,88,86,84,64,Stress
i,5,2,85,0.95,s,EPP-PSL_OutEPP,478.7350973,4.44588089,0,85,85,90,96,95,89,103,85,85,93,92,94,89,93,67,Stress
i,5,2,85,0.99,s,EPP-PSL_OutEPP,600.9654907,5.254619122,0,85,85,90,96,95,89,103,85,85,93,92,94,89,93,67,Stress
i,5,2,85,1.03,s,EPP-PSL_OutEPP,741.0808973,4.75080204,0,85,85,90,96,95,89,103,85,85,93,92,94,89,93,67,Stress
i,5,2,90,0.95,s,EPP-PSL_OutEPP,520.2272742,3.681171179,0,101,105,90,92,93,101,91,91,103,91,97,91,97,94,73,Stress
i,5,2,90,0.99,s,EPP-PSL_OutEPP,650.4063787,3.627100945,0,101,105,90,92,93,101,91,91,103,91,97,91,97,94,73,Stress
i,5,2,90,1.03,s,EPP-PSL_OutEPP,800.5633959,3.700199127,0,101,105,90,92,93,101,91,91,103,91,97,91,97,94,73,Stress
i,5,2,95,0.95,s,EPP-PSL_OutEPP,549.7025444,3.031676054,0,105,105,99,95,95,101,97,95,105,97,98,96,101,97,75,Stress
i,5,2,95,0.99,s,EPP-PSL_OutEPP,686.5463663,3.004654884,0,105,105,99,95,95,101,97,95,105,97,98,96,101,97,75,Stress
i,5,2,95,1.03,s,EPP-PSL_OutEPP,844.5761929,3.001383066,0,105,105,99,95,95,101,97,95,105,97,98,96,101,97,75,Stress
