f_1_0,100,0.95,s,1,EPP-SL,1,594.0,900.4873328208923,0.0016835016835016834,69.0,73.0,70.0,73.0,79.0,75.0,78.0,77.0
f_1_0,100,0.99,s,1,EPP-SL,1,526.0,93.64759254455566,0.0,60.0,64.0,66.0,65.0,65.0,66.0,69.0,71.0
f_1_0,100,1.03,s,1,EPP-SL,1,470.0,901.0162353515625,0.00425531914893617,54.0,55.0,53.0,65.0,65.0,61.0,55.0,62.0
f_1_0,100,0.95,s,2,EPP-SL,1,593.0,900.962286233902,0.006745362563237774,69.0,73.0,71.0,78.0,79.0,75.0,71.0,77.0
f_1_0,100,0.99,s,2,EPP-SL,1,527.0,901.0448017120361,0.003795066413662239,60.0,64.0,66.0,65.0,65.0,66.0,64.0,77.0
f_1_0,100,1.03,s,2,EPP-SL,1,473.0,474.6511263847351,0.0,60.0,55.0,52.0,63.0,65.0,61.0,55.0,62.0
f_1_0,100,0.95,s,3,EPP-SL,1,593.0,901.0130541324615,0.006745362563237774,69.0,73.0,71.0,78.0,79.0,75.0,71.0,77.0
f_1_0,100,0.99,s,3,EPP-SL,1,527.0,900.9448082447052,0.0018975332068311196,60.0,64.0,67.0,65.0,65.0,66.0,69.0,71.0
f_1_0,100,1.03,s,3,EPP-SL,1,471.0,900.5655012130737,0.004246284501061571,51.0,55.0,66.0,56.0,65.0,61.0,55.0,62.0
f_1_0,100,0.95,s,4,EPP-SL,1,598.0,900.6073660850525,0.0016722408026755853,70.0,73.0,71.0,75.0,79.0,75.0,78.0,77.0
f_1_0,100,0.99,s,4,EPP-SL,1,530.0,900.943021774292,0.0037735849056603774,60.0,64.0,66.0,63.0,65.0,72.0,69.0,71.0
f_1_0,100,1.03,s,4,EPP-SL,1,476.0,900.6599144935608,0.0021008403361344537,60.0,55.0,53.0,65.0,65.0,61.0,55.0,62.0
f_1_0,100,0.95,s,5,EPP-SL,1,596.0,900.597009897232,0.003355704697986577,69.0,73.0,71.0,78.0,79.0,75.0,74.0,77.0
f_1_0,100,0.99,s,5,EPP-SL,1,528.0,901.0647110939026,0.001893939393939394,60.0,64.0,68.0,65.0,65.0,66.0,69.0,71.0
f_1_0,100,1.03,s,5,EPP-SL,1,474.0,464.45495319366455,0.0,60.0,55.0,53.0,63.0,65.0,61.0,55.0,62.0
f_1_0,100,0.95,s,6,EPP-SL,1,672.0,900.6420621871948,0.002976190476190476,79.0,84.0,84.0,81.0,88.0,86.0,84.0,86.0
f_1_0,100,0.99,s,6,EPP-SL,1,586.0,901.073650598526,0.0034129692832764505,64.0,73.0,71.0,78.0,79.0,75.0,69.0,77.0
f_1_0,100,1.03,s,6,EPP-SL,1,524.0,900.569365978241,0.0019083969465648854,60.0,64.0,66.0,63.0,65.0,66.0,69.0,71.0
f_1_0,100,0.95,s,7,EPP-SL,1,672.0,901.0244421958923,0.002976190476190476,79.0,84.0,84.0,81.0,88.0,86.0,84.0,86.0
f_1_0,100,0.99,s,7,EPP-SL,1,586.0,900.6460020542145,0.005119453924914676,64.0,73.0,71.0,78.0,79.0,75.0,69.0,77.0
f_1_0,100,1.03,s,7,EPP-SL,1,524.0,901.0415873527527,0.0019083969465648854,60.0,64.0,66.0,63.0,65.0,66.0,69.0,71.0
f_1_0,100,0.95,s,8,EPP-SL,1,672.0,900.6405789852142,0.001488095238095238,79.0,84.0,84.0,81.0,88.0,86.0,84.0,86.0
f_1_0,100,0.99,s,8,EPP-SL,1,585.0,900.7827575206757,0.0017094017094017094,69.0,73.0,70.0,78.0,74.0,75.0,69.0,77.0
f_1_0,100,1.03,s,8,EPP-SL,1,521.0,901.092111825943,0.0019193857965451055,60.0,64.0,66.0,65.0,65.0,61.0,69.0,71.0
f_1_0,100,0.95,s,9,EPP-SL,1,677.0,901.0714147090912,0.004431314623338257,79.0,84.0,84.0,85.0,88.0,86.0,84.0,87.0
f_1_0,100,0.99,s,9,EPP-SL,1,593.0,900.5885608196259,0.003372681281618887,70.0,73.0,71.0,78.0,79.0,75.0,70.0,77.0
f_1_0,100,1.03,s,9,EPP-SL,1,528.0,900.5473718643188,0.003787878787878788,60.0,64.0,68.0,65.0,65.0,66.0,69.0,71.0
f_1_0,100,0.95,s,10,EPP-SL,1,675.0,519.7661855220795,0.0,79.0,84.0,84.0,81.0,91.0,86.0,84.0,86.0
f_1_0,100,0.99,s,10,EPP-SL,1,591.0,498.35724997520447,0.0,69.0,73.0,71.0,78.0,79.0,75.0,69.0,77.0
f_1_0,100,1.03,s,10,EPP-SL,1,526.0,900.6666440963745,0.0019011406844106464,60.0,64.0,66.0,65.0,65.0,66.0,69.0,71.0
f_1_0,100,0.95,s,11,EPP-SL,1,786.0,900.984988451004,0.001272264631043257,98.0,95.0,99.0,100.0,100.0,100.0,98.0,96.0
f_1_0,100,0.99,s,11,EPP-SL,1,673.0,900.551472902298,0.008915304606240713,79.0,84.0,84.0,81.0,88.0,86.0,84.0,87.0
f_1_0,100,1.03,s,11,EPP-SL,1,596.0,900.6434254646301,0.003355704697986577,69.0,73.0,75.0,78.0,79.0,75.0,70.0,77.0
f_1_0,100,0.95,s,12,EPP-SL,1,777.0,900.5346565246582,0.003861003861003861,92.0,95.0,99.0,100.0,100.0,100.0,95.0,96.0
f_1_0,100,0.99,s,12,EPP-SL,1,672.0,40.57435870170593,0.0,79.0,84.0,84.0,81.0,88.0,86.0,84.0,86.0
f_1_0,100,1.03,s,12,EPP-SL,1,593.0,901.043523311615,0.00505902192242833,70.0,73.0,71.0,78.0,79.0,75.0,70.0,77.0
f_1_0,100,0.95,s,13,EPP-SL,1,786.0,34.636213541030884,0.0,98.0,95.0,99.0,100.0,100.0,100.0,98.0,96.0
f_1_0,100,0.99,s,13,EPP-SL,1,674.0,900.9959676265717,0.001483679525222552,78.0,84.0,84.0,81.0,91.0,86.0,84.0,86.0
f_1_0,100,1.03,s,13,EPP-SL,1,587.0,900.7548582553864,0.01192504258943782,65.0,73.0,71.0,69.0,79.0,75.0,78.0,77.0
f_1_0,100,0.95,s,14,EPP-SL,1,779.0,900.6301143169403,0.0025673940949935813,91.0,95.0,99.0,100.0,100.0,100.0,98.0,96.0
f_1_0,100,0.99,s,14,EPP-SL,1,672.0,900.994072675705,0.002976190476190476,79.0,84.0,84.0,81.0,88.0,86.0,84.0,86.0
f_1_0,100,1.03,s,14,EPP-SL,1,594.0,900.5489106178284,0.005050505050505051,64.0,73.0,70.0,78.0,79.0,75.0,78.0,77.0
f_1_0,100,0.95,s,15,EPP-SL,1,783.0,900.7266297340393,0.001277139208173691,98.0,95.0,99.0,100.0,100.0,100.0,95.0,96.0
f_1_0,100,0.99,s,15,EPP-SL,1,672.0,900.6287233829498,0.002976190476190476,79.0,84.0,84.0,81.0,88.0,86.0,84.0,86.0
f_1_0,100,1.03,s,15,EPP-SL,1,590.0,900.85253739357,0.001694915254237288,69.0,73.0,70.0,78.0,79.0,75.0,69.0,77.0
f_1_0,100,0.95,s,16,EPP-SL,1,654.0,901.0777640342712,0.0045871559633027525,73.0,84.0,81.0,78.0,88.0,86.0,78.0,86.0
f_1_0,100,0.99,s,16,EPP-SL,1,572.0,901.1339554786682,0.0034965034965034965,63.0,73.0,70.0,69.0,79.0,72.0,69.0,77.0
f_1_0,100,1.03,s,16,EPP-SL,1,511.0,264.50118589401245,0.0,60.0,64.0,61.0,65.0,65.0,61.0,64.0,71.0
f_1_0,100,0.95,s,17,EPP-SL,1,661.0,900.9987065792084,0.0015128593040847202,78.0,84.0,81.0,78.0,88.0,86.0,80.0,86.0
f_1_0,100,0.99,s,17,EPP-SL,1,574.0,900.9447441101074,0.003484320557491289,63.0,73.0,69.0,69.0,79.0,75.0,69.0,77.0
f_1_0,100,1.03,s,17,EPP-SL,1,511.0,350.2000765800476,0.0,60.0,64.0,62.0,65.0,65.0,61.0,63.0,71.0
f_1_0,100,0.95,s,18,EPP-SL,1,651.0,900.4908924102783,0.0030721966205837174,70.0,84.0,81.0,78.0,88.0,86.0,78.0,86.0
f_1_0,100,0.99,s,18,EPP-SL,1,570.0,900.5524373054504,0.0035087719298245615,60.0,73.0,71.0,69.0,79.0,72.0,69.0,77.0
f_1_0,100,1.03,s,18,EPP-SL,1,508.0,900.987096786499,0.003937007874015748,60.0,64.0,62.0,65.0,65.0,61.0,69.0,62.0
f_1_0,100,0.95,s,19,EPP-SL,1,655.0,901.0307788848877,0.0061068702290076335,78.0,84.0,81.0,78.0,82.0,86.0,80.0,86.0
f_1_0,100,0.99,s,19,EPP-SL,1,571.0,900.7986857891083,0.0017513134851138354,63.0,73.0,69.0,69.0,79.0,72.0,69.0,77.0
f_1_0,100,1.03,s,19,EPP-SL,1,508.0,621.1066429615021,0.0,60.0,64.0,62.0,65.0,65.0,61.0,69.0,62.0
f_1_0,100,0.95,s,20,EPP-SL,1,646.0,900.5289080142975,0.0046439628482972135,73.0,84.0,81.0,78.0,79.0,86.0,79.0,86.0
f_1_0,100,0.99,s,20,EPP-SL,1,568.0,577.3590941429138,0.0,60.0,73.0,66.0,69.0,79.0,75.0,69.0,77.0
f_1_0,100,1.03,s,20,EPP-SL,1,507.0,293.2689368724823,0.0,60.0,64.0,66.0,65.0,65.0,61.0,64.0,62.0
f_1_0,100,0.95,s,21,EPP-SL,1,763.0,40.17533826828003,0.0,89.0,95.0,99.0,90.0,100.0,100.0,95.0,95.0
f_1_0,100,0.99,s,21,EPP-SL,1,661.0,900.6210870742798,0.0030257186081694403,78.0,84.0,81.0,78.0,88.0,86.0,80.0,86.0
f_1_0,100,1.03,s,21,EPP-SL,1,581.0,900.6398317813873,0.0034423407917383822,64.0,73.0,75.0,69.0,79.0,75.0,69.0,77.0
f_1_0,100,0.95,s,22,EPP-SL,1,747.0,901.06578540802,0.00535475234270415,88.0,95.0,99.0,90.0,91.0,100.0,89.0,95.0
f_1_0,100,0.99,s,22,EPP-SL,1,650.0,900.6619803905487,0.003076923076923077,78.0,84.0,81.0,78.0,79.0,86.0,78.0,86.0
f_1_0,100,1.03,s,22,EPP-SL,1,572.0,900.596830368042,0.0034965034965034965,64.0,73.0,66.0,69.0,79.0,75.0,69.0,77.0
f_1_0,100,0.95,s,23,EPP-SL,1,746.0,900.9754786491394,0.004021447721179625,88.0,95.0,99.0,90.0,100.0,86.0,93.0,95.0
f_1_0,100,0.99,s,23,EPP-SL,1,645.0,900.8901472091675,0.009302325581395349,73.0,77.0,81.0,78.0,86.0,86.0,78.0,86.0
f_1_0,100,1.03,s,23,EPP-SL,1,572.0,900.5604903697968,0.0034965034965034965,60.0,73.0,70.0,69.0,79.0,75.0,69.0,77.0
f_1_0,100,0.95,s,24,EPP-SL,1,751.0,900.6100161075592,0.0039946737683089215,88.0,86.0,99.0,90.0,100.0,100.0,93.0,95.0
f_1_0,100,0.99,s,24,EPP-SL,1,651.0,900.664493560791,0.004608294930875576,79.0,84.0,81.0,78.0,79.0,86.0,78.0,86.0
f_1_0,100,1.03,s,24,EPP-SL,1,572.0,900.6269521713257,0.0034965034965034965,64.0,73.0,66.0,69.0,79.0,75.0,69.0,77.0
f_1_0,100,0.95,s,25,EPP-SL,1,748.0,901.0167746543884,0.00267379679144385,88.0,95.0,99.0,90.0,91.0,97.0,93.0,95.0
f_1_0,100,0.99,s,25,EPP-SL,1,643.0,900.9293396472931,0.004665629860031105,70.0,84.0,81.0,78.0,79.0,86.0,79.0,86.0
f_1_0,100,1.03,s,25,EPP-SL,1,565.0,900.6986336708069,0.0017699115044247787,60.0,73.0,66.0,69.0,79.0,72.0,69.0,77.0
f_1_0,100,0.95,s,26,EPP-SL,1,733.0,900.5602350234985,0.004092769440654843,79.0,86.0,99.0,90.0,91.0,100.0,93.0,95.0
f_1_0,100,0.99,s,26,EPP-SL,1,640.0,900.6060009002686,0.0046875,70.0,73.0,81.0,78.0,82.0,86.0,84.0,86.0
f_1_0,100,1.03,s,26,EPP-SL,1,566.0,901.0026268959045,0.0017667844522968198,60.0,73.0,67.0,69.0,79.0,72.0,69.0,77.0
f_1_0,100,0.95,s,27,EPP-SL,1,723.0,900.9401531219482,0.0027662517289073307,80.0,84.0,90.0,90.0,91.0,100.0,93.0,95.0
f_1_0,100,0.99,s,27,EPP-SL,1,631.0,900.5769731998444,0.003169572107765452,70.0,73.0,81.0,78.0,79.0,86.0,78.0,86.0
f_1_0,100,1.03,s,27,EPP-SL,1,557.0,900.713122844696,0.0017953321364452424,60.0,73.0,68.0,65.0,70.0,75.0,69.0,77.0
f_1_0,100,0.95,s,28,EPP-SL,1,737.0,900.5513756275177,0.0027137042062415195,88.0,95.0,99.0,90.0,91.0,86.0,93.0,95.0
f_1_0,100,0.99,s,28,EPP-SL,1,640.0,900.5608258247375,0.00625,73.0,73.0,81.0,78.0,79.0,86.0,84.0,86.0
f_1_0,100,1.03,s,28,EPP-SL,1,568.0,274.09197306632996,0.0,60.0,73.0,66.0,69.0,79.0,75.0,69.0,77.0
f_1_0,100,0.95,s,29,EPP-SL,1,736.0,900.6628742218018,0.002717391304347826,88.0,84.0,99.0,90.0,91.0,96.0,93.0,95.0
f_1_0,100,0.99,s,29,EPP-SL,1,641.0,901.125824213028,0.0015600624024961,78.0,75.0,81.0,78.0,79.0,86.0,78.0,86.0
f_1_0,100,1.03,s,29,EPP-SL,1,566.0,900.9921171665192,0.0035335689045936395,60.0,73.0,67.0,69.0,79.0,72.0,69.0,77.0
f_1_0,100,0.95,s,30,EPP-SL,1,722.0,900.4639346599579,0.00554016620498615,88.0,86.0,90.0,90.0,91.0,89.0,93.0,95.0
f_1_0,100,0.99,s,30,EPP-SL,1,633.0,900.8530142307281,0.001579778830963665,70.0,75.0,81.0,78.0,79.0,86.0,78.0,86.0
f_1_0,100,1.03,s,30,EPP-SL,1,557.0,900.61842918396,0.00718132854578097,60.0,73.0,67.0,69.0,70.0,72.0,69.0,77.0
f_1_0,100,0.95,s,31,EPP-SL,1,732.0,901.1177163124084,0.001366120218579235,80.0,84.0,99.0,90.0,91.0,100.0,93.0,95.0
f_1_0,100,0.99,s,31,EPP-SL,1,627.0,900.768084526062,0.003189792663476874,70.0,73.0,77.0,78.0,79.0,86.0,78.0,86.0
f_1_0,100,1.03,s,31,EPP-SL,1,540.0,464.1680836677551,0.0,60.0,64.0,66.0,65.0,70.0,75.0,69.0,71.0
f_1_0,100,0.95,s,32,EPP-SL,1,734.0,901.0497848987579,0.0027247956403269754,82.0,84.0,99.0,90.0,91.0,100.0,93.0,95.0
f_1_0,100,0.99,s,32,EPP-SL,1,631.0,900.9425392150879,0.003169572107765452,70.0,73.0,81.0,78.0,79.0,86.0,78.0,86.0
f_1_0,100,1.03,s,32,EPP-SL,1,543.0,900.6683254241943,0.003683241252302026,60.0,64.0,66.0,65.0,70.0,72.0,69.0,77.0
f_1_0,100,0.95,s,33,EPP-SL,1,737.0,900.9783825874329,0.0013568521031207597,88.0,84.0,99.0,90.0,88.0,100.0,93.0,95.0
f_1_0,100,0.99,s,33,EPP-SL,1,633.0,900.7897274494171,0.00315955766192733,70.0,75.0,81.0,78.0,79.0,86.0,78.0,86.0
f_1_0,100,1.03,s,33,EPP-SL,1,545.0,900.5676894187927,0.001834862385321101,60.0,64.0,68.0,65.0,70.0,72.0,69.0,77.0
f_1_0,100,0.95,s,34,EPP-SL,1,731.0,739.8410766124725,0.0,79.0,84.0,99.0,90.0,91.0,100.0,93.0,95.0
f_1_0,100,0.99,s,34,EPP-SL,1,627.0,482.1817467212677,0.0,70.0,73.0,77.0,78.0,79.0,86.0,78.0,86.0
f_1_0,100,1.03,s,34,EPP-SL,1,538.0,900.7014169692993,0.0037174721189591076,60.0,64.0,67.0,65.0,70.0,72.0,69.0,71.0
f_1_0,100,0.95,s,35,EPP-SL,1,731.0,607.940192937851,0.0,88.0,84.0,90.0,90.0,91.0,100.0,93.0,95.0
f_1_0,100,0.99,s,35,EPP-SL,1,626.0,900.9986114501953,0.001597444089456869,70.0,73.0,76.0,78.0,79.0,86.0,78.0,86.0
f_1_0,100,1.03,s,35,EPP-SL,1,537.0,900.5766279697418,0.0037243947858473,60.0,64.0,66.0,65.0,70.0,72.0,69.0,71.0
f_1_0,100,0.95,s,36,EPP-SL,1,722.0,900.5511765480042,0.00554016620498615,88.0,84.0,90.0,90.0,91.0,91.0,93.0,95.0
f_1_0,100,0.99,s,36,EPP-SL,1,637.0,697.9059534072876,0.0,70.0,73.0,81.0,78.0,79.0,86.0,84.0,86.0
f_1_0,100,1.03,s,36,EPP-SL,1,564.0,236.18089389801025,0.0,60.0,73.0,66.0,65.0,79.0,75.0,69.0,77.0
f_1_0,100,0.95,s,37,EPP-SL,1,726.0,900.6666040420532,0.004132231404958678,88.0,84.0,99.0,90.0,91.0,86.0,93.0,95.0
f_1_0,100,0.99,s,37,EPP-SL,1,639.0,900.8852634429932,0.001564945226917058,70.0,75.0,81.0,78.0,79.0,86.0,84.0,86.0
f_1_0,100,1.03,s,37,EPP-SL,1,566.0,900.7907965183258,0.0035335689045936395,60.0,73.0,68.0,65.0,79.0,75.0,69.0,77.0
f_1_0,100,0.95,s,38,EPP-SL,1,722.0,900.6444838047028,0.0013850415512465374,79.0,84.0,90.0,90.0,91.0,100.0,93.0,95.0
f_1_0,100,0.99,s,38,EPP-SL,1,633.0,523.9048533439636,0.0,70.0,75.0,81.0,78.0,79.0,86.0,78.0,86.0
f_1_0,100,1.03,s,38,EPP-SL,1,557.0,900.6223211288452,0.005385996409335727,60.0,73.0,68.0,65.0,70.0,75.0,69.0,77.0
f_1_0,100,0.95,s,39,EPP-SL,1,711.0,900.6347494125366,0.0014064697609001407,79.0,84.0,90.0,90.0,91.0,89.0,93.0,95.0
f_1_0,100,0.99,s,39,EPP-SL,1,625.0,397.2303354740143,0.0,70.0,73.0,75.0,78.0,79.0,86.0,78.0,86.0
f_1_0,100,1.03,s,39,EPP-SL,1,552.0,900.5317482948303,0.005434782608695652,60.0,64.0,68.0,69.0,70.0,75.0,69.0,77.0
f_1_0,100,0.95,s,40,EPP-SL,1,724.0,900.5807342529297,0.004143646408839779,79.0,84.0,99.0,90.0,91.0,91.0,95.0,95.0
f_1_0,100,0.99,s,40,EPP-SL,1,636.0,900.6570813655853,0.0015723270440251573,69.0,73.0,81.0,78.0,79.0,86.0,84.0,86.0
f_1_0,100,1.03,s,40,EPP-SL,1,561.0,900.5983910560608,0.0035650623885918,60.0,73.0,68.0,69.0,70.0,75.0,69.0,77.0
f_1_0,100,0.95,s,41,EPP-SL,1,711.0,900.6043848991394,0.0028129395218002813,79.0,84.0,90.0,90.0,91.0,89.0,93.0,95.0
f_1_0,100,0.99,s,41,EPP-SL,1,633.0,900.8429782390594,0.001579778830963665,70.0,73.0,81.0,78.0,79.0,86.0,80.0,86.0
f_1_0,100,1.03,s,41,EPP-SL,1,568.0,900.5608048439026,0.0017605633802816902,60.0,73.0,66.0,69.0,79.0,75.0,69.0,77.0
f_1_0,100,0.95,s,42,EPP-SL,1,711.0,70.03242206573486,0.0,79.0,84.0,90.0,90.0,91.0,89.0,93.0,95.0
f_1_0,100,0.99,s,42,EPP-SL,1,633.0,273.7206356525421,0.0,70.0,75.0,81.0,78.0,79.0,86.0,78.0,86.0
f_1_0,100,1.03,s,42,EPP-SL,1,566.0,901.0399901866913,0.00530035335689046,60.0,73.0,68.0,65.0,79.0,75.0,69.0,77.0
f_1_0,100,0.95,s,43,EPP-SL,1,717.0,900.662759065628,0.002789400278940028,88.0,84.0,90.0,90.0,91.0,86.0,93.0,95.0
f_1_0,100,0.99,s,43,EPP-SL,1,637.0,901.1639723777771,0.004709576138147566,70.0,73.0,81.0,78.0,79.0,86.0,84.0,86.0
f_1_0,100,1.03,s,43,EPP-SL,1,573.0,901.1660180091858,0.0017452006980802793,60.0,73.0,75.0,65.0,79.0,75.0,69.0,77.0
f_1_0,100,0.95,s,44,EPP-SL,1,709.0,503.68654465675354,0.0,80.0,84.0,90.0,90.0,91.0,86.0,93.0,95.0
f_1_0,100,0.99,s,44,EPP-SL,1,631.0,309.0726363658905,0.0,70.0,73.0,81.0,78.0,79.0,86.0,78.0,86.0
f_1_0,100,1.03,s,44,EPP-SL,1,566.0,901.0844368934631,0.0017667844522968198,60.0,73.0,68.0,65.0,79.0,75.0,69.0,77.0
f_1_0,100,0.95,s,45,EPP-SL,1,711.0,901.1028735637665,0.0028129395218002813,79.0,84.0,90.0,90.0,91.0,89.0,93.0,95.0
f_1_0,100,0.99,s,45,EPP-SL,1,633.0,900.5875060558319,0.001579778830963665,70.0,75.0,81.0,78.0,79.0,86.0,78.0,86.0
f_1_0,100,1.03,s,45,EPP-SL,1,566.0,900.5103967189789,0.0035335689045936395,70.0,73.0,67.0,65.0,70.0,75.0,69.0,77.0
f_4_0,100,0.95,s,1,EPP-SL,1,612.0,900.6407005786896,0.0032679738562091504,70.0,82.0,86.0,73.0,73.0,80.0,83.0,65.0
f_4_0,100,0.99,s,1,EPP-SL,1,542.0,900.5210950374603,0.0018450184501845018,61.0,69.0,77.0,62.0,64.0,71.0,73.0,65.0
f_4_0,100,1.03,s,1,EPP-SL,1,490.0,900.9719064235687,0.004081632653061225,61.0,69.0,72.0,53.0,58.0,58.0,64.0,55.0
f_4_0,100,0.95,s,2,EPP-SL,1,612.0,900.5614111423492,0.004901960784313725,70.0,82.0,86.0,73.0,73.0,80.0,83.0,65.0
f_4_0,100,0.99,s,2,EPP-SL,1,542.0,900.914755821228,0.005535055350553505,61.0,69.0,77.0,62.0,73.0,67.0,73.0,60.0
f_4_0,100,1.03,s,2,EPP-SL,1,490.0,900.6772329807281,0.006122448979591836,61.0,69.0,72.0,53.0,58.0,58.0,64.0,55.0
f_4_0,100,0.95,s,3,EPP-SL,1,613.0,900.5861566066742,0.0016313213703099511,70.0,82.0,86.0,73.0,73.0,80.0,83.0,66.0
f_4_0,100,0.99,s,3,EPP-SL,1,544.0,900.5843989849091,0.001838235294117647,61.0,69.0,77.0,62.0,67.0,71.0,73.0,64.0
f_4_0,100,1.03,s,3,EPP-SL,1,491.0,900.5325713157654,0.004073319755600814,61.0,69.0,72.0,53.0,58.0,58.0,64.0,56.0
f_4_0,100,0.95,s,4,EPP-SL,1,613.0,900.5938127040863,0.0065252854812398045,70.0,82.0,86.0,73.0,73.0,80.0,83.0,66.0
f_4_0,100,0.99,s,4,EPP-SL,1,546.0,900.6069736480713,0.003663003663003663,61.0,69.0,77.0,62.0,67.0,71.0,74.0,65.0
f_4_0,100,1.03,s,4,EPP-SL,1,494.0,900.9575371742249,0.004048582995951417,61.0,69.0,72.0,53.0,58.0,62.0,64.0,55.0
f_4_0,100,0.95,s,5,EPP-SL,1,613.0,900.6430864334106,0.0032626427406199023,70.0,82.0,86.0,73.0,73.0,80.0,83.0,66.0
f_4_0,100,0.99,s,5,EPP-SL,1,544.0,900.8400750160217,0.001838235294117647,61.0,69.0,77.0,62.0,67.0,71.0,73.0,64.0
f_4_0,100,1.03,s,5,EPP-SL,1,491.0,900.5683081150055,0.004073319755600814,52.0,69.0,72.0,53.0,64.0,62.0,64.0,55.0
f_4_0,100,0.95,s,6,EPP-SL,1,685.0,900.745236158371,0.004379562043795621,79.0,91.0,95.0,82.0,86.0,85.0,92.0,75.0
f_4_0,100,0.99,s,6,EPP-SL,1,604.0,900.5158107280731,0.004966887417218543,70.0,82.0,86.0,71.0,73.0,74.0,83.0,65.0
f_4_0,100,1.03,s,6,EPP-SL,1,538.0,900.5814142227173,0.007434944237918215,61.0,69.0,77.0,62.0,64.0,67.0,73.0,65.0
f_4_0,100,0.95,s,7,EPP-SL,1,685.0,261.30703043937683,0.0,79.0,91.0,95.0,82.0,86.0,85.0,92.0,75.0
f_4_0,100,0.99,s,7,EPP-SL,1,606.0,900.6042566299438,0.0033003300330033004,70.0,82.0,86.0,71.0,73.0,80.0,79.0,65.0
f_4_0,100,1.03,s,7,EPP-SL,1,539.0,900.5512979030609,0.0055658627087198514,61.0,69.0,77.0,62.0,64.0,67.0,74.0,65.0
f_4_0,100,0.95,s,8,EPP-SL,1,685.0,122.78932356834412,0.0,79.0,91.0,95.0,82.0,86.0,85.0,92.0,75.0
f_4_0,100,0.99,s,8,EPP-SL,1,604.0,900.5722100734711,0.0016556291390728477,70.0,82.0,86.0,71.0,73.0,74.0,83.0,65.0
f_4_0,100,1.03,s,8,EPP-SL,1,537.0,900.5511934757233,0.0037243947858473,61.0,69.0,77.0,62.0,64.0,67.0,73.0,64.0
f_4_0,100,0.95,s,9,EPP-SL,1,689.0,765.408933877945,0.0,82.0,91.0,95.0,82.0,86.0,85.0,92.0,76.0
f_4_0,100,0.99,s,9,EPP-SL,1,612.0,77.69308471679688,0.0,70.0,82.0,86.0,73.0,73.0,80.0,83.0,65.0
f_4_0,100,1.03,s,9,EPP-SL,1,545.0,764.901260137558,0.0,61.0,69.0,77.0,62.0,67.0,71.0,73.0,65.0
f_4_0,100,0.95,s,10,EPP-SL,1,686.0,900.6876473426819,0.0029154518950437317,79.0,91.0,95.0,82.0,86.0,85.0,92.0,76.0
f_4_0,100,0.99,s,10,EPP-SL,1,606.0,900.9923048019409,0.0049504950495049506,70.0,82.0,86.0,71.0,75.0,74.0,83.0,65.0
f_4_0,100,1.03,s,10,EPP-SL,1,542.0,876.3252019882202,0.0,61.0,69.0,77.0,62.0,64.0,71.0,73.0,65.0
f_4_0,100,0.95,s,11,EPP-SL,1,757.0,900.7641551494598,0.013210039630118891,92.0,98.0,95.0,94.0,98.0,95.0,98.0,87.0
f_4_0,100,0.99,s,11,EPP-SL,1,686.0,900.5569236278534,0.0058309037900874635,79.0,91.0,95.0,82.0,86.0,85.0,92.0,76.0
f_4_0,100,1.03,s,11,EPP-SL,1,612.0,900.5710089206696,0.004901960784313725,70.0,82.0,86.0,73.0,73.0,80.0,83.0,65.0
f_4_0,100,0.95,s,12,EPP-SL,1,755.0,900.5204849243164,0.0026490066225165563,91.0,98.0,95.0,94.0,98.0,95.0,98.0,86.0
f_4_0,100,0.99,s,12,EPP-SL,1,684.0,246.34932136535645,0.0,79.0,91.0,95.0,82.0,86.0,85.0,92.0,74.0
f_4_0,100,1.03,s,12,EPP-SL,1,610.0,900.6896123886108,0.003278688524590164,70.0,82.0,86.0,71.0,73.0,80.0,83.0,65.0
f_4_0,100,0.95,s,13,EPP-SL,1,763.0,900.6397142410278,0.003931847968545216,91.0,98.0,95.0,93.0,98.0,95.0,98.0,95.0
f_4_0,100,0.99,s,13,EPP-SL,1,686.0,217.63723182678223,0.0,79.0,91.0,95.0,82.0,86.0,85.0,92.0,76.0
f_4_0,100,1.03,s,13,EPP-SL,1,610.0,900.5890679359436,0.001639344262295082,70.0,82.0,86.0,71.0,73.0,80.0,83.0,65.0
f_4_0,100,0.95,s,14,EPP-SL,1,755.0,900.5398125648499,0.005298013245033113,91.0,98.0,95.0,94.0,98.0,95.0,98.0,86.0
f_4_0,100,0.99,s,14,EPP-SL,1,685.0,56.09614539146423,0.0,79.0,91.0,95.0,82.0,86.0,85.0,92.0,75.0
f_4_0,100,1.03,s,14,EPP-SL,1,612.0,900.6110951900482,0.0016339869281045752,70.0,82.0,86.0,73.0,73.0,80.0,83.0,65.0
f_4_0,100,0.95,s,15,EPP-SL,1,763.0,843.6205248832703,0.0,91.0,98.0,95.0,94.0,98.0,94.0,98.0,95.0
f_4_0,100,0.99,s,15,EPP-SL,1,685.0,900.8182528018951,0.00291970802919708,79.0,91.0,95.0,82.0,86.0,85.0,92.0,75.0
f_4_0,100,1.03,s,15,EPP-SL,1,608.0,900.547149181366,0.003289473684210526,70.0,82.0,86.0,71.0,71.0,80.0,83.0,65.0
f_4_0,100,0.95,s,16,EPP-SL,1,667.0,900.5614776611328,0.004497751124437781,79.0,91.0,90.0,82.0,82.0,80.0,89.0,74.0
f_4_0,100,0.99,s,16,EPP-SL,1,591.0,900.7820227146149,0.001692047377326565,70.0,82.0,86.0,71.0,73.0,71.0,74.0,64.0
f_4_0,100,1.03,s,16,EPP-SL,1,527.0,900.5451836585999,0.0018975332068311196,61.0,69.0,72.0,62.0,64.0,62.0,73.0,64.0
f_4_0,100,0.95,s,17,EPP-SL,1,672.0,900.5951762199402,0.002976190476190476,79.0,91.0,95.0,82.0,82.0,80.0,89.0,74.0
f_4_0,100,0.99,s,17,EPP-SL,1,592.0,900.7610564231873,0.0016891891891891893,70.0,82.0,86.0,71.0,73.0,71.0,74.0,65.0
f_4_0,100,1.03,s,17,EPP-SL,1,527.0,900.9767146110535,0.0018975332068311196,61.0,69.0,72.0,62.0,64.0,62.0,73.0,64.0
f_4_0,100,0.95,s,18,EPP-SL,1,664.0,900.5920004844666,0.004518072289156626,79.0,91.0,95.0,82.0,80.0,80.0,83.0,74.0
f_4_0,100,0.99,s,18,EPP-SL,1,587.0,900.5040197372437,0.0034071550255536627,70.0,78.0,86.0,71.0,73.0,71.0,74.0,64.0
f_4_0,100,1.03,s,18,EPP-SL,1,525.0,900.785826921463,0.0019047619047619048,61.0,69.0,72.0,62.0,71.0,62.0,73.0,55.0
f_4_0,100,0.95,s,19,EPP-SL,1,671.0,204.00048184394836,0.0,79.0,91.0,95.0,82.0,82.0,80.0,88.0,74.0
f_4_0,100,0.99,s,19,EPP-SL,1,591.0,145.35470628738403,0.0,70.0,82.0,86.0,71.0,73.0,71.0,74.0,64.0
f_4_0,100,1.03,s,19,EPP-SL,1,524.0,900.912759065628,0.0057251908396946565,61.0,69.0,77.0,62.0,64.0,62.0,73.0,56.0
f_4_0,100,0.95,s,20,EPP-SL,1,658.0,900.7063009738922,0.0060790273556231,79.0,83.0,95.0,82.0,82.0,80.0,83.0,74.0
f_4_0,100,0.99,s,20,EPP-SL,1,583.0,900.5549623966217,0.005145797598627788,70.0,78.0,81.0,71.0,73.0,71.0,74.0,65.0
f_4_0,100,1.03,s,20,EPP-SL,1,522.0,900.5904660224915,0.0038314176245210726,61.0,69.0,72.0,62.0,67.0,62.0,74.0,55.0
f_4_0,100,0.95,s,21,EPP-SL,1,752.0,900.9721846580505,0.003989361702127659,91.0,96.0,95.0,94.0,98.0,94.0,98.0,86.0
f_4_0,100,0.99,s,21,EPP-SL,1,672.0,900.5954656600952,0.001488095238095238,79.0,91.0,95.0,82.0,82.0,80.0,89.0,74.0
f_4_0,100,1.03,s,21,EPP-SL,1,597.0,900.9184653759003,0.005025125628140704,70.0,82.0,86.0,71.0,73.0,71.0,79.0,65.0
f_4_0,100,0.95,s,22,EPP-SL,1,748.0,94.7921793460846,0.0,91.0,96.0,95.0,92.0,98.0,94.0,98.0,84.0
f_4_0,100,0.99,s,22,EPP-SL,1,662.0,900.6338555812836,0.0015105740181268882,79.0,82.0,95.0,82.0,82.0,80.0,88.0,74.0
f_4_0,100,1.03,s,22,EPP-SL,1,590.0000013423966,217.18080043792725,0.0,70.0,82.0,86.0,71.0,71.0,71.0,74.0,65.0
f_4_0,100,0.95,s,23,EPP-SL,1,746.0,901.1158318519592,0.0013404825737265416,91.0,96.0,95.0,92.0,95.0,94.0,98.0,85.0
f_4_0,100,0.99,s,23,EPP-SL,1,658.0,900.6168165206909,0.0060790273556231,79.0,91.0,95.0,74.0,82.0,80.0,83.0,74.0
f_4_0,100,1.03,s,23,EPP-SL,1,588.0,900.6364595890045,0.003401360544217687,70.0,78.0,86.0,71.0,73.0,71.0,74.0,65.0
f_4_0,100,0.95,s,24,EPP-SL,1,749.0,43.46402549743652,0.0,91.0,96.0,95.0,92.0,98.0,94.0,98.0,85.0
f_4_0,100,0.99,s,24,EPP-SL,1,663.0,900.666256904602,0.004524886877828055,79.0,82.0,95.0,82.0,82.0,80.0,89.0,74.0
f_4_0,100,1.03,s,24,EPP-SL,1,591.0,362.1702399253845,0.0,70.0,82.0,86.0,71.0,73.0,71.0,74.0,64.0
f_4_0,100,0.95,s,25,EPP-SL,1,746.0,900.8692409992218,0.0013404825737265416,91.0,96.0,95.0,92.0,95.0,94.0,98.0,85.0
f_4_0,100,0.99,s,25,EPP-SL,1,655.0,900.7434508800507,0.0061068702290076335,79.0,83.0,95.0,73.0,82.0,80.0,89.0,74.0
f_4_0,100,1.03,s,25,EPP-SL,1,583.0,900.6212756633759,0.0017152658662092624,70.0,78.0,81.0,71.0,73.0,71.0,74.0,65.0
f_4_0,100,0.95,s,26,EPP-SL,1,737.0,306.20548367500305,0.0,82.0,96.0,95.0,92.0,98.0,92.0,98.0,84.0
f_4_0,100,0.99,s,26,EPP-SL,1,649.0,900.573059797287,0.0061633281972265025,79.0,82.0,90.0,73.0,82.0,80.0,89.0,74.0
f_4_0,100,1.03,s,26,EPP-SL,1,579.0,900.6571662425995,0.0034542314335060447,70.0,69.0,86.0,71.0,73.0,71.0,74.0,65.0
f_4_0,100,0.95,s,27,EPP-SL,1,727.0,900.8786098957062,0.0041265474552957355,82.0,96.0,95.0,83.0,95.0,94.0,98.0,84.0
f_4_0,100,0.99,s,27,EPP-SL,1,640.0,900.5222594738007,0.0046875,70.0,83.0,95.0,73.0,82.0,80.0,83.0,74.0
f_4_0,100,1.03,s,27,EPP-SL,1,570.0,900.5809354782104,0.0035087719298245615,61.0,82.0,81.0,64.0,73.0,71.0,73.0,65.0
f_4_0,100,0.95,s,28,EPP-SL,1,739.0,900.9500617980957,0.0027063599458728013,91.0,96.0,95.0,92.0,91.0,92.0,98.0,84.0
f_4_0,100,0.99,s,28,EPP-SL,1,650.0,900.6609869003296,0.006153846153846154,70.0,83.0,90.0,82.0,82.0,80.0,89.0,74.0
f_4_0,100,1.03,s,28,EPP-SL,1,579.0,900.9400107860565,0.0051813471502590676,70.0,74.0,81.0,71.0,73.0,71.0,74.0,65.0
f_4_0,100,0.95,s,29,EPP-SL,1,738.0,900.581963300705,0.0027100271002710027,91.0,96.0,95.0,92.0,91.0,91.0,98.0,84.0
f_4_0,100,0.99,s,29,EPP-SL,1,649.0,900.9554164409637,0.0061633281972265025,73.0,82.0,90.0,82.0,80.0,80.0,88.0,74.0
f_4_0,100,1.03,s,29,EPP-SL,1,579.0,900.5776932239532,0.0051813471502590676,70.0,74.0,81.0,71.0,73.0,71.0,74.0,65.0
f_4_0,100,0.95,s,30,EPP-SL,1,731.0,580.4688649177551,0.0,79.0,96.0,95.0,92.0,95.0,92.0,98.0,84.0
f_4_0,100,0.99,s,30,EPP-SL,1,641.0,900.9054574966431,0.0046801872074883,70.0,82.0,90.0,82.0,80.0,80.0,83.0,74.0
f_4_0,100,1.03,s,30,EPP-SL,1,570.0,900.56782579422,0.007017543859649123,61.0,74.0,81.0,71.0,73.0,71.0,74.0,65.0
f_4_0,100,0.95,s,31,EPP-SL,1,735.0,98.01864981651306,0.0,82.0,96.0,95.0,92.0,95.0,92.0,98.0,85.0
f_4_0,100,0.99,s,31,EPP-SL,1,635.0,900.5687122344971,0.007874015748031496,70.0,83.0,90.0,73.0,82.0,80.0,83.0,74.0
f_4_0,100,1.03,s,31,EPP-SL,1,554.0,900.4885261058807,0.005415162454873646,61.0,73.0,81.0,62.0,67.0,71.0,74.0,65.0
f_4_0,100,0.95,s,32,EPP-SL,1,737.0,71.02374148368835,0.0,82.0,96.0,95.0,92.0,98.0,92.0,98.0,84.0
f_4_0,100,0.99,s,32,EPP-SL,1,640.0,900.5657253265381,0.0046875,70.0,82.0,90.0,73.0,82.0,80.0,89.0,74.0
f_4_0,100,1.03,s,32,EPP-SL,1,559.0,574.0541505813599,0.0,61.0,73.0,81.0,62.0,73.0,71.0,74.0,64.0
f_4_0,100,0.95,s,33,EPP-SL,1,738.0,900.6263346672058,0.0013550135501355014,91.0,91.0,95.0,92.0,95.0,92.0,98.0,84.0
f_4_0,100,0.99,s,33,EPP-SL,1,643.0,900.6526205539703,0.0015552099533437014,70.0,82.0,90.0,73.0,86.0,80.0,88.0,74.0
f_4_0,100,1.03,s,33,EPP-SL,1,560.0,901.0027973651886,0.0035714285714285713,61.0,73.0,81.0,62.0,73.0,71.0,74.0,65.0
f_4_0,100,0.95,s,34,EPP-SL,1,734.0,26.60126805305481,0.0,82.0,96.0,95.0,92.0,95.0,92.0,98.0,84.0
f_4_0,100,0.99,s,34,EPP-SL,1,635.0,900.539448261261,0.006299212598425197,70.0,83.0,90.0,73.0,82.0,80.0,83.0,74.0
f_4_0,100,1.03,s,34,EPP-SL,1,555.0,900.8251492977142,0.0018018018018018018,61.0,69.0,81.0,62.0,73.0,71.0,73.0,65.0
f_4_0,100,0.95,s,35,EPP-SL,1,734.0,18.477506160736084,0.0,82.0,96.0,95.0,92.0,95.0,92.0,98.0,84.0
f_4_0,100,0.99,s,35,EPP-SL,1,635.0,900.5724060535431,0.006299212598425197,70.0,83.0,90.0,73.0,82.0,80.0,83.0,74.0
f_4_0,100,1.03,s,35,EPP-SL,1,554.0,900.6042306423187,0.0036101083032490976,61.0,73.0,77.0,62.0,73.0,71.0,73.0,64.0
f_4_0,100,0.95,s,36,EPP-SL,1,727.0,900.7211863994598,0.001375515818431912,82.0,96.0,95.0,83.0,95.0,94.0,98.0,84.0
f_4_0,100,0.99,s,36,EPP-SL,1,641.0,900.6093091964722,0.0046801872074883,70.0,83.0,86.0,73.0,86.0,80.0,89.0,74.0
f_4_0,100,1.03,s,36,EPP-SL,1,573.0,900.849693775177,0.0034904013961605585,61.0,73.0,81.0,71.0,73.0,71.0,79.0,64.0
f_4_0,100,0.95,s,37,EPP-SL,1,731.0000000728738,105.20017075538635,0.0,79.0,96.0,95.0,92.0,95.0,92.0,98.0,84.0
f_4_0,100,0.99,s,37,EPP-SL,1,645.0,747.2564904689789,0.0,70.0,82.0,86.0,82.0,82.0,80.0,89.0,74.0
f_4_0,100,1.03,s,37,EPP-SL,1,575.0,900.5766026973724,0.0052173913043478265,61.0,74.0,86.0,71.0,73.0,71.0,74.0,65.0
f_4_0,100,0.95,s,38,EPP-SL,1,725.0,900.784398317337,0.001379310344827586,82.0,96.0,95.0,83.0,95.0,92.0,98.0,84.0
f_4_0,100,0.99,s,38,EPP-SL,1,639.0,900.5783109664917,0.003129890453834116,73.0,82.0,86.0,73.0,82.0,80.0,89.0,74.0
f_4_0,100,1.03,s,38,EPP-SL,1,569.0,900.6120295524597,0.005272407732864675,61.0,82.0,81.0,62.0,73.0,71.0,74.0,65.0
f_4_0,100,0.95,s,39,EPP-SL,1,716.0,900.551507472992,0.0013966480446927375,79.0,91.0,95.0,82.0,95.0,92.0,98.0,84.0
f_4_0,100,0.99,s,39,EPP-SL,1,633.0,900.5193045139313,0.001579778830963665,70.0,82.0,86.0,73.0,80.0,80.0,88.0,74.0
f_4_0,100,1.03,s,39,EPP-SL,1,565.0,900.5941343307495,0.0017699115044247787,61.0,82.0,77.0,62.0,73.0,71.0,74.0,65.0
f_4_0,100,0.95,s,40,EPP-SL,1,727.0,900.5471224784851,0.002751031636863824,82.0,96.0,95.0,83.0,95.0,94.0,98.0,84.0
f_4_0,100,0.99,s,40,EPP-SL,1,641.0,900.6055092811584,0.0062402496099844,70.0,83.0,90.0,73.0,82.0,80.0,89.0,74.0
f_4_0,100,1.03,s,40,EPP-SL,1,570.0,900.5591108798981,0.008771929824561403,61.0,73.0,77.0,71.0,73.0,71.0,79.0,65.0
f_4_0,100,0.95,s,41,EPP-SL,1,716.0,900.5709245204926,0.002793296089385475,82.0,96.0,95.0,83.0,86.0,92.0,98.0,84.0
f_4_0,100,0.99,s,41,EPP-SL,1,639.0,900.6237945556641,0.003129890453834116,73.0,82.0,86.0,73.0,82.0,80.0,89.0,74.0
f_4_0,100,1.03,s,41,EPP-SL,1,574.0,900.5360250473022,0.008710801393728223,61.0,73.0,86.0,64.0,73.0,73.0,79.0,65.0
f_4_0,100,0.95,s,42,EPP-SL,1,715.0,900.6245639324188,0.0013986013986013986,82.0,96.0,95.0,82.0,86.0,92.0,98.0,84.0
f_4_0,100,0.99,s,42,EPP-SL,1,639.0,900.5788779258728,0.001564945226917058,70.0,82.0,86.0,82.0,82.0,80.0,83.0,74.0
f_4_0,100,1.03,s,42,EPP-SL,1,575.0,900.6166064739227,0.006956521739130435,70.0,69.0,77.0,71.0,73.0,71.0,79.0,65.0
f_4_0,100,0.95,s,43,EPP-SL,1,721.0,900.5310127735138,0.0027739251040221915,79.0,96.0,95.0,82.0,95.0,92.0,98.0,84.0
f_4_0,100,0.99,s,43,EPP-SL,1,644.0,900.819384098053,0.003105590062111801,70.0,82.0,86.0,82.0,86.0,80.0,83.0,75.0
f_4_0,100,1.03,s,43,EPP-SL,1,580.0,900.6532111167908,0.005172413793103448,70.0,74.0,77.0,71.0,73.0,71.0,79.0,65.0
f_4_0,100,0.95,s,44,EPP-SL,1,713.0,900.8143265247345,0.002805049088359046,79.0,96.0,95.0,83.0,86.0,92.0,98.0,84.0
f_4_0,100,0.99,s,44,EPP-SL,1,636.0,900.5637488365173,0.0031446540880503146,70.0,82.0,86.0,73.0,82.0,80.0,89.0,74.0
f_4_0,100,1.03,s,44,EPP-SL,1,570.0,900.9278101921082,0.010526315789473684,70.0,73.0,77.0,62.0,73.0,71.0,79.0,65.0
f_4_0,100,0.95,s,45,EPP-SL,1,716.0,900.7240240573883,0.002793296089385475,79.0,91.0,95.0,82.0,95.0,92.0,98.0,84.0
f_4_0,100,0.99,s,45,EPP-SL,1,639.0,900.634801864624,0.003129890453834116,73.0,82.0,86.0,73.0,82.0,80.0,89.0,74.0
f_4_0,100,1.03,s,45,EPP-SL,1,574.0,900.5315222740173,0.006968641114982578,61.0,82.0,77.0,71.0,73.0,71.0,74.0,65.0
f_3_0,100,0.95,s,1,EPP-SL,1,581.0,900.588301897049,0.0068846815834767644,74.0,74.0,73.0,76.0,72.0,62.0,75.0,75.0
f_3_0,100,0.99,s,1,EPP-SL,1,512.0,900.7958896160126,0.001953125,64.0,65.0,64.0,67.0,62.0,53.0,66.0,71.0
f_3_0,100,1.03,s,1,EPP-SL,1,458.0,193.9448766708374,0.0,59.0,54.0,53.0,58.0,62.0,44.0,66.0,62.0
f_3_0,100,0.95,s,2,EPP-SL,1,584.0,730.9229257106781,0.0,73.0,74.0,73.0,76.0,71.0,62.0,75.0,80.0
f_3_0,100,0.99,s,2,EPP-SL,1,512.0,900.5475678443909,0.005859375,60.0,65.0,64.0,67.0,62.0,57.0,66.0,71.0
f_3_0,100,1.03,s,2,EPP-SL,1,460.0,42.36806654930115,0.0,59.0,56.0,53.0,58.0,62.0,44.0,66.0,62.0
f_3_0,100,0.95,s,3,EPP-SL,1,583.0,900.5585415363312,0.003430531732418525,73.0,74.0,73.0,76.0,71.0,66.0,75.0,75.0
f_3_0,100,0.99,s,3,EPP-SL,1,513.0,900.634833574295,0.003898635477582846,65.0,65.0,64.0,67.0,62.0,53.0,66.0,71.0
f_3_0,100,1.03,s,3,EPP-SL,1,460.0,492.5960421562195,0.0,59.0,65.0,53.0,58.0,58.0,44.0,61.0,62.0
f_3_0,100,0.95,s,4,EPP-SL,1,585.0,900.9417972564697,0.003418803418803419,73.0,74.0,73.0,76.0,72.0,62.0,75.0,80.0
f_3_0,100,0.99,s,4,EPP-SL,1,517.0,900.8175976276398,0.0019342359767891683,60.0,65.0,64.0,67.0,62.0,53.0,75.0,71.0
f_3_0,100,1.03,s,4,EPP-SL,1,462.0,900.586385011673,0.0021645021645021645,59.0,56.0,55.0,58.0,62.0,44.0,66.0,62.0
f_3_0,100,0.95,s,5,EPP-SL,1,584.0,900.5678913593292,0.0017123287671232876,73.0,74.0,73.0,76.0,76.0,62.0,75.0,75.0
f_3_0,100,0.99,s,5,EPP-SL,1,512.0,900.5102431774139,0.0078125,64.0,65.0,64.0,67.0,62.0,53.0,75.0,62.0
f_3_0,100,1.03,s,5,EPP-SL,1,460.0,176.3104064464569,0.0,59.0,56.0,53.0,58.0,62.0,44.0,66.0,62.0
f_3_0,100,0.95,s,6,EPP-SL,1,662.0,357.5886459350586,0.0,82.0,85.0,79.0,85.0,85.0,75.0,87.0,84.0
f_3_0,100,0.99,s,6,EPP-SL,1,576.0,900.8718192577362,0.001736111111111111,73.0,74.0,70.0,76.0,71.0,62.0,75.0,75.0
f_3_0,100,1.03,s,6,EPP-SL,1,509.0,900.6735372543335,0.005893909626719057,60.0,65.0,64.0,67.0,62.0,54.0,66.0,71.0
f_3_0,100,0.95,s,7,EPP-SL,1,662.0,562.1201720237732,0.0,83.0,84.0,79.0,85.0,85.0,75.0,87.0,84.0
f_3_0,100,0.99,s,7,EPP-SL,1,576.0,900.6267745494843,0.001736111111111111,73.0,74.0,70.0,76.0,71.0,62.0,75.0,75.0
f_3_0,100,1.03,s,7,EPP-SL,1,509.0,900.5721127986908,0.005893909626719057,60.0,65.0,64.0,67.0,62.0,53.0,75.0,63.0
f_3_0,100,0.95,s,8,EPP-SL,1,661.0,900.6283037662506,0.0015128593040847202,82.0,85.0,78.0,85.0,85.0,75.0,87.0,84.0
f_3_0,100,0.99,s,8,EPP-SL,1,575.0,127.06069135665894,0.0,73.0,74.0,69.0,76.0,71.0,62.0,75.0,75.0
f_3_0,100,1.03,s,8,EPP-SL,1,508.0,900.6850090026855,0.001968503937007874,60.0,65.0,64.0,67.0,62.0,53.0,66.0,71.0
f_3_0,100,0.95,s,9,EPP-SL,1,667.0,900.6293349266052,0.0029985007496251873,83.0,85.0,83.0,85.0,85.0,75.0,87.0,84.0
f_3_0,100,0.99,s,9,EPP-SL,1,582.0,770.469940662384,0.0,73.0,74.0,73.0,76.0,71.0,65.0,75.0,75.0
f_3_0,100,1.03,s,9,EPP-SL,1,515.0,900.4465682506561,0.001941747572815534,60.0,63.0,64.0,67.0,62.0,53.0,75.0,71.0
f_3_0,100,0.95,s,10,EPP-SL,1,664.0,71.78524589538574,0.0,82.0,85.0,81.0,85.0,85.0,75.0,87.0,84.0
f_3_0,100,0.99,s,10,EPP-SL,1,579.0,300.26707911491394,0.0,73.0,74.0,73.0,76.0,71.0,62.0,75.0,75.0
f_3_0,100,1.03,s,10,EPP-SL,1,512.0,900.8618779182434,0.00390625,60.0,65.0,64.0,67.0,62.0,53.0,75.0,66.0
f_3_0,100,0.95,s,11,EPP-SL,1,771.0,170.28655815124512,0.0,97.0,99.0,99.0,96.0,94.0,88.0,98.0,100.0
f_3_0,100,0.99,s,11,EPP-SL,1,665.0,900.5970289707184,0.0030075187969924814,83.0,85.0,81.0,85.0,85.0,75.0,87.0,84.0
f_3_0,100,1.03,s,11,EPP-SL,1,584.0,900.6553711891174,0.0017123287671232876,73.0,74.0,73.0,76.0,71.0,62.0,75.0,80.0
f_3_0,100,0.95,s,12,EPP-SL,1,764.0,483.3009490966797,0.0,97.0,98.0,99.0,96.0,94.0,88.0,98.0,94.0
f_3_0,100,0.99,s,12,EPP-SL,1,661.0,428.81830191612244,0.0,83.0,84.0,78.0,85.0,85.0,75.0,87.0,84.0
f_3_0,100,1.03,s,12,EPP-SL,1,582.0,378.97976779937744,0.0,73.0,74.0,73.0,76.0,71.0,65.0,75.0,75.0
f_3_0,100,0.95,s,13,EPP-SL,1,770.0,331.6612374782562,0.0,97.0,98.0,99.0,96.0,94.0,88.0,98.0,100.0
f_3_0,100,0.99,s,13,EPP-SL,1,664.0000001246551,108.37171649932861,0.0,82.0,85.0,81.0,85.0,85.0,75.0,87.0,84.0
f_3_0,100,1.03,s,13,EPP-SL,1,579.0,900.5675227642059,0.0034542314335060447,73.0,74.0,73.0,76.0,71.0,62.0,75.0,75.0
f_3_0,100,0.95,s,14,EPP-SL,1,764.0,900.586377620697,0.002617801047120419,97.0,98.0,99.0,96.0,94.0,88.0,98.0,94.0
f_3_0,100,0.99,s,14,EPP-SL,1,662.0,93.13735485076904,0.0,83.0,84.0,79.0,85.0,85.0,75.0,87.0,84.0
f_3_0,100,1.03,s,14,EPP-SL,1,582.0,900.6098623275757,0.001718213058419244,73.0,74.0,73.0,76.0,71.0,62.0,78.0,75.0
f_3_0,100,0.95,s,15,EPP-SL,1,768.0,900.7252733707428,0.0013020833333333333,97.0,99.0,99.0,96.0,94.0,91.0,98.0,94.0
f_3_0,100,0.99,s,15,EPP-SL,1,661.0,599.3233008384705,0.0,82.0,85.0,78.0,85.0,85.0,75.0,87.0,84.0
f_3_0,100,1.03,s,15,EPP-SL,1,579.0,173.43928575515747,0.0,73.0,74.0,73.0,76.0,71.0,62.0,75.0,75.0
f_3_0,100,0.95,s,16,EPP-SL,1,641.0,900.5463392734528,0.0031201248049922,78.0,78.0,78.0,85.0,80.0,71.0,87.0,84.0
f_3_0,100,0.99,s,16,EPP-SL,1,562.0,900.5658822059631,0.0017793594306049821,69.0,74.0,64.0,76.0,71.0,62.0,75.0,71.0
f_3_0,100,1.03,s,16,EPP-SL,1,498.0,472.04902243614197,0.0,59.0,65.0,64.0,67.0,62.0,53.0,66.0,62.0
f_3_0,100,0.95,s,17,EPP-SL,1,645.0,900.5634329319,0.004651162790697674,82.0,76.0,76.0,85.0,80.0,75.0,87.0,84.0
f_3_0,100,0.99,s,17,EPP-SL,1,562.0,900.5708475112915,0.005338078291814947,69.0,74.0,69.0,67.0,71.0,62.0,75.0,75.0
f_3_0,100,1.03,s,17,EPP-SL,1,498.0,576.5422163009644,0.0,59.0,65.0,64.0,67.0,62.0,53.0,66.0,62.0
f_3_0,100,0.95,s,18,EPP-SL,1,639.0,900.7559494972229,0.001564945226917058,78.0,76.0,78.0,85.0,80.0,71.0,87.0,84.0
f_3_0,100,0.99,s,18,EPP-SL,1,558.0,900.918949842453,0.0035842293906810036,69.0,74.0,69.0,67.0,71.0,62.0,75.0,71.0
f_3_0,100,1.03,s,18,EPP-SL,1,495.0,900.6267430782318,0.00202020202020202,59.0,65.0,64.0,67.0,62.0,50.0,66.0,62.0
f_3_0,100,0.95,s,19,EPP-SL,1,644.0,900.7916247844696,0.003105590062111801,78.0,78.0,78.0,85.0,80.0,74.0,87.0,84.0
f_3_0,100,0.99,s,19,EPP-SL,1,562.0,689.0049526691437,0.0,69.0,74.0,64.0,76.0,71.0,62.0,75.0,71.0
f_3_0,100,1.03,s,19,EPP-SL,1,495.0,900.6422789096832,0.00404040404040404,60.0,65.0,64.0,67.0,62.0,53.0,62.0,62.0
f_3_0,100,0.95,s,20,EPP-SL,1,634.0,900.5778868198395,0.0015772870662460567,78.0,76.0,78.0,76.0,80.0,75.0,87.0,84.0
f_3_0,100,0.99,s,20,EPP-SL,1,557.0,404.5841734409332,0.0,68.0,74.0,69.0,67.0,71.0,62.0,75.0,71.0
f_3_0,100,1.03,s,20,EPP-SL,1,493.0,264.1946895122528,0.0,59.0,65.0,55.0,67.0,62.0,57.0,66.0,62.0
f_3_0,100,0.95,s,21,EPP-SL,1,744.0,37.27028465270996,0.0,92.0,95.0,90.0,96.0,94.0,87.0,97.0,93.0
f_3_0,100,0.99,s,21,EPP-SL,1,647.0,900.8242650032043,0.0015455950540958269,78.0,84.0,78.0,85.0,80.0,71.0,87.0,84.0
f_3_0,100,1.03,s,21,EPP-SL,1,570.0,54.919419050216675,0.0,68.0,74.0,69.0,76.0,71.0,62.0,75.0,75.0
f_3_0,100,0.95,s,22,EPP-SL,1,730.0,901.0165641307831,0.0027397260273972603,92.0,95.0,90.0,85.0,94.0,84.0,97.0,93.0
f_3_0,100,0.99,s,22,EPP-SL,1,635.0,900.6902177333832,0.0031496062992125984,78.0,78.0,78.0,76.0,80.0,74.0,87.0,84.0
f_3_0,100,1.03,s,22,EPP-SL,1,562.0,326.1807005405426,0.0,69.0,74.0,64.0,76.0,71.0,62.0,75.0,71.0
f_3_0,100,0.95,s,23,EPP-SL,1,729.0,900.6494150161743,0.0013717421124828531,92.0,95.0,90.0,85.0,94.0,83.0,97.0,93.0
f_3_0,100,0.99,s,23,EPP-SL,1,634.0,901.1108074188232,0.0031545741324921135,78.0,76.0,78.0,76.0,80.0,75.0,87.0,84.0
f_3_0,100,1.03,s,23,EPP-SL,1,559.0,900.6422147750854,0.0035778175313059034,68.0,74.0,64.0,76.0,71.0,62.0,73.0,71.0
f_3_0,100,0.95,s,24,EPP-SL,1,735.0,537.5718095302582,0.0,92.0,95.0,90.0,87.0,94.0,87.0,97.0,93.0
f_3_0,100,0.99,s,24,EPP-SL,1,637.0,900.6066071987152,0.0031397174254317113,78.0,76.0,78.0,85.0,80.0,69.0,87.0,84.0
f_3_0,100,1.03,s,24,EPP-SL,1,562.0,900.8849635124207,0.0017793594306049821,69.0,74.0,64.0,76.0,71.0,62.0,75.0,71.0
f_3_0,100,0.95,s,25,EPP-SL,1,730.0,900.575897693634,0.0027397260273972603,92.0,95.0,90.0,85.0,94.0,84.0,97.0,93.0
f_3_0,100,0.99,s,25,EPP-SL,1,630.0,900.739223241806,0.0031746031746031746,78.0,78.0,78.0,76.0,80.0,69.0,87.0,84.0
f_3_0,100,1.03,s,25,EPP-SL,1,554.0,900.7524514198303,0.0018050541516245488,69.0,74.0,65.0,67.0,71.0,62.0,75.0,71.0
f_3_0,100,0.95,s,26,EPP-SL,1,715.0,900.5928831100464,0.002797202797202797,87.0,89.0,90.0,87.0,94.0,78.0,97.0,93.0
f_3_0,100,0.99,s,26,EPP-SL,1,626.0,242.53780579566956,0.0,78.0,74.0,78.0,76.0,80.0,69.0,87.0,84.0
f_3_0,100,1.03,s,26,EPP-SL,1,553.0,634.8394484519958,0.0,69.0,74.0,64.0,67.0,71.0,62.0,75.0,71.0
f_3_0,100,0.95,s,27,EPP-SL,1,704.0,900.5735392570496,0.004261363636363636,87.0,89.0,90.0,85.0,85.0,78.0,97.0,93.0
f_3_0,100,0.99,s,27,EPP-SL,1,615.0,900.9119307994843,0.0032520325203252032,74.0,74.0,78.0,76.0,80.0,66.0,87.0,80.0
f_3_0,100,1.03,s,27,EPP-SL,1,544.0,399.24144077301025,0.0,69.0,65.0,69.0,67.0,71.0,57.0,75.0,71.0
f_3_0,100,0.95,s,28,EPP-SL,1,718.0,900.9198043346405,0.002785515320334262,92.0,85.0,90.0,85.0,94.0,82.0,97.0,93.0
f_3_0,100,0.99,s,28,EPP-SL,1,627.0,603.4499914646149,0.0,78.0,75.0,78.0,76.0,80.0,69.0,87.0,84.0
f_3_0,100,1.03,s,28,EPP-SL,1,554.0,609.6202983856201,0.0,69.0,74.0,65.0,67.0,71.0,62.0,75.0,71.0
f_3_0,100,0.95,s,29,EPP-SL,1,717.0,900.8757946491241,0.0041841004184100415,87.0,89.0,90.0,85.0,94.0,82.0,97.0,93.0
f_3_0,100,0.99,s,29,EPP-SL,1,626.0,900.5921709537506,0.001597444089456869,78.0,74.0,78.0,76.0,80.0,69.0,87.0,84.0
f_3_0,100,1.03,s,29,EPP-SL,1,553.0,900.5664732456207,0.0018083182640144665,69.0,65.0,69.0,67.0,71.0,62.0,75.0,75.0
f_3_0,100,0.95,s,30,EPP-SL,1,706.0,900.6093010902405,0.0028328611898017,87.0,85.0,90.0,85.0,94.0,75.0,97.0,93.0
f_3_0,100,0.99,s,30,EPP-SL,1,615.0,900.5471749305725,0.0032520325203252032,74.0,74.0,78.0,76.0,76.0,66.0,87.0,84.0
f_3_0,100,1.03,s,30,EPP-SL,1,544.0,900.6448633670807,0.003676470588235294,69.0,65.0,69.0,67.0,71.0,57.0,75.0,71.0
f_3_0,100,0.95,s,31,EPP-SL,1,713.0,612.8748443126678,0.0,87.0,89.0,90.0,85.0,94.0,78.0,97.0,93.0
f_3_0,100,0.99,s,31,EPP-SL,1,609.0,900.5449059009552,0.0049261083743842365,73.0,74.0,78.0,76.0,80.0,66.0,78.0,84.0
f_3_0,100,1.03,s,31,EPP-SL,1,526.0,900.6175923347473,0.0038022813688212928,64.0,65.0,64.0,67.0,63.0,57.0,75.0,71.0
f_3_0,100,0.95,s,32,EPP-SL,1,715.0,900.6522586345673,0.0013986013986013986,87.0,87.0,90.0,85.0,94.0,82.0,97.0,93.0
f_3_0,100,0.99,s,32,EPP-SL,1,614.0,900.6030476093292,0.003257328990228013,73.0,76.0,76.0,76.0,76.0,66.0,87.0,84.0
f_3_0,100,1.03,s,32,EPP-SL,1,530.0,900.7079770565033,0.0037735849056603774,68.0,65.0,64.0,67.0,63.0,57.0,75.0,71.0
f_3_0,100,0.95,s,33,EPP-SL,1,717.0,900.6063737869263,0.001394700139470014,87.0,84.0,90.0,85.0,94.0,87.0,97.0,93.0
f_3_0,100,0.99,s,33,EPP-SL,1,617.0,900.923525094986,0.0016207455429497568,73.0,74.0,78.0,76.0,76.0,69.0,87.0,84.0
f_3_0,100,1.03,s,33,EPP-SL,1,531.0,901.0543684959412,0.005649717514124294,65.0,65.0,64.0,67.0,67.0,57.0,75.0,71.0
f_3_0,100,0.95,s,34,EPP-SL,1,711.0,900.6332626342773,0.0014064697609001407,87.0,87.0,90.0,85.0,94.0,78.0,97.0,93.0
f_3_0,100,0.99,s,34,EPP-SL,1,610.0,427.2815566062927,0.0,73.0,74.0,78.0,76.0,76.0,66.0,87.0,80.0
f_3_0,100,1.03,s,34,EPP-SL,1,525.0,900.64262342453,0.005714285714285714,64.0,65.0,64.0,67.0,62.0,57.0,75.0,71.0
f_3_0,100,0.95,s,35,EPP-SL,1,711.0,900.971241235733,0.0014064697609001407,87.0,87.0,90.0,85.0,94.0,78.0,97.0,93.0
f_3_0,100,0.99,s,35,EPP-SL,1,609.0,901.0228054523468,0.0016420361247947454,73.0,74.0,78.0,76.0,80.0,66.0,78.0,84.0
f_3_0,100,1.03,s,35,EPP-SL,1,525.0,900.569162607193,0.0038095238095238095,64.0,65.0,64.0,67.0,62.0,57.0,75.0,71.0
f_3_0,100,0.95,s,36,EPP-SL,1,704.0,900.9537215232849,0.002840909090909091,87.0,89.0,90.0,85.0,85.0,78.0,97.0,93.0
f_3_0,100,0.99,s,36,EPP-SL,1,618.0,806.6817598342896,0.0,73.0,74.0,78.0,76.0,80.0,66.0,87.0,84.0
f_3_0,100,1.03,s,36,EPP-SL,1,547.0,900.5910460948944,0.0018281535648994515,69.0,65.0,69.0,67.0,71.0,56.0,75.0,75.0
f_3_0,100,0.95,s,37,EPP-SL,1,707.0,900.7748782634735,0.0014144271570014145,92.0,87.0,90.0,85.0,85.0,78.0,97.0,93.0
f_3_0,100,0.99,s,37,EPP-SL,1,621.0,350.2309572696686,0.0,73.0,74.0,78.0,76.0,80.0,69.0,87.0,84.0
f_3_0,100,1.03,s,37,EPP-SL,1,550.0,900.5943512916565,0.0036363636363636364,69.0,65.0,67.0,67.0,71.0,62.0,78.0,71.0
f_3_0,100,0.95,s,38,EPP-SL,1,702.0,901.009604215622,0.0014245014245014246,87.0,87.0,90.0,85.0,85.0,78.0,97.0,93.0
f_3_0,100,0.99,s,38,EPP-SL,1,614.0,900.9374778270721,0.003257328990228013,74.0,74.0,78.0,76.0,76.0,69.0,87.0,80.0
f_3_0,100,1.03,s,38,EPP-SL,1,544.0,900.6074359416962,0.001838235294117647,69.0,65.0,69.0,67.0,71.0,57.0,75.0,71.0
f_3_0,100,0.95,s,39,EPP-SL,1,692.0,900.5647790431976,0.002890173410404624,87.0,87.0,90.0,85.0,85.0,78.0,87.0,93.0
f_3_0,100,0.99,s,39,EPP-SL,1,605.0,900.5468716621399,0.003305785123966942,73.0,74.0,78.0,76.0,76.0,66.0,78.0,84.0
f_3_0,100,1.03,s,39,EPP-SL,1,539.0,68.1430823802948,0.0,64.0,65.0,69.0,67.0,71.0,57.0,75.0,71.0
f_3_0,100,0.95,s,40,EPP-SL,1,705.0,900.7675123214722,0.0028368794326241137,87.0,89.0,90.0,85.0,85.0,79.0,97.0,93.0
f_3_0,100,0.99,s,40,EPP-SL,1,618.0,901.0492384433746,0.0016181229773462784,73.0,74.0,78.0,76.0,80.0,66.0,87.0,84.0
f_3_0,100,1.03,s,40,EPP-SL,1,547.0,899.1429922580719,0.0,69.0,65.0,67.0,67.0,71.0,62.0,75.0,71.0
f_3_0,100,0.95,s,41,EPP-SL,1,693.0,900.6224081516266,0.001443001443001443,87.0,87.0,90.0,85.0,85.0,79.0,87.0,93.0
f_3_0,100,0.99,s,41,EPP-SL,1,614.0,900.8914709091187,0.003257328990228013,73.0,74.0,78.0,76.0,76.0,66.0,87.0,84.0
f_3_0,100,1.03,s,41,EPP-SL,1,549.0,900.5653936862946,0.00546448087431694,69.0,65.0,69.0,67.0,71.0,62.0,75.0,71.0
f_3_0,100,0.95,s,42,EPP-SL,1,692.0,497.6326277256012,0.0,87.0,87.0,90.0,85.0,85.0,78.0,87.0,93.0
f_3_0,100,0.99,s,42,EPP-SL,1,614.0,900.8003804683685,0.0016286644951140066,73.0,74.0,78.0,76.0,76.0,66.0,87.0,84.0
f_3_0,100,1.03,s,42,EPP-SL,1,550.0,900.9075336456299,0.0018181818181818182,69.0,65.0,70.0,67.0,71.0,62.0,75.0,71.0
f_3_0,100,0.95,s,43,EPP-SL,1,697.0,900.66388630867,0.0028694404591104736,87.0,85.0,90.0,85.0,85.0,75.0,97.0,93.0
f_3_0,100,0.99,s,43,EPP-SL,1,619.0,900.589807510376,0.0032310177705977385,73.0,76.0,78.0,76.0,76.0,69.0,87.0,84.0
f_3_0,100,1.03,s,43,EPP-SL,1,555.0,900.9671216011047,0.0018018018018018018,69.0,74.0,67.0,67.0,71.0,57.0,75.0,75.0
f_3_0,100,0.95,s,44,EPP-SL,1,690.0,900.5745847225189,0.0014492753623188406,87.0,85.0,90.0,85.0,85.0,78.0,87.0,93.0
f_3_0,100,0.99,s,44,EPP-SL,1,611.0,900.9647777080536,0.0032733224222585926,73.0,75.0,78.0,76.0,76.0,66.0,87.0,80.0
f_3_0,100,1.03,s,44,EPP-SL,1,548.0,900.6001071929932,0.0018248175182481751,64.0,74.0,69.0,67.0,71.0,57.0,75.0,71.0
f_3_0,100,0.95,s,45,EPP-SL,1,693.0,900.6441087722778,0.001443001443001443,87.0,88.0,90.0,85.0,85.0,78.0,87.0,93.0
f_3_0,100,0.99,s,45,EPP-SL,1,614.0,900.5809524059296,0.003257328990228013,73.0,74.0,78.0,76.0,76.0,66.0,87.0,84.0
f_3_0,100,1.03,s,45,EPP-SL,1,549.0,900.5345640182495,0.0036429872495446266,69.0,65.0,69.0,67.0,71.0,62.0,75.0,71.0
f_1_1,100,0.95,s,1,EPP-SL,1,563.0,900.534435749054,0.007104795737122558,71.0,61.0,74.0,73.0,73.0,62.0,72.0,77.0
f_1_1,100,0.99,s,1,EPP-SL,1,490.0,900.6593630313873,0.004081632653061225,61.0,61.0,63.0,64.0,60.0,49.0,68.0,64.0
f_1_1,100,1.03,s,1,EPP-SL,1,424.0,900.9236834049225,0.007075471698113208,52.0,52.0,58.0,59.0,49.0,40.0,59.0,55.0
f_1_1,100,0.95,s,2,EPP-SL,1,565.0,900.917610168457,0.005309734513274336,71.0,70.0,72.0,73.0,73.0,61.0,68.0,77.0
f_1_1,100,0.99,s,2,EPP-SL,1,494.0,377.7984516620636,0.0,61.0,61.0,63.0,64.0,64.0,49.0,68.0,64.0
f_1_1,100,1.03,s,2,EPP-SL,1,430.0,900.5520424842834,0.004651162790697674,52.0,61.0,49.0,59.0,55.0,40.0,59.0,55.0
f_1_1,100,0.95,s,3,EPP-SL,1,566.0,901.0213134288788,0.0035335689045936395,71.0,61.0,74.0,77.0,73.0,61.0,72.0,77.0
f_1_1,100,0.99,s,3,EPP-SL,1,492.0,900.5974013805389,0.006097560975609756,56.0,61.0,63.0,64.0,64.0,49.0,68.0,67.0
f_1_1,100,1.03,s,3,EPP-SL,1,427.0,900.4981706142426,0.00468384074941452,50.0,52.0,58.0,59.0,55.0,40.0,59.0,54.0
f_1_1,100,0.95,s,4,EPP-SL,1,569.0,900.6677715778351,0.0035149384885764497,71.0,70.0,72.0,73.0,73.0,61.0,72.0,77.0
f_1_1,100,0.99,s,4,EPP-SL,1,497.0,900.5570878982544,0.004024144869215292,61.0,61.0,63.0,64.0,64.0,49.0,68.0,67.0
f_1_1,100,1.03,s,4,EPP-SL,1,434.0,900.5851945877075,0.002304147465437788,52.0,61.0,58.0,59.0,51.0,40.0,59.0,54.0
f_1_1,100,0.95,s,5,EPP-SL,1,565.0,900.9788842201233,0.007079646017699115,71.0,70.0,72.0,73.0,73.0,61.0,68.0,77.0
f_1_1,100,0.99,s,5,EPP-SL,1,495.0,585.294905424118,0.0,62.0,61.0,63.0,64.0,64.0,49.0,68.0,64.0
f_1_1,100,1.03,s,5,EPP-SL,1,432.0,900.558167219162,0.0023148148148148147,52.0,61.0,58.0,59.0,49.0,40.0,59.0,54.0
f_1_1,100,0.95,s,6,EPP-SL,1,651.0,900.499519109726,0.006144393241167435,80.0,73.0,86.0,86.0,82.0,74.0,81.0,89.0
f_1_1,100,0.99,s,6,EPP-SL,1,558.0,900.5760083198547,0.007168458781362007,67.0,61.0,74.0,73.0,73.0,61.0,72.0,77.0
f_1_1,100,1.03,s,6,EPP-SL,1,489.0,900.6200323104858,0.00408997955010225,56.0,61.0,63.0,64.0,64.0,49.0,68.0,64.0
f_1_1,100,0.95,s,7,EPP-SL,1,651.0,900.5408680438995,0.004608294930875576,80.0,73.0,86.0,86.0,82.0,74.0,81.0,89.0
f_1_1,100,0.99,s,7,EPP-SL,1,561.0,900.5941512584686,0.0017825311942959,71.0,61.0,72.0,73.0,73.0,62.0,72.0,77.0
f_1_1,100,1.03,s,7,EPP-SL,1,489.0,900.6090445518494,0.00408997955010225,56.0,61.0,63.0,64.0,64.0,49.0,68.0,64.0
f_1_1,100,0.95,s,8,EPP-SL,1,651.0,900.7985544204712,0.004608294930875576,80.0,73.0,86.0,86.0,82.0,74.0,81.0,89.0
f_1_1,100,0.99,s,8,EPP-SL,1,557.0,900.5632121562958,0.005385996409335727,67.0,61.0,72.0,73.0,73.0,62.0,72.0,77.0
f_1_1,100,1.03,s,8,EPP-SL,1,488.0,456.4982006549835,0.0,61.0,61.0,63.0,64.0,58.0,49.0,68.0,64.0
f_1_1,100,0.95,s,9,EPP-SL,1,659.0,900.5476224422455,0.004552352048558422,80.0,75.0,86.0,86.0,88.0,74.0,81.0,89.0
f_1_1,100,0.99,s,9,EPP-SL,1,563.0,900.5984015464783,0.008880994671403197,71.0,61.0,74.0,73.0,73.0,62.0,72.0,77.0
f_1_1,100,1.03,s,9,EPP-SL,1,495.0,900.9464054107666,0.00404040404040404,62.0,61.0,63.0,64.0,64.0,49.0,68.0,64.0
f_1_1,100,0.95,s,10,EPP-SL,1,654.0,900.5126919746399,0.0045871559633027525,77.0,73.0,86.0,86.0,88.0,74.0,81.0,89.0
f_1_1,100,0.99,s,10,EPP-SL,1,563.0,900.6370811462402,0.003552397868561279,65.0,61.0,72.0,73.0,73.0,61.0,81.0,77.0
f_1_1,100,1.03,s,10,EPP-SL,1,492.0,900.5785984992981,0.0040650406504065045,56.0,61.0,63.0,64.0,64.0,49.0,68.0,67.0
f_1_1,100,0.95,s,11,EPP-SL,1,774.0,70.42787003517151,0.0,98.0,98.0,99.0,95.0,100.0,87.0,99.0,98.0
f_1_1,100,0.99,s,11,EPP-SL,1,657.0,900.815940618515,0.0030441400304414,80.0,73.0,86.0,86.0,88.0,74.0,81.0,89.0
f_1_1,100,1.03,s,11,EPP-SL,1,569.0,900.6292614936829,0.0017574692442882249,71.0,61.0,72.0,73.0,73.0,61.0,81.0,77.0
f_1_1,100,0.95,s,12,EPP-SL,1,768.0,21.34264874458313,0.0,95.0,95.0,99.0,95.0,100.0,87.0,99.0,98.0
f_1_1,100,0.99,s,12,EPP-SL,1,648.0,65.39447212219238,0.010802469135802469,80.0,73.0,86.0,86.0,82.0,74.0,81.0,86.0
